[
   {
      "datain": {
         "T": "(10)"
      },
      "output": {
         "C": [
            10
         ]
      }
   },
   {
      "datain": {
         "T": "(86 (22 (64 32)) 48 (32 20 40) 10)"
      },
      "output": {
         "C": [
            86,
            10
         ]
      }
   },
   {
      "datain": {
         "T": "(62 (83 73) (74 20 33 95) (57 82) 92 (66 10) 63)"
      },
      "output": {
         "C": [
            62,
            66,
            10
         ]
      }
   },
   {
      "datain": {
         "T": "(27 (57 53) (28 46) 10 12 (41 83 39))"
      },
      "output": {
         "C": [
            27,
            10
         ]
      }
   },
   {
      "datain": {
         "T": "(81 (49 63 24 41) (80 44 39 (10 70 40)) (14 (16 22)))"
      },
      "output": {
         "C": [
            81,
            80,
            10
         ]
      }
   },
   {
      "datain": {
         "T": "(65 (29 58) (74 41 10))"
      },
      "output": {
         "C": [
            65,
            74,
            10
         ]
      }
   },
   {
      "datain": {
         "T": "(17 (65 10) (16 (24 25)))"
      },
      "output": {
         "C": [
            17,
            65,
            10
         ]
      }
   },
   {
      "datain": {
         "T": "(17 43 (19 95) (62 92) 10)"
      },
      "output": {
         "C": [
            17,
            10
         ]
      }
   },
   {
      "datain": {
         "T": "(15 (22 (30 88 30 21 60 40) (80 10 (52 21) 60 47)))"
      },
      "output": {
         "C": [
            15,
            22,
            80,
            10
         ]
      }
   },
   {
      "datain": {
         "T": "(71 (13 10 22 22) 48)"
      },
      "output": {
         "C": [
            71,
            13,
            10
         ]
      }
   },
   {
      "datain": {
         "T": "(12 17 22 17 56 48 (84 10 53))"
      },
      "output": {
         "C": [
            12,
            84,
            10
         ]
      }
   },
   {
      "datain": {
         "T": "(49 (23 (22 82 (97 40)) 85 56 10 (40 (37 11 33))))"
      },
      "output": {
         "C": [
            49,
            23,
            10
         ]
      }
   },
   {
      "datain": {
         "T": "(89 64 (34 14) 27 (10 87) (63 68) (60 61))"
      },
      "output": {
         "C": [
            89,
            10
         ]
      }
   },
   {
      "datain": {
         "T": "(59 (10 (63 57)) 44)"
      },
      "output": {
         "C": [
            59,
            10
         ]
      }
   },
   {
      "datain": {
         "T": "(16 (10 48 45) 33 (45 36) (79 40) (31 94))"
      },
      "output": {
         "C": [
            16,
            10
         ]
      }
   },
   {
      "datain": {
         "T": "(78 84 10 (97 88) 41 14 59)"
      },
      "output": {
         "C": [
            78,
            10
         ]
      }
   },
   {
      "datain": {
         "T": "(10 82 (49 60) 40 (72 51) 47)"
      },
      "output": {
         "C": [
            10
         ]
      }
   },
   {
      "datain": {
         "T": "(10 (72 (62 79)) (13 98 (84 22) 85 83))"
      },
      "output": {
         "C": [
            10
         ]
      }
   },
   {
      "datain": {
         "T": "(91 (10 99) 43 75 28 (97 11 42 29))"
      },
      "output": {
         "C": [
            91,
            10
         ]
      }
   },
   {
      "datain": {
         "T": "(25 (10 94) (18 65 65))"
      },
      "output": {
         "C": [
            25,
            10
         ]
      }
   },
   {
      "datain": {
         "T": "(35 (97 25 10 15) (80 65 (70 47)) (40 83 15 52))"
      },
      "output": {
         "C": [
            35,
            97,
            10
         ]
      }
   },
   {
      "datain": {
         "T": "(83 80 10 77 34)"
      },
      "output": {
         "C": [
            83,
            10
         ]
      }
   },
   {
      "datain": {
         "T": "(89 (86 14 22 (93 78 (28 68)) 78 (10 32) 80 30))"
      },
      "output": {
         "C": [
            89,
            86,
            10
         ]
      }
   },
   {
      "datain": {
         "T": "(74 (10 (25 (67 95)) 51 45))"
      },
      "output": {
         "C": [
            74,
            10
         ]
      }
   },
   {
      "datain": {
         "T": "(11 66 (96 (94 65)) (13 (64 10)) 68 (71 13 95))"
      },
      "output": {
         "C": [
            11,
            13,
            64,
            10
         ]
      }
   },
   {
      "datain": {
         "T": "(96 (19 10) 51 56 22)"
      },
      "output": {
         "C": [
            96,
            19,
            10
         ]
      }
   },
   {
      "datain": {
         "T": "(18 44 35 (89 75 31) (73 16 77 10))"
      },
      "output": {
         "C": [
            18,
            73,
            10
         ]
      }
   },
   {
      "datain": {
         "T": "(17 (64 33 60 73 39 10) 27 (94 88) 13 (76 55))"
      },
      "output": {
         "C": [
            17,
            64,
            10
         ]
      }
   },
   {
      "datain": {
         "T": "(86 (57 49) 43 (25 66 57 (17 14)) (73 10 49))"
      },
      "output": {
         "C": [
            86,
            73,
            10
         ]
      }
   },
   {
      "datain": {
         "T": "(98 (43 34) 50 10)"
      },
      "output": {
         "C": [
            98,
            10
         ]
      }
   },
   {
      "datain": {
         "T": "(10 24 95 (61 22))"
      },
      "output": {
         "C": [
            10
         ]
      }
   },
   {
      "datain": {
         "T": "(24 95 (58 87 10) 42)"
      },
      "output": {
         "C": [
            24,
            58,
            10
         ]
      }
   },
   {
      "datain": {
         "T": "(28 11 94 84 10 26)"
      },
      "output": {
         "C": [
            28,
            10
         ]
      }
   },
   {
      "datain": {
         "T": "(95 50 30 80 (32 10))"
      },
      "output": {
         "C": [
            95,
            32,
            10
         ]
      }
   },
   {
      "datain": {
         "T": "(10 (90 15 87 41 (86 23) 12) (66 (96 21) 57 54 42))"
      },
      "output": {
         "C": [
            10
         ]
      }
   },
   {
      "datain": {
         "T": "(10 (33 85 18 47))"
      },
      "output": {
         "C": [
            10
         ]
      }
   },
   {
      "datain": {
         "T": "(13 (71 (41 89) 90) (74 10 89) (65 41 (53 52)))"
      },
      "output": {
         "C": [
            13,
            74,
            10
         ]
      }
   },
   {
      "datain": {
         "T": "(26 (40 71 61 70 (99 10)))"
      },
      "output": {
         "C": [
            26,
            40,
            99,
            10
         ]
      }
   },
   {
      "datain": {
         "T": "(69 (32 10) 22 52)"
      },
      "output": {
         "C": [
            69,
            32,
            10
         ]
      }
   },
   {
      "datain": {
         "T": "(94 32 38 10 (49 66))"
      },
      "output": {
         "C": [
            94,
            10
         ]
      }
   },
   {
      "datain": {
         "T": "(26 10 95 79 68 (60 80) (34 62 24 64))"
      },
      "output": {
         "C": [
            26,
            10
         ]
      }
   },
   {
      "datain": {
         "T": "(86 (78 91) 23 75 (87 73 (74 10)))"
      },
      "output": {
         "C": [
            86,
            87,
            74,
            10
         ]
      }
   },
   {
      "datain": {
         "T": "(98 (75 34 72 10) 99 (18 12))"
      },
      "output": {
         "C": [
            98,
            75,
            10
         ]
      }
   },
   {
      "datain": {
         "T": "(76 29 95 81 64 39 85 (10 78))"
      },
      "output": {
         "C": [
            76,
            10
         ]
      }
   },
   {
      "datain": {
         "T": "(13 (71 (21 10 21 89) (78 (76 48) (81 61)) 57))"
      },
      "output": {
         "C": [
            13,
            71,
            21,
            10
         ]
      }
   },
   {
      "datain": {
         "T": "(28 (12 (57 83)) (25 97 10))"
      },
      "output": {
         "C": [
            28,
            25,
            10
         ]
      }
   },
   {
      "datain": {
         "T": "(42 32 64 (44 10 80) 81 54)"
      },
      "output": {
         "C": [
            42,
            44,
            10
         ]
      }
   },
   {
      "datain": {
         "T": "(81 15 48 (55 30) (16 (43 50)) 80 72 (10 52) 83 18)"
      },
      "output": {
         "C": [
            81,
            10
         ]
      }
   },
   {
      "datain": {
         "T": "(10 (23 71) (76 64) 87 30 69 (35 (59 85) 13 22 30))"
      },
      "output": {
         "C": [
            10
         ]
      }
   },
   {
      "datain": {
         "T": "(63 (14 35) 10 (45 93) 80 (66 95))"
      },
      "output": {
         "C": [
            63,
            10
         ]
      }
   }
]
