[
   {
      "datain": {
         "G_aristas": [
            [
               0,
               1
            ],
            [
               1,
               2
            ],
            [
               2,
               3
            ],
            [
               3,
               10
            ],
            [
               4,
               5
            ],
            [
               5,
               6
            ],
            [
               6,
               7
            ],
            [
               7,
               8
            ],
            [
               8,
               9
            ],
            [
               9,
               10
            ],
            [
               10,
               11
            ],
            [
               11,
               12
            ],
            [
               12,
               0
            ]
         ],
         "G_nodos": [
            0,
            1,
            2,
            3,
            4,
            5,
            6,
            7,
            8,
            9,
            10,
            11,
            12
         ]
      },
      "output": {
         "ret": false
      }
   },
   {
      "datain": {
         "G_aristas": [
            [
               0,
               1
            ],
            [
               1,
               2
            ],
            [
               2,
               3
            ],
            [
               3,
               4
            ],
            [
               4,
               5
            ],
            [
               5,
               6
            ],
            [
               6,
               7
            ],
            [
               7,
               8
            ],
            [
               8,
               13
            ],
            [
               9,
               10
            ],
            [
               10,
               11
            ],
            [
               11,
               12
            ],
            [
               12,
               13
            ],
            [
               13,
               0
            ]
         ],
         "G_nodos": [
            0,
            1,
            2,
            3,
            4,
            5,
            6,
            7,
            8,
            9,
            10,
            11,
            12,
            13
         ]
      },
      "output": {
         "ret": false
      }
   },
   {
      "datain": {
         "G_aristas": [
            [
               0,
               17
            ],
            [
               1,
               2
            ],
            [
               2,
               3
            ],
            [
               3,
               4
            ],
            [
               4,
               5
            ],
            [
               5,
               6
            ],
            [
               6,
               7
            ],
            [
               7,
               8
            ],
            [
               8,
               9
            ],
            [
               9,
               10
            ],
            [
               10,
               11
            ],
            [
               11,
               12
            ],
            [
               12,
               13
            ],
            [
               13,
               14
            ],
            [
               14,
               15
            ],
            [
               15,
               16
            ],
            [
               16,
               17
            ],
            [
               17,
               18
            ],
            [
               18,
               19
            ],
            [
               19,
               20
            ],
            [
               20,
               0
            ]
         ],
         "G_nodos": [
            0,
            1,
            2,
            3,
            4,
            5,
            6,
            7,
            8,
            9,
            10,
            11,
            12,
            13,
            14,
            15,
            16,
            17,
            18,
            19,
            20
         ]
      },
      "output": {
         "ret": false
      }
   },
   {
      "datain": {
         "G_aristas": [
            [
               0,
               1
            ],
            [
               1,
               2
            ],
            [
               2,
               1
            ],
            [
               3,
               0
            ]
         ],
         "G_nodos": [
            0,
            1,
            2,
            3
         ]
      },
      "output": {
         "ret": false
      }
   },
   {
      "datain": {
         "G_aristas": [
            [
               0,
               1
            ],
            [
               1,
               2
            ],
            [
               2,
               3
            ],
            [
               3,
               4
            ],
            [
               4,
               5
            ],
            [
               5,
               6
            ],
            [
               6,
               7
            ],
            [
               7,
               8
            ],
            [
               8,
               9
            ],
            [
               9,
               10
            ],
            [
               10,
               11
            ],
            [
               11,
               12
            ],
            [
               12,
               13
            ],
            [
               13,
               14
            ],
            [
               14,
               15
            ],
            [
               15,
               16
            ],
            [
               16,
               17
            ],
            [
               17,
               18
            ],
            [
               18,
               19
            ],
            [
               19,
               0
            ]
         ],
         "G_nodos": [
            0,
            1,
            2,
            3,
            4,
            5,
            6,
            7,
            8,
            9,
            10,
            11,
            12,
            13,
            14,
            15,
            16,
            17,
            18,
            19
         ]
      },
      "output": {
         "ret": true
      }
   },
   {
      "datain": {
         "G_aristas": [
            [
               0,
               1
            ],
            [
               1,
               2
            ],
            [
               2,
               2
            ]
         ],
         "G_nodos": [
            0,
            1,
            2
         ]
      },
      "output": {
         "ret": false
      }
   },
   {
      "datain": {
         "G_aristas": [],
         "G_nodos": []
      },
      "output": {
         "ret": false
      }
   },
   {
      "datain": {
         "G_aristas": [
            [
               0,
               1
            ],
            [
               1,
               0
            ]
         ],
         "G_nodos": [
            0,
            1
         ]
      },
      "output": {
         "ret": false
      }
   },
   {
      "datain": {
         "G_aristas": [
            [
               0,
               0
            ],
            [
               1,
               2
            ],
            [
               2,
               0
            ]
         ],
         "G_nodos": [
            0,
            1,
            2
         ]
      },
      "output": {
         "ret": false
      }
   },
   {
      "datain": {
         "G_aristas": [],
         "G_nodos": []
      },
      "output": {
         "ret": false
      }
   },
   {
      "datain": {
         "G_aristas": [
            [
               0,
               1
            ],
            [
               1,
               2
            ],
            [
               2,
               3
            ],
            [
               3,
               4
            ],
            [
               4,
               5
            ],
            [
               5,
               6
            ],
            [
               6,
               7
            ],
            [
               7,
               8
            ],
            [
               8,
               9
            ],
            [
               9,
               0
            ]
         ],
         "G_nodos": [
            0,
            1,
            2,
            3,
            4,
            5,
            6,
            7,
            8,
            9
         ]
      },
      "output": {
         "ret": true
      }
   },
   {
      "datain": {
         "G_aristas": [],
         "G_nodos": []
      },
      "output": {
         "ret": false
      }
   },
   {
      "datain": {
         "G_aristas": [
            [
               0,
               1
            ],
            [
               1,
               2
            ],
            [
               2,
               3
            ],
            [
               3,
               4
            ],
            [
               4,
               5
            ],
            [
               5,
               6
            ],
            [
               6,
               0
            ]
         ],
         "G_nodos": [
            0,
            1,
            2,
            3,
            4,
            5,
            6
         ]
      },
      "output": {
         "ret": true
      }
   },
   {
      "datain": {
         "G_aristas": [
            [
               0,
               1
            ],
            [
               1,
               0
            ],
            [
               2,
               3
            ],
            [
               3,
               4
            ],
            [
               4,
               0
            ]
         ],
         "G_nodos": [
            0,
            1,
            2,
            3,
            4
         ]
      },
      "output": {
         "ret": false
      }
   },
   {
      "datain": {
         "G_aristas": [
            [
               0,
               1
            ],
            [
               1,
               2
            ],
            [
               2,
               11
            ],
            [
               3,
               4
            ],
            [
               4,
               5
            ],
            [
               5,
               6
            ],
            [
               6,
               7
            ],
            [
               7,
               8
            ],
            [
               8,
               9
            ],
            [
               9,
               10
            ],
            [
               10,
               11
            ],
            [
               11,
               12
            ],
            [
               12,
               13
            ],
            [
               13,
               14
            ],
            [
               14,
               15
            ],
            [
               15,
               16
            ],
            [
               16,
               0
            ]
         ],
         "G_nodos": [
            0,
            1,
            2,
            3,
            4,
            5,
            6,
            7,
            8,
            9,
            10,
            11,
            12,
            13,
            14,
            15,
            16
         ]
      },
      "output": {
         "ret": false
      }
   },
   {
      "datain": {
         "G_aristas": [
            [
               0,
               1
            ],
            [
               1,
               2
            ],
            [
               2,
               13
            ],
            [
               3,
               4
            ],
            [
               4,
               5
            ],
            [
               5,
               6
            ],
            [
               6,
               7
            ],
            [
               7,
               8
            ],
            [
               8,
               9
            ],
            [
               9,
               10
            ],
            [
               10,
               11
            ],
            [
               11,
               12
            ],
            [
               12,
               13
            ],
            [
               13,
               0
            ]
         ],
         "G_nodos": [
            0,
            1,
            2,
            3,
            4,
            5,
            6,
            7,
            8,
            9,
            10,
            11,
            12,
            13
         ]
      },
      "output": {
         "ret": false
      }
   },
   {
      "datain": {
         "G_aristas": [
            [
               0,
               1
            ],
            [
               1,
               2
            ],
            [
               2,
               3
            ],
            [
               3,
               4
            ],
            [
               4,
               7
            ],
            [
               5,
               6
            ],
            [
               6,
               7
            ],
            [
               7,
               8
            ],
            [
               8,
               9
            ],
            [
               9,
               10
            ],
            [
               10,
               11
            ],
            [
               11,
               12
            ],
            [
               12,
               0
            ]
         ],
         "G_nodos": [
            0,
            1,
            2,
            3,
            4,
            5,
            6,
            7,
            8,
            9,
            10,
            11,
            12
         ]
      },
      "output": {
         "ret": false
      }
   },
   {
      "datain": {
         "G_aristas": [
            [
               0,
               1
            ],
            [
               1,
               2
            ],
            [
               2,
               3
            ],
            [
               3,
               4
            ],
            [
               4,
               5
            ],
            [
               5,
               6
            ],
            [
               6,
               7
            ],
            [
               7,
               8
            ],
            [
               8,
               9
            ],
            [
               9,
               10
            ],
            [
               10,
               11
            ],
            [
               11,
               12
            ],
            [
               12,
               13
            ],
            [
               13,
               14
            ],
            [
               14,
               15
            ],
            [
               15,
               16
            ],
            [
               16,
               17
            ],
            [
               17,
               18
            ],
            [
               18,
               19
            ],
            [
               19,
               20
            ],
            [
               20,
               21
            ],
            [
               21,
               22
            ],
            [
               22,
               0
            ]
         ],
         "G_nodos": [
            0,
            1,
            2,
            3,
            4,
            5,
            6,
            7,
            8,
            9,
            10,
            11,
            12,
            13,
            14,
            15,
            16,
            17,
            18,
            19,
            20,
            21,
            22
         ]
      },
      "output": {
         "ret": true
      }
   },
   {
      "datain": {
         "G_aristas": [
            [
               0,
               1
            ],
            [
               1,
               2
            ],
            [
               2,
               3
            ],
            [
               3,
               4
            ],
            [
               4,
               5
            ],
            [
               5,
               6
            ],
            [
               6,
               7
            ],
            [
               7,
               8
            ],
            [
               8,
               9
            ],
            [
               9,
               10
            ],
            [
               10,
               0
            ]
         ],
         "G_nodos": [
            0,
            1,
            2,
            3,
            4,
            5,
            6,
            7,
            8,
            9,
            10
         ]
      },
      "output": {
         "ret": true
      }
   },
   {
      "datain": {
         "G_aristas": [
            [
               0,
               0
            ]
         ],
         "G_nodos": [
            0
         ]
      },
      "output": {
         "ret": false
      }
   },
   {
      "datain": {
         "G_aristas": [
            [
               0,
               1
            ],
            [
               1,
               2
            ],
            [
               2,
               3
            ],
            [
               3,
               4
            ],
            [
               4,
               5
            ],
            [
               5,
               6
            ],
            [
               6,
               7
            ],
            [
               7,
               8
            ],
            [
               8,
               9
            ],
            [
               9,
               10
            ],
            [
               10,
               11
            ],
            [
               11,
               12
            ],
            [
               12,
               13
            ],
            [
               13,
               14
            ],
            [
               14,
               0
            ]
         ],
         "G_nodos": [
            0,
            1,
            2,
            3,
            4,
            5,
            6,
            7,
            8,
            9,
            10,
            11,
            12,
            13,
            14
         ]
      },
      "output": {
         "ret": true
      }
   },
   {
      "datain": {
         "G_aristas": [
            [
               0,
               1
            ],
            [
               1,
               2
            ],
            [
               2,
               3
            ],
            [
               3,
               4
            ],
            [
               4,
               5
            ],
            [
               5,
               6
            ],
            [
               6,
               7
            ],
            [
               7,
               8
            ],
            [
               8,
               9
            ],
            [
               9,
               10
            ],
            [
               10,
               11
            ],
            [
               11,
               12
            ],
            [
               12,
               13
            ],
            [
               13,
               14
            ],
            [
               14,
               15
            ],
            [
               15,
               16
            ],
            [
               16,
               17
            ],
            [
               17,
               0
            ]
         ],
         "G_nodos": [
            0,
            1,
            2,
            3,
            4,
            5,
            6,
            7,
            8,
            9,
            10,
            11,
            12,
            13,
            14,
            15,
            16,
            17
         ]
      },
      "output": {
         "ret": true
      }
   },
   {
      "datain": {
         "G_aristas": [
            [
               0,
               1
            ],
            [
               1,
               2
            ],
            [
               2,
               3
            ],
            [
               3,
               4
            ],
            [
               4,
               5
            ],
            [
               5,
               6
            ],
            [
               6,
               7
            ],
            [
               7,
               8
            ],
            [
               8,
               9
            ],
            [
               9,
               10
            ],
            [
               10,
               11
            ],
            [
               11,
               12
            ],
            [
               12,
               13
            ],
            [
               13,
               14
            ],
            [
               14,
               15
            ],
            [
               15,
               16
            ],
            [
               16,
               8
            ],
            [
               17,
               0
            ]
         ],
         "G_nodos": [
            0,
            1,
            2,
            3,
            4,
            5,
            6,
            7,
            8,
            9,
            10,
            11,
            12,
            13,
            14,
            15,
            16,
            17
         ]
      },
      "output": {
         "ret": false
      }
   },
   {
      "datain": {
         "G_aristas": [
            [
               0,
               1
            ],
            [
               1,
               2
            ],
            [
               2,
               0
            ],
            [
               3,
               4
            ],
            [
               4,
               5
            ],
            [
               5,
               6
            ],
            [
               6,
               7
            ],
            [
               7,
               8
            ],
            [
               8,
               0
            ]
         ],
         "G_nodos": [
            0,
            1,
            2,
            3,
            4,
            5,
            6,
            7,
            8
         ]
      },
      "output": {
         "ret": false
      }
   },
   {
      "datain": {
         "G_aristas": [
            [
               0,
               1
            ],
            [
               1,
               2
            ],
            [
               2,
               3
            ],
            [
               3,
               4
            ],
            [
               4,
               5
            ],
            [
               5,
               6
            ],
            [
               6,
               7
            ],
            [
               7,
               8
            ],
            [
               8,
               9
            ],
            [
               9,
               10
            ],
            [
               10,
               11
            ],
            [
               11,
               12
            ],
            [
               12,
               13
            ],
            [
               13,
               14
            ],
            [
               14,
               15
            ],
            [
               15,
               16
            ],
            [
               16,
               17
            ],
            [
               17,
               18
            ],
            [
               18,
               0
            ]
         ],
         "G_nodos": [
            0,
            1,
            2,
            3,
            4,
            5,
            6,
            7,
            8,
            9,
            10,
            11,
            12,
            13,
            14,
            15,
            16,
            17,
            18
         ]
      },
      "output": {
         "ret": true
      }
   },
   {
      "datain": {
         "G_aristas": [
            [
               0,
               1
            ],
            [
               1,
               2
            ],
            [
               2,
               3
            ],
            [
               3,
               4
            ],
            [
               4,
               5
            ],
            [
               5,
               6
            ],
            [
               6,
               7
            ],
            [
               7,
               8
            ],
            [
               8,
               9
            ],
            [
               9,
               10
            ],
            [
               10,
               11
            ],
            [
               11,
               12
            ],
            [
               12,
               13
            ],
            [
               13,
               0
            ]
         ],
         "G_nodos": [
            0,
            1,
            2,
            3,
            4,
            5,
            6,
            7,
            8,
            9,
            10,
            11,
            12,
            13
         ]
      },
      "output": {
         "ret": true
      }
   },
   {
      "datain": {
         "G_aristas": [
            [
               0,
               1
            ],
            [
               1,
               2
            ],
            [
               2,
               3
            ],
            [
               3,
               0
            ]
         ],
         "G_nodos": [
            0,
            1,
            2,
            3
         ]
      },
      "output": {
         "ret": true
      }
   },
   {
      "datain": {
         "G_aristas": [
            [
               0,
               1
            ],
            [
               1,
               2
            ],
            [
               2,
               3
            ],
            [
               3,
               4
            ],
            [
               4,
               5
            ],
            [
               5,
               6
            ],
            [
               6,
               0
            ]
         ],
         "G_nodos": [
            0,
            1,
            2,
            3,
            4,
            5,
            6
         ]
      },
      "output": {
         "ret": true
      }
   },
   {
      "datain": {
         "G_aristas": [
            [
               0,
               1
            ],
            [
               1,
               2
            ],
            [
               2,
               3
            ],
            [
               3,
               4
            ],
            [
               4,
               5
            ],
            [
               5,
               6
            ],
            [
               6,
               7
            ],
            [
               7,
               8
            ],
            [
               8,
               1
            ],
            [
               9,
               10
            ],
            [
               10,
               0
            ]
         ],
         "G_nodos": [
            0,
            1,
            2,
            3,
            4,
            5,
            6,
            7,
            8,
            9,
            10
         ]
      },
      "output": {
         "ret": false
      }
   },
   {
      "datain": {
         "G_aristas": [
            [
               0,
               1
            ],
            [
               1,
               2
            ],
            [
               2,
               3
            ],
            [
               3,
               4
            ],
            [
               4,
               5
            ],
            [
               5,
               6
            ],
            [
               6,
               7
            ],
            [
               7,
               8
            ],
            [
               8,
               9
            ],
            [
               9,
               10
            ],
            [
               10,
               11
            ],
            [
               11,
               12
            ],
            [
               12,
               13
            ],
            [
               13,
               14
            ],
            [
               14,
               17
            ],
            [
               15,
               16
            ],
            [
               16,
               17
            ],
            [
               17,
               18
            ],
            [
               18,
               0
            ]
         ],
         "G_nodos": [
            0,
            1,
            2,
            3,
            4,
            5,
            6,
            7,
            8,
            9,
            10,
            11,
            12,
            13,
            14,
            15,
            16,
            17,
            18
         ]
      },
      "output": {
         "ret": false
      }
   },
   {
      "datain": {
         "G_aristas": [
            [
               0,
               1
            ],
            [
               1,
               2
            ],
            [
               2,
               3
            ],
            [
               3,
               4
            ],
            [
               4,
               5
            ],
            [
               5,
               6
            ],
            [
               6,
               7
            ],
            [
               7,
               8
            ],
            [
               8,
               9
            ],
            [
               9,
               10
            ],
            [
               10,
               11
            ],
            [
               11,
               0
            ]
         ],
         "G_nodos": [
            0,
            1,
            2,
            3,
            4,
            5,
            6,
            7,
            8,
            9,
            10,
            11
         ]
      },
      "output": {
         "ret": true
      }
   },
   {
      "datain": {
         "G_aristas": [
            [
               0,
               1
            ],
            [
               1,
               2
            ],
            [
               2,
               3
            ],
            [
               3,
               4
            ],
            [
               4,
               5
            ],
            [
               5,
               6
            ],
            [
               6,
               7
            ],
            [
               7,
               8
            ],
            [
               8,
               9
            ],
            [
               9,
               10
            ],
            [
               10,
               11
            ],
            [
               11,
               0
            ]
         ],
         "G_nodos": [
            0,
            1,
            2,
            3,
            4,
            5,
            6,
            7,
            8,
            9,
            10,
            11
         ]
      },
      "output": {
         "ret": true
      }
   },
   {
      "datain": {
         "G_aristas": [
            [
               0,
               1
            ],
            [
               1,
               2
            ],
            [
               2,
               3
            ],
            [
               3,
               4
            ],
            [
               4,
               5
            ],
            [
               5,
               6
            ],
            [
               6,
               7
            ],
            [
               7,
               8
            ],
            [
               8,
               9
            ],
            [
               9,
               10
            ],
            [
               10,
               11
            ],
            [
               11,
               12
            ],
            [
               12,
               13
            ],
            [
               13,
               14
            ],
            [
               14,
               15
            ],
            [
               15,
               16
            ],
            [
               16,
               17
            ],
            [
               17,
               0
            ]
         ],
         "G_nodos": [
            0,
            1,
            2,
            3,
            4,
            5,
            6,
            7,
            8,
            9,
            10,
            11,
            12,
            13,
            14,
            15,
            16,
            17
         ]
      },
      "output": {
         "ret": true
      }
   },
   {
      "datain": {
         "G_aristas": [
            [
               0,
               1
            ],
            [
               1,
               0
            ]
         ],
         "G_nodos": [
            0,
            1
         ]
      },
      "output": {
         "ret": false
      }
   },
   {
      "datain": {
         "G_aristas": [
            [
               0,
               1
            ],
            [
               1,
               2
            ],
            [
               2,
               3
            ],
            [
               3,
               4
            ],
            [
               4,
               5
            ],
            [
               5,
               6
            ],
            [
               6,
               7
            ],
            [
               7,
               8
            ],
            [
               8,
               9
            ],
            [
               9,
               10
            ],
            [
               10,
               11
            ],
            [
               11,
               12
            ],
            [
               12,
               0
            ]
         ],
         "G_nodos": [
            0,
            1,
            2,
            3,
            4,
            5,
            6,
            7,
            8,
            9,
            10,
            11,
            12
         ]
      },
      "output": {
         "ret": true
      }
   },
   {
      "datain": {
         "G_aristas": [
            [
               0,
               1
            ],
            [
               1,
               2
            ],
            [
               2,
               3
            ],
            [
               3,
               4
            ],
            [
               4,
               5
            ],
            [
               5,
               6
            ],
            [
               6,
               7
            ],
            [
               7,
               8
            ],
            [
               8,
               9
            ],
            [
               9,
               10
            ],
            [
               10,
               11
            ],
            [
               11,
               12
            ],
            [
               12,
               13
            ],
            [
               13,
               14
            ],
            [
               14,
               0
            ]
         ],
         "G_nodos": [
            0,
            1,
            2,
            3,
            4,
            5,
            6,
            7,
            8,
            9,
            10,
            11,
            12,
            13,
            14
         ]
      },
      "output": {
         "ret": true
      }
   },
   {
      "datain": {
         "G_aristas": [
            [
               0,
               1
            ],
            [
               1,
               2
            ],
            [
               2,
               3
            ],
            [
               3,
               4
            ],
            [
               4,
               5
            ],
            [
               5,
               6
            ],
            [
               6,
               7
            ],
            [
               7,
               8
            ],
            [
               8,
               9
            ],
            [
               9,
               10
            ],
            [
               10,
               11
            ],
            [
               11,
               12
            ],
            [
               12,
               13
            ],
            [
               13,
               14
            ],
            [
               14,
               15
            ],
            [
               15,
               16
            ],
            [
               16,
               17
            ],
            [
               17,
               18
            ],
            [
               18,
               19
            ],
            [
               19,
               20
            ],
            [
               20,
               21
            ],
            [
               21,
               22
            ],
            [
               22,
               0
            ]
         ],
         "G_nodos": [
            0,
            1,
            2,
            3,
            4,
            5,
            6,
            7,
            8,
            9,
            10,
            11,
            12,
            13,
            14,
            15,
            16,
            17,
            18,
            19,
            20,
            21,
            22
         ]
      },
      "output": {
         "ret": true
      }
   },
   {
      "datain": {
         "G_aristas": [
            [
               0,
               0
            ],
            [
               1,
               0
            ]
         ],
         "G_nodos": [
            0,
            1
         ]
      },
      "output": {
         "ret": false
      }
   },
   {
      "datain": {
         "G_aristas": [
            [
               0,
               1
            ],
            [
               1,
               2
            ],
            [
               2,
               3
            ],
            [
               3,
               4
            ],
            [
               4,
               5
            ],
            [
               5,
               6
            ],
            [
               6,
               7
            ],
            [
               7,
               8
            ],
            [
               8,
               9
            ],
            [
               9,
               10
            ],
            [
               10,
               11
            ],
            [
               11,
               12
            ],
            [
               12,
               13
            ],
            [
               13,
               14
            ],
            [
               14,
               15
            ],
            [
               15,
               0
            ]
         ],
         "G_nodos": [
            0,
            1,
            2,
            3,
            4,
            5,
            6,
            7,
            8,
            9,
            10,
            11,
            12,
            13,
            14,
            15
         ]
      },
      "output": {
         "ret": true
      }
   },
   {
      "datain": {
         "G_aristas": [
            [
               0,
               1
            ],
            [
               1,
               2
            ],
            [
               2,
               3
            ],
            [
               3,
               4
            ],
            [
               4,
               5
            ],
            [
               5,
               6
            ],
            [
               6,
               7
            ],
            [
               7,
               8
            ],
            [
               8,
               9
            ],
            [
               9,
               10
            ],
            [
               10,
               11
            ],
            [
               11,
               12
            ],
            [
               12,
               13
            ],
            [
               13,
               14
            ],
            [
               14,
               15
            ],
            [
               15,
               16
            ],
            [
               16,
               2
            ],
            [
               17,
               18
            ],
            [
               18,
               19
            ],
            [
               19,
               20
            ],
            [
               20,
               21
            ],
            [
               21,
               22
            ],
            [
               22,
               23
            ],
            [
               23,
               0
            ]
         ],
         "G_nodos": [
            0,
            1,
            2,
            3,
            4,
            5,
            6,
            7,
            8,
            9,
            10,
            11,
            12,
            13,
            14,
            15,
            16,
            17,
            18,
            19,
            20,
            21,
            22,
            23
         ]
      },
      "output": {
         "ret": false
      }
   },
   {
      "datain": {
         "G_aristas": [
            [
               0,
               1
            ],
            [
               1,
               2
            ],
            [
               2,
               3
            ],
            [
               3,
               4
            ],
            [
               4,
               15
            ],
            [
               5,
               6
            ],
            [
               6,
               7
            ],
            [
               7,
               8
            ],
            [
               8,
               9
            ],
            [
               9,
               10
            ],
            [
               10,
               11
            ],
            [
               11,
               12
            ],
            [
               12,
               13
            ],
            [
               13,
               14
            ],
            [
               14,
               15
            ],
            [
               15,
               16
            ],
            [
               16,
               17
            ],
            [
               17,
               18
            ],
            [
               18,
               0
            ]
         ],
         "G_nodos": [
            0,
            1,
            2,
            3,
            4,
            5,
            6,
            7,
            8,
            9,
            10,
            11,
            12,
            13,
            14,
            15,
            16,
            17,
            18
         ]
      },
      "output": {
         "ret": false
      }
   },
   {
      "datain": {
         "G_aristas": [
            [
               0,
               1
            ],
            [
               1,
               2
            ],
            [
               2,
               3
            ],
            [
               3,
               2
            ],
            [
               4,
               5
            ],
            [
               5,
               6
            ],
            [
               6,
               7
            ],
            [
               7,
               8
            ],
            [
               8,
               9
            ],
            [
               9,
               10
            ],
            [
               10,
               0
            ]
         ],
         "G_nodos": [
            0,
            1,
            2,
            3,
            4,
            5,
            6,
            7,
            8,
            9,
            10
         ]
      },
      "output": {
         "ret": false
      }
   },
   {
      "datain": {
         "G_aristas": [
            [
               0,
               1
            ],
            [
               1,
               2
            ],
            [
               2,
               4
            ],
            [
               3,
               4
            ],
            [
               4,
               5
            ],
            [
               5,
               6
            ],
            [
               6,
               7
            ],
            [
               7,
               0
            ]
         ],
         "G_nodos": [
            0,
            1,
            2,
            3,
            4,
            5,
            6,
            7
         ]
      },
      "output": {
         "ret": false
      }
   },
   {
      "datain": {
         "G_aristas": [
            [
               0,
               1
            ],
            [
               1,
               2
            ],
            [
               2,
               0
            ],
            [
               3,
               4
            ],
            [
               4,
               5
            ],
            [
               5,
               0
            ]
         ],
         "G_nodos": [
            0,
            1,
            2,
            3,
            4,
            5
         ]
      },
      "output": {
         "ret": false
      }
   },
   {
      "datain": {
         "G_aristas": [
            [
               0,
               1
            ],
            [
               1,
               2
            ],
            [
               2,
               3
            ],
            [
               3,
               0
            ]
         ],
         "G_nodos": [
            0,
            1,
            2,
            3
         ]
      },
      "output": {
         "ret": true
      }
   },
   {
      "datain": {
         "G_aristas": [
            [
               0,
               1
            ],
            [
               1,
               2
            ],
            [
               2,
               3
            ],
            [
               3,
               4
            ],
            [
               4,
               5
            ],
            [
               5,
               6
            ],
            [
               6,
               7
            ],
            [
               7,
               8
            ],
            [
               8,
               9
            ],
            [
               9,
               10
            ],
            [
               10,
               11
            ],
            [
               11,
               12
            ],
            [
               12,
               13
            ],
            [
               13,
               14
            ],
            [
               14,
               15
            ],
            [
               15,
               16
            ],
            [
               16,
               17
            ],
            [
               17,
               18
            ],
            [
               18,
               19
            ],
            [
               19,
               20
            ],
            [
               20,
               21
            ],
            [
               21,
               22
            ],
            [
               22,
               0
            ]
         ],
         "G_nodos": [
            0,
            1,
            2,
            3,
            4,
            5,
            6,
            7,
            8,
            9,
            10,
            11,
            12,
            13,
            14,
            15,
            16,
            17,
            18,
            19,
            20,
            21,
            22
         ]
      },
      "output": {
         "ret": true
      }
   },
   {
      "datain": {
         "G_aristas": [
            [
               0,
               1
            ],
            [
               1,
               2
            ],
            [
               2,
               3
            ],
            [
               3,
               4
            ],
            [
               4,
               5
            ],
            [
               5,
               6
            ],
            [
               6,
               7
            ],
            [
               7,
               8
            ],
            [
               8,
               9
            ],
            [
               9,
               0
            ]
         ],
         "G_nodos": [
            0,
            1,
            2,
            3,
            4,
            5,
            6,
            7,
            8,
            9
         ]
      },
      "output": {
         "ret": true
      }
   },
   {
      "datain": {
         "G_aristas": [
            [
               0,
               1
            ],
            [
               1,
               2
            ],
            [
               2,
               3
            ],
            [
               3,
               14
            ],
            [
               4,
               5
            ],
            [
               5,
               6
            ],
            [
               6,
               7
            ],
            [
               7,
               8
            ],
            [
               8,
               9
            ],
            [
               9,
               10
            ],
            [
               10,
               11
            ],
            [
               11,
               12
            ],
            [
               12,
               13
            ],
            [
               13,
               14
            ],
            [
               14,
               15
            ],
            [
               15,
               16
            ],
            [
               16,
               17
            ],
            [
               17,
               18
            ],
            [
               18,
               0
            ]
         ],
         "G_nodos": [
            0,
            1,
            2,
            3,
            4,
            5,
            6,
            7,
            8,
            9,
            10,
            11,
            12,
            13,
            14,
            15,
            16,
            17,
            18
         ]
      },
      "output": {
         "ret": false
      }
   },
   {
      "datain": {
         "G_aristas": [
            [
               0,
               1
            ],
            [
               1,
               2
            ],
            [
               2,
               3
            ],
            [
               3,
               4
            ],
            [
               4,
               5
            ],
            [
               5,
               6
            ],
            [
               6,
               7
            ],
            [
               7,
               8
            ],
            [
               8,
               9
            ],
            [
               9,
               10
            ],
            [
               10,
               11
            ],
            [
               11,
               12
            ],
            [
               12,
               13
            ],
            [
               13,
               14
            ],
            [
               14,
               15
            ],
            [
               15,
               16
            ],
            [
               16,
               17
            ],
            [
               17,
               18
            ],
            [
               18,
               19
            ],
            [
               19,
               20
            ],
            [
               20,
               21
            ],
            [
               21,
               0
            ]
         ],
         "G_nodos": [
            0,
            1,
            2,
            3,
            4,
            5,
            6,
            7,
            8,
            9,
            10,
            11,
            12,
            13,
            14,
            15,
            16,
            17,
            18,
            19,
            20,
            21
         ]
      },
      "output": {
         "ret": true
      }
   },
   {
      "datain": {
         "G_aristas": [
            [
               0,
               1
            ],
            [
               1,
               2
            ],
            [
               2,
               3
            ],
            [
               3,
               4
            ],
            [
               4,
               5
            ],
            [
               5,
               6
            ],
            [
               6,
               7
            ],
            [
               7,
               8
            ],
            [
               8,
               9
            ],
            [
               9,
               10
            ],
            [
               10,
               11
            ],
            [
               11,
               12
            ],
            [
               12,
               13
            ],
            [
               13,
               14
            ],
            [
               14,
               15
            ],
            [
               15,
               16
            ],
            [
               16,
               0
            ]
         ],
         "G_nodos": [
            0,
            1,
            2,
            3,
            4,
            5,
            6,
            7,
            8,
            9,
            10,
            11,
            12,
            13,
            14,
            15,
            16
         ]
      },
      "output": {
         "ret": true
      }
   }
]
