[
   {
      "datain": {
         "T": "(1 (13 . 12) (2 . 7))",
         "pred": "es_impar"
      },
      "output": {
         "T": "(12 (12 . 12) 2)"
      }
   },
   {
      "datain": {
         "T": "(3 (9 (8 10 (10 (14 1 .) .)) (9 (11 . 11) .)) (13 (6 9 6) .))",
         "pred": "es_multiplo_de_4"
      },
      "output": {
         "T": "(3 (9 (10 10 (10 (14 1 .) .)) (9 (11 . 11) .)) (13 (6 9 6) .))"
      }
   },
   {
      "datain": {
         "T": "(2 (0 (9 (3 12 .) .) (0 5 6)) (15 (11 . (7 1 .)) (13 14 .)))",
         "pred": "es_par"
      },
      "output": {
         "T": "(9 (9 (9 3 .) (5 5 .)) (15 (11 . (7 1 .)) 13))"
      }
   },
   {
      "datain": {
         "T": "(10 (14 3 0) (5 (12 . 11) (4 (1 . (0 (13 0 .) .)) (15 15 .))))",
         "pred": "es_multiplo_de_4"
      },
      "output": {
         "T": "(10 (14 3 .) (5 (11 . 11) (1 (1 . (13 13 .)) (15 15 .))))"
      }
   },
   {
      "datain": {
         "T": "(7 (9 (9 (9 6 (14 14 .)) .) 9) (2 2 2))",
         "pred": "es_menor_que_10"
      },
      "output": {
         "T": "(14 (14 (14 (14 . (14 14 .)) .) .) .)"
      }
   },
   {
      "datain": {
         "T": "(14 (1 (0 . 6) (15 (6 . 0) .)) (6 (5 . (6 . 1)) 14))",
         "pred": "es_multiplo_de_4"
      },
      "output": {
         "T": "(14 (1 (6 . 6) (15 6 .)) (6 (5 . (6 . 1)) 14))"
      }
   },
   {
      "datain": {
         "T": "(3 9 (1 (15 10 (9 6 .)) .))",
         "pred": "es_menor_que_10"
      },
      "output": {
         "T": "(15 . (15 (15 10 .) .))"
      }
   },
   {
      "datain": {
         "T": "(4 5 (9 . (8 (12 . 5) .)))",
         "pred": "es_multiplo_de_4"
      },
      "output": {
         "T": "(5 5 (9 . (5 (5 . 5) .)))"
      }
   },
   {
      "datain": {
         "T": "(12 6 (6 (10 (2 . 15) .) .))",
         "pred": "es_menor_que_10"
      },
      "output": {
         "T": "(12 . (10 (10 (15 . 15) .) .))"
      }
   },
   {
      "datain": {
         "T": "(4 (6 9 (4 (13 . (2 (1 . (4 (2 . 5) .)) .)) .)) (5 (8 1 .) (6 . 10)))",
         "pred": "es_multiplo_de_4"
      },
      "output": {
         "T": "(6 (6 9 (13 (13 . (2 (1 . (2 (2 . 5) .)) .)) .)) (5 (1 1 .) (6 . 10)))"
      }
   },
   {
      "datain": {
         "T": "(15 (3 (7 6 .) .) (13 (5 (1 . 9) 5) 11))",
         "pred": "es_primo"
      },
      "output": {
         "T": "(15 (6 (6 6 .) .) (9 (9 (9 . 9) .) .))"
      }
   },
   {
      "datain": {
         "T": "(10 (15 (1 13 .) .) (1 . 0))",
         "pred": "es_menor_que_10"
      },
      "output": {
         "T": "(10 (15 (13 13 .) .) .)"
      }
   },
   {
      "datain": {
         "T": "(6 (7 . (10 8 .)) 1)",
         "pred": "es_cero"
      },
      "output": {
         "T": "(6 (7 . (10 8 .)) 1)"
      }
   },
   {
      "datain": {
         "T": "(3 (11 (7 . 12) (12 6 .)) (2 (13 (14 . (4 8 (7 . (8 (1 . 15) .)))) .) (5 (12 4 .) .)))",
         "pred": "es_multiplo_de_4"
      },
      "output": {
         "T": "(3 (11 7 (6 6 .)) (2 (13 (14 . (7 . (7 . (1 (1 . 15) .)))) .) 5))"
      }
   },
   {
      "datain": {
         "T": "(13 (11 (0 (3 11 (11 2 .)) .) .) (13 . (7 6 .)))",
         "pred": "es_primo"
      },
      "output": {
         "T": "(0 (0 0 .) (6 . (6 6 .)))"
      }
   },
   {
      "datain": {
         "T": "(7 (13 3 8) 3)",
         "pred": "es_par"
      },
      "output": {
         "T": "(7 (13 3 .) 3)"
      }
   },
   {
      "datain": {
         "T": "(4 (14 . (8 (1 . 15) 2)) (10 (11 (12 (11 . 0) 0) .) (13 . 4)))",
         "pred": "es_menor_que_10"
      },
      "output": {
         "T": "(14 (14 . (15 (15 . 15) .)) (10 (11 (12 11 .) .) 13))"
      }
   },
   {
      "datain": {
         "T": "(15 (14 7 .) 0)",
         "pred": "es_cero"
      },
      "output": {
         "T": "(15 (14 7 .) .)"
      }
   },
   {
      "datain": {
         "T": "(2 12 (12 5 .))",
         "pred": "es_par"
      },
      "output": {
         "T": "(5 . (5 5 .))"
      }
   },
   {
      "datain": {
         "T": "(7 (12 9 (8 . 5)) (11 (0 9 15) 14))",
         "pred": "es_menor_que_10"
      },
      "output": {
         "T": "(12 12 (11 (15 . 15) 14))"
      }
   },
   {
      "datain": {
         "T": "(1 (5 (9 . (12 . 10)) .) (0 2 (14 (4 15 12) .)))",
         "pred": "es_impar"
      },
      "output": {
         "T": "(12 (12 (12 . (12 . 10)) .) (0 2 (14 (4 . 12) .)))"
      }
   },
   {
      "datain": {
         "T": "(11 4 (11 4 (5 (12 (15 . 8) .) .)))",
         "pred": "es_impar"
      },
      "output": {
         "T": "(4 4 (4 4 (12 (12 (8 . 8) .) .)))"
      }
   },
   {
      "datain": {
         "T": "(5 (15 (11 . (10 (14 9 .) .)) (15 . (4 7 .))) (9 . 1))",
         "pred": "es_multiplo_de_4"
      },
      "output": {
         "T": "(5 (15 (11 . (10 (14 9 .) .)) (15 . (7 7 .))) (9 . 1))"
      }
   },
   {
      "datain": {
         "T": "(5 6 (10 . (3 . (3 15 (5 4 .)))))",
         "pred": "es_multiplo_de_4"
      },
      "output": {
         "T": "(5 6 (10 . (3 . (3 15 5))))"
      }
   },
   {
      "datain": {
         "T": "(3 4 (12 (1 (1 . (14 . 10)) .) 15))",
         "pred": "es_multiplo_de_4"
      },
      "output": {
         "T": "(3 . (1 (1 (1 . (14 . 10)) .) 15))"
      }
   },
   {
      "datain": {
         "T": "(11 (3 (9 . 15) .) (4 . (12 15 10)))",
         "pred": "es_cero"
      },
      "output": {
         "T": "(11 (3 (9 . 15) .) (4 . (12 15 10)))"
      }
   },
   {
      "datain": {
         "T": "(3 6 (0 11 (5 12 .)))",
         "pred": "es_par"
      },
      "output": {
         "T": "(3 . (11 11 5))"
      }
   },
   {
      "datain": {
         "T": "(9 (2 (6 . 3) (7 (15 . (11 . 0)) .)) (14 15 (6 6 (9 (10 . (0 . (3 4 12))) .))))",
         "pred": "es_primo"
      },
      "output": {
         "T": "(9 (6 6 (15 (15 . (0 . 0)) .)) (14 15 (6 6 (9 (10 . (0 . (4 4 12))) .))))"
      }
   },
   {
      "datain": {
         "T": "(0 (9 14 (11 (4 (15 8 8) .) .)) (3 2 6))",
         "pred": "es_primo"
      },
      "output": {
         "T": "(0 (9 14 (4 (4 (15 8 8) .) .)) (6 . 6))"
      }
   },
   {
      "datain": {
         "T": "(1 12 9)",
         "pred": "es_primo"
      },
      "output": {
         "T": "(12 12 9)"
      }
   },
   {
      "datain": {
         "T": "(9 (9 . 12) 2)",
         "pred": "es_multiplo_de_4"
      },
      "output": {
         "T": "(9 9 2)"
      }
   },
   {
      "datain": {
         "T": "(11 (6 (6 (9 . 3) 4) (3 4 .)) (5 13 .))",
         "pred": "es_multiplo_de_4"
      },
      "output": {
         "T": "(11 (6 (6 (9 . 3) .) 3) (5 13 .))"
      }
   },
   {
      "datain": {
         "T": "(14 (6 . 3) (14 (4 . 15) .))",
         "pred": "es_menor_que_10"
      },
      "output": {
         "T": "(14 . (14 (15 . 15) .))"
      }
   },
   {
      "datain": {
         "T": "(4 (0 . (5 (3 . 13) .)) (0 (8 (9 (1 2 .) .) 13) (15 5 .)))",
         "pred": "es_cero"
      },
      "output": {
         "T": "(4 (5 . (5 (3 . 13) .)) (8 (8 (9 (1 2 .) .) 13) (15 5 .)))"
      }
   },
   {
      "datain": {
         "T": "(7 (1 (2 12 .) (3 5 .)) (0 . 6))",
         "pred": "es_menor_que_10"
      },
      "output": {
         "T": "(12 (12 (12 12 .) .) .)"
      }
   },
   {
      "datain": {
         "T": "(7 (13 (10 . (12 (2 . 3) 2)) (12 . (5 8 .))) 0)",
         "pred": "es_par"
      },
      "output": {
         "T": "(7 (13 (3 . (3 (3 . 3) .)) (5 . 5)) .)"
      }
   },
   {
      "datain": {
         "T": "(6 (1 . (9 (7 (2 (9 12 .) 7) .) (7 . 4))) (5 (11 (9 . 10) .) .))",
         "pred": "es_primo"
      },
      "output": {
         "T": "(6 (9 . (9 (9 (9 (9 12 .) .) .) (4 . 4))) (9 (9 (9 . 10) .) .))"
      }
   },
   {
      "datain": {
         "T": "(5 0 10)",
         "pred": "es_cero"
      },
      "output": {
         "T": "(5 . 10)"
      }
   },
   {
      "datain": {
         "T": "(11 (3 (6 . 1) .) (5 (13 1 .) .))",
         "pred": "es_primo"
      },
      "output": {
         "T": "(6 (6 6 .) .)"
      }
   },
   {
      "datain": {
         "T": "(12 (6 (10 (13 (4 (4 8 .) .) 7) (7 . 5)) .) 3)",
         "pred": "es_multiplo_de_4"
      },
      "output": {
         "T": "(6 (6 (10 (13 . 7) (7 . 5)) .) 3)"
      }
   },
   {
      "datain": {
         "T": "(2 (5 (13 11 1) .) (11 (7 . 10) (8 13 6)))",
         "pred": "es_cero"
      },
      "output": {
         "T": "(2 (5 (13 11 1) .) (11 (7 . 10) (8 13 6)))"
      }
   },
   {
      "datain": {
         "T": "(10 (8 . (13 (9 . 1) .)) (5 0 (11 . (12 10 8))))",
         "pred": "es_cero"
      },
      "output": {
         "T": "(10 (8 . (13 (9 . 1) .)) (5 . (11 . (12 10 8))))"
      }
   },
   {
      "datain": {
         "T": "(8 9 (14 (14 . (10 . (15 . 8))) .))",
         "pred": "es_par"
      },
      "output": {
         "T": "(9 9 (15 (15 . (15 . 15)) .))"
      }
   },
   {
      "datain": {
         "T": "(3 (0 (2 . (12 . 12)) .) (1 11 2))",
         "pred": "es_menor_que_10"
      },
      "output": {
         "T": "(12 (12 (12 . (12 . 12)) .) (11 11 .))"
      }
   },
   {
      "datain": {
         "T": "(10 (4 (6 0 .) .) (1 13 .))",
         "pred": "es_cero"
      },
      "output": {
         "T": "(10 (4 6 .) (1 13 .))"
      }
   },
   {
      "datain": {
         "T": "(8 (9 . 14) (2 9 (15 (9 12 .) .)))",
         "pred": "es_par"
      },
      "output": {
         "T": "(9 9 (9 9 (15 9 .)))"
      }
   },
   {
      "datain": {
         "T": "(15 (6 15 12) (3 5 12))",
         "pred": "es_menor_que_10"
      },
      "output": {
         "T": "(15 (15 15 12) (12 . 12))"
      }
   },
   {
      "datain": {
         "T": "(8 (14 (11 12 .) 0) (6 . 6))",
         "pred": "es_impar"
      },
      "output": {
         "T": "(8 (14 (12 12 .) 0) (6 . 6))"
      }
   },
   {
      "datain": {
         "T": "(0 (14 . (1 4 (10 . 5))) (11 (11 (12 . 6) .) (9 (12 3 11) (12 13 .))))",
         "pred": "es_impar"
      },
      "output": {
         "T": "(0 (14 . (4 4 10)) (12 (12 (12 . 6) .) (12 12 12)))"
      }
   },
   {
      "datain": {
         "T": "(0 (8 . (6 (1 0 .) (12 . 9))) (12 (6 . (2 . (4 (15 . 2) .))) 2))",
         "pred": "es_multiplo_de_4"
      },
      "output": {
         "T": "(6 (6 . (6 1 (9 . 9))) (6 (6 . (2 . (15 (15 . 2) .))) 2))"
      }
   }
]
