[
    {"datain":{"L":[-3,-4,5,-5,-10,4,0,-4,-2]},
     "output":{"SL":[-5,-10,4,0]},
     "ucase":0},
    {"datain":{"L":[1,-9,9,1,-3,-7,6,-8,-4,-2,-4]},
     "output":{"SL":[-8,-4,-2,-4]},
     "ucase":1},
    {"datain":{"L":[4,6,-8,-4,-6,0,8,8,2,-5,7,-7,-7,0,2]},
     "output":{"SL":[-8,-4,-6,0]},
     "ucase":2},
    {"datain":{"L":[-4,0,3,1,5,-1,-11,-7,-9,10]},
     "output":{"SL":[-1,-11,-7,-9]},
     "ucase":3},
    {"datain":{"L":[10,0,0,8,-5,-3,-5,-10]},
     "output":{"SL":[-5,-3,-5,-10]},
     "ucase":4},
    {"datain":{"L":[0,-6,-8,4,10,-8,-10,2,-2]},
     "output":{"SL":[-8,-10,2,-2]},
     "ucase":5},
    {"datain":{"L":[-3,5,-5,9,-1,1,3,9,-7,-9]},
     "output":{"SL":[-3,5]},
     "ucase":6},
    {"datain":{"L":[2,6,-7,10,-4,6,8,6,-8,2,3,1,-5,8,0]},
     "output":{"SL":[6,-7]},
     "ucase":7},
    {"datain":{"L":[11,10,2,-6,-8,8,-4,6,6,4,6,-6,0,1]},
     "output":{"SL":[2,-6,-8]},
     "ucase":8},
    {"datain":{"L":[-8,2,-8,-8,9,-1,-3,5,-9,5,1,-5,9]},
     "output":{"SL":[-3,5,-9]},
     "ucase":9},
    {"datain":{"L":[8,10,0,-2,-3,-1,1,0,-2,-8,10]},
     "output":{"SL":[-3,-1,1,0,-2,-8]},
     "ucase":10},
    {"datain":{"L":[11,11,-3,-11,5,-1,-4,2]},
     "output":{"SL":[-3,-11,5]},
     "ucase":11},
    {"datain":{"L":[8,-10,8,-8,10,3,-9,5,1,7]},
     "output":{"SL":[8,-10]},
     "ucase":12},
    {"datain":{"L":[-1,-6,-2,1,-4,-2,2,4,-2,4,-7,7,-3,3]},
     "output":{"SL":[-1,-6,-2,1,-4]},
     "ucase":13},
    {"datain":{"L":[4,2,-10,2,0,8,-3,5,8,0,0,7]},
     "output":{"SL":[-10,2,0]},
     "ucase":14},
    {"datain":{"L":[0,4,-4,2,-2,4,6,-6]},
     "output":{"SL":[0,4,-4]},
     "ucase":15},
    {"datain":{"L":[-7,8,-7,-1,-6,-2,2,0,-5,5,7,5,4,-6]},
     "output":{"SL":[-7,-1,-6,-2]},
     "ucase":16},
    {"datain":{"L":[0,6,2,8,-5,-1,9,-3,-2,9,9,-9]},
     "output":{"SL":[0,6]},
     "ucase":17},
    {"datain":{"L":[6,4,4,6,-4,-6,-5,1]},
     "output":{"SL":[-4,-6,-5,1]},
     "ucase":18},
    {"datain":{"L":[2,-4,4,-4,-5,-1,9,9,1,5,1,8]},
     "output":{"SL":[-4,-5,-1]},
     "ucase":19},
    {"datain":{"L":[2,-4,6,6,6,4,10,10,3]},
     "output":{"SL":[2,-4]},
     "ucase":20},
    {"datain":{"L":[-4,8,-4,8,-8,0,-8,-7,-6,5,-3,-1]},
     "output":{"SL":[-8,0,-8,-7,-6]},
     "ucase":21},
    {"datain":{"L":[-3,-1,5,-3,-3,7,3,-8,10,6]},
     "output":{"SL":[-3,-1]},
     "ucase":22},
    {"datain":{"L":[-4,-4,-6,10,6,4,0,10,2,0,8,5,-7,-5,1]},
     "output":{"SL":[-4,-4,-6]},
     "ucase":23},
    {"datain":{"L":[-4,0,-4,8,-1,-9,-9,-1]},
     "output":{"SL":[-1,-9,-9,-1]},
     "ucase":24},
    {"datain":{"L":[-2,-8,7,3,1,2,-4,-2,-3,3]},
     "output":{"SL":[2,-4,-2]},
     "ucase":25},
    {"datain":{"L":[-4,8,2,0,4,1,-2,-8,-10,4,3,2,-9]},
     "output":{"SL":[1,-2,-8,-10]},
     "ucase":26},
    {"datain":{"L":[1,-9,5,8,-4,-8,4,-5,5]},
     "output":{"SL":[-4,-8,4]},
     "ucase":27},
    {"datain":{"L":[9,6,4,-4,8,-5,3,1,1,2]},
     "output":{"SL":[4,-4]},
     "ucase":28},
    {"datain":{"L":[9,4,0,-5,0,-2,4,0,-4,0,6,-10,-8]},
     "output":{"SL":[0,-5,0,-2]},
     "ucase":29},
    {"datain":{"L":[2,-9,-9,3,-3,3,3,5,-10,2,0,0,10]},
     "output":{"SL":[-9,3,-3]},
     "ucase":30},
    {"datain":{"L":[2,6,8,-8,-6,0,-8,0,4,-1,-4,2,5,6,-6]},
     "output":{"SL":[-8,-6,0,-8,0]},
     "ucase":31},
    {"datain":{"L":[9,-7,-5,-10,-10,-2,-2,2]},
     "output":{"SL":[-7,-5,-10,-10,-2,-2]},
     "ucase":32},
    {"datain":{"L":[4,6,0,2,-10,-4,-6,-1,-3,-5,-9]},
     "output":{"SL":[-10,-4,-6,-1,-3,-5,-9]},
     "ucase":33},
    {"datain":{"L":[6,10,0,4,-3,3,9,1,-5,1]},
     "output":{"SL":[10,0]},
     "ucase":34},
    {"datain":{"L":[9,3,3,1,1,-3,-3,-7]},
     "output":{"SL":[-3,-3,-7]},
     "ucase":35},
    {"datain":{"L":[0,-4,-3,-3,4,0,2,2,0,-2,0,-8,-4,10]},
     "output":{"SL":[0,-2,0,-8,-4]},
     "ucase":36},
    {"datain":{"L":[7,-7,1,11,9,9,7,-5,1]},
     "output":{"SL":[7,-7]},
     "ucase":37},
    {"datain":{"L":[-9,-7,-8,-6,-8,-3,-7,-7,3,9,9,-1]},
     "output":{"SL":[-9,-7,-8,-6,-8,-3,-7,-7]},
     "ucase":38},
    {"datain":{"L":[6,-3,-4,-6,0,10,10,2,-4,1]},
     "output":{"SL":[-3,-4,-6,0]},
     "ucase":39},
    {"datain":{"L":[-4,-6,-1,-2,-4,4,6,-4,-4,4,-4,-4,-4,9,-6]},
     "output":{"SL":[-4,-6,-1,-2,-4]},
     "ucase":40},
    {"datain":{"L":[-1,-9,5,11,9,9,1,-5]},
     "output":{"SL":[-1,-9,5]},
     "ucase":41},
    {"datain":{"L":[-10,-2,4,6,6,-8,-10,-2,-2,-10,-8,-2,0,-7,3]},
     "output":{"SL":[-8,-10,-2,-2,-10,-8,-2,0,-7]},
     "ucase":42},
    {"datain":{"L":[9,-10,10,8,4,-4,2,-8,-5,-3,-9,-1,9,9]},
     "output":{"SL":[-8,-5,-3,-9,-1]},
     "ucase":43},
    {"datain":{"L":[-7,0,10,4,-6,-1,-7,-3,-4,4,10,2]},
     "output":{"SL":[-6,-1,-7,-3,-4]},
     "ucase":44},
    {"datain":{"L":[-1,1,-9,1,1,4,3,5,-3,-8]},
     "output":{"SL":[-1,1,-9]},
     "ucase":45},
    {"datain":{"L":[-1,3,-4,-2,10,10,8,-6,8]},
     "output":{"SL":[-1,3,-4]},
     "ucase":46},
    {"datain":{"L":[5,-3,-7,5,-8,4,-8,0,4,6,2,-6,9,-5,1]},
     "output":{"SL":[4,-8,0]},
     "ucase":47},
    {"datain":{"L":[9,7,-7,0,-2,-2,6,-3,-7]},
     "output":{"SL":[-7,0,-2,-2]},
     "ucase":48},
    {"datain":{"L":[4,2,8,4,0,10,0,0,0]},
     "output":{"SL":[0,0,0]},
     "ucase":49}
]
