[
    {"datain":{"VS":[[0],[1],[2],[0,1,2]]},
     "output":{"retval":3},
     "ucase":0},
    {"datain":{"VS":[[0,1,2],[0],[1],[2]]},
     "output":{"retval":0},
     "ucase":1},
    {"datain":{"VS":[[3,9],[6],[1],[2,4],[6,8,9],[5,8],[0,9],[0,2,4]]},
     "output":{"retval":4},
     "ucase":2},
    {"datain":{"VS":[[1,4,5],[2,3],[9],[2,5],[1],[7,8,9],[1],[6,9],[6,9],[0,8],[0]]},
     "output":{"retval":5},
     "ucase":3},
    {"datain":{"VS":[[0],[2,4],[2,4],[3,7],[0],[0,1],[8,9],[1],[3,8],[2],[0,1,5],[1]]},
     "output":{"retval":5},
     "ucase":4},
    {"datain":{"VS":[[1,4],[0],[2,6],[7],[0,2,8]]},
     "output":{"retval":4},
     "ucase":5},
    {"datain":{"VS":[[3,9],[0,6,7],[3,5],[3,5],[8,9]]},
     "output":{"retval":0},
     "ucase":6},
    {"datain":{"VS":[[4],[0],[1,4],[3,8],[2],[6],[0,1,7]]},
     "output":{"retval":2},
     "ucase":7},
    {"datain":{"VS":[[1,7],[4,5],[6],[2,8,9],[2],[0,1],[0,5,7],[0,4],[3],[0],[0],[8],[5]]},
     "output":{"retval":6},
     "ucase":8},
    {"datain":{"VS":[[1],[2],[9],[2,7],[6,9],[0],[6],[0,6,7]]},
     "output":{"retval":7},
     "ucase":9},
    {"datain":{"VS":[[0,6,9],[5,6,9],[5],[1],[5,9],[5],[1,5,7]]},
     "output":{"retval":1},
     "ucase":10},
    {"datain":{"VS":[[0,9],[0,6],[6],[3,8],[0,2,6],[0,1,4],[0],[0,1],[1,6]]},
     "output":{"retval":1},
     "ucase":11},
    {"datain":{"VS":[[0,7,8],[2],[1,4,5],[1,7,8],[2,7],[1,4,7],[3,9],[0],[1,2,4],[1,2,3],[2],[5,7]]},
     "output":{"retval":4},
     "ucase":12},
    {"datain":{"VS":[[1],[1],[1,2,9],[2,9],[5,7,9],[7],[1,4,9],[0],[3,9],[3,6,8],[8],[3,9],[1,5]]},
     "output":{"retval":2},
     "ucase":13},
    {"datain":{"VS":[[3,4],[1],[8],[8],[7],[0,6],[2]]},
     "output":{"retval":2},
     "ucase":14},
    {"datain":{"VS":[[3],[0,3,6],[8],[3,4,9],[7,8],[6],[1,8,9],[2,3,9],[2],[0,2],[4,6,8],[3]]},
     "output":{"retval":1},
     "ucase":15},
    {"datain":{"VS":[[6,7],[1,5,7],[2],[3,4,6],[0,8,9],[3,6],[4],[6,9],[9],[4],[6,8],[3,5],[6,9],[1,6,7]]},
     "output":{"retval":3},
     "ucase":16},
    {"datain":{"VS":[[5,8],[7],[4,5,7],[5,7],[3,4,9],[0,1,8],[1,6,9],[2,3],[0],[1]]},
     "output":{"retval":2},
     "ucase":17},
    {"datain":{"VS":[[0,2],[5],[2,8,9],[5],[1,4],[1,4,6],[2,9],[0],[9]]},
     "output":{"retval":0},
     "ucase":18},
    {"datain":{"VS":[[1,5,6],[6],[0],[9],[3],[7]]},
     "output":{"retval":0},
     "ucase":19},
    {"datain":{"VS":[[3,4],[8],[6,9],[1],[0,3,6],[3,7],[2,3,4],[5]]},
     "output":{"retval":4},
     "ucase":20},
    {"datain":{"VS":[[5],[2,3,4],[1,6,8],[7],[4,5,8]]},
     "output":{"retval":4},
     "ucase":21},
    {"datain":{"VS":[[7],[2,5,8],[6],[0,4],[6,8],[1,5],[3,9],[2,4,9],[1,7,8],[7],[9],[6],[0,1],[1,6]]},
     "output":{"retval":8},
     "ucase":22},
    {"datain":{"VS":[[1,8],[3,4],[3,5,7],[8],[4],[4]]},
     "output":{"retval":1},
     "ucase":23},
    {"datain":{"VS":[[7],[1],[5,9],[5,9],[5],[5],[2,6,8],[2,7,9],[7,8,9],[4],[1,7],[9],[8]]},
     "output":{"retval":8},
     "ucase":24},
    {"datain":{"VS":[[2,6,7],[3],[2,6],[0],[0,7],[5,9],[0,6,8],[1],[1,3],[1,4,6],[1,8],[2,6,7],[2],[4,7]]},
     "output":{"retval":9},
     "ucase":25},
    {"datain":{"VS":[[0,6,8],[8],[6],[7],[9],[0,1],[0,3,8],[0,2,5],[2,9],[7]]},
     "output":{"retval":0},
     "ucase":26},
    {"datain":{"VS":[[1,5,9],[0,2,7],[3],[5,6],[4,8],[2,6],[3,6,9],[2,8],[0,3]]},
     "output":{"retval":6},
     "ucase":27},
    {"datain":{"VS":[[3,8],[0,1,8],[2,7,8],[6],[1,6],[5,6]]},
     "output":{"retval":1},
     "ucase":28},
    {"datain":{"VS":[[7],[2,8,9],[3,8,9],[7],[5,7,9],[6],[7],[2],[8,9]]},
     "output":{"retval":4},
     "ucase":29},
    {"datain":{"VS":[[8],[0,1],[0,1,7],[0],[3,7,8],[1,6],[1,7],[7],[4,8],[9]]},
     "output":{"retval":2},
     "ucase":30},
    {"datain":{"VS":[[4,7,9],[0,2,7],[6,7,8],[0],[3,8],[6,7,9],[4,6]]},
     "output":{"retval":2},
     "ucase":31},
    {"datain":{"VS":[[2,5],[0,7,9],[9],[5,6,8],[2,6],[1],[3,9],[7,9]]},
     "output":{"retval":1},
     "ucase":32},
    {"datain":{"VS":[[7],[0],[2,6,8],[4,5,7],[0,6],[9],[3,4],[5],[1,4],[7,9],[0,2],[5]]},
     "output":{"retval":3},
     "ucase":33},
    {"datain":{"VS":[[1],[2,5,8],[3,5],[4,6,9],[4,5],[1],[1,3],[7,9],[0,5,8],[9]]},
     "output":{"retval":2},
     "ucase":34},
    {"datain":{"VS":[[2,5,6],[0],[3],[2],[7,8],[2,7,9],[3,8],[4,9],[5],[4]]},
     "output":{"retval":5},
     "ucase":35},
    {"datain":{"VS":[[2,5],[3,6,7],[6],[0,2],[0,5]]},
     "output":{"retval":0},
     "ucase":36},
    {"datain":{"VS":[[2],[3,9],[2,7,8],[5,9],[6],[0],[0,7]]},
     "output":{"retval":2},
     "ucase":37},
    {"datain":{"VS":[[1,9],[4,7,9],[0,2],[1],[0,1,8],[6,9],[1,2],[5,6],[0,3,8],[7]]},
     "output":{"retval":0},
     "ucase":38},
    {"datain":{"VS":[[9],[0,6,8],[0,3],[0,1,7],[5,7,8],[7],[4],[4,6],[8],[1,6]]},
     "output":{"retval":1},
     "ucase":39},
    {"datain":{"VS":[[0],[8,9],[2,3],[0,3],[3,6],[2,3,6],[5,8,9],[6],[1,3,4],[4]]},
     "output":{"retval":3},
     "ucase":40},
    {"datain":{"VS":[[0],[4],[5],[0,2],[2,3,4],[1,3],[1],[2,4,5],[7],[2,9]]},
     "output":{"retval":4},
     "ucase":41},
    {"datain":{"VS":[[1,4],[1,5,8],[1],[7],[1,8],[7,9],[4,8],[0,2,8],[0,4,6],[1,8],[4]]},
     "output":{"retval":0},
     "ucase":42},
    {"datain":{"VS":[[0,1,4],[4,7],[4,7],[0,5,9],[0,5,8],[4,9],[2,3],[6,7],[3,5],[1,2],[1,7,8],[0,3,4]]},
     "output":{"retval":0},
     "ucase":43},
    {"datain":{"VS":[[0,1,3],[3,7],[0,4],[6,7],[4,8],[3,6,8],[2,3,7],[0,3],[4]]},
     "output":{"retval":5},
     "ucase":44},
    {"datain":{"VS":[[6,7,8],[3,4,5],[0,7],[0,3,7],[6,7],[2,7],[5],[0,7],[0,2,7],[0,2],[4],[4,6],[2],[3]]},
     "output":{"retval":3},
     "ucase":45},
    {"datain":{"VS":[[1,8],[8],[8],[4],[3],[2,5,7],[4],[0,3],[3,5,6],[2,9],[1,4,9]]},
     "output":{"retval":10},
     "ucase":46},
    {"datain":{"VS":[[6,8],[4],[1,5,7],[4],[3,5,8],[0,9]]},
     "output":{"retval":4},
     "ucase":47},
    {"datain":{"VS":[[2,8],[6],[4],[1,7],[2],[8],[6],[3,9],[2,4,6],[2,6]]},
     "output":{"retval":8},
     "ucase":48},
    {"datain":{"VS":[[5,9],[9],[5,9],[3,7],[0,2,8],[0,1,5],[0,7]]},
     "output":{"retval":5},
     "ucase":49},
    {"datain":{"VS":[[0,5],[0,1],[1],[0],[4],[6,7],[1,7,9],[6,7],[4],[2,4,5],[8],[4],[2,3,5],[4]]},
     "output":{"retval":9},
     "ucase":50},
    {"datain":{"VS":[[0,3,8],[9],[4,6],[2,6],[5,6],[0,4,6],[1,4],[6],[9],[7,8],[2,7],[4,9],[1,2]]},
     "output":{"retval":5},
     "ucase":51}]
