[
    {"datain":{"T":"(5 . (7 . (3 2 4)))"},
     "output":{"T":"(3  2   4 )"},
     "ucase":0},
    {"datain":{"T":"(5 (6 8 9) .)"},
     "output":{"T":"(6  8   9 )"},
     "ucase":1},
    {"datain":{"T":"(5 . (6 8 9))"},
     "output":{"T":"(6  8   9 )"},
     "ucase":2},
    {"datain":{"T":"(1 (2 . 4) (3 . 5))"},
     "output":{"T":"(1  4   5 )"},
     "ucase":3},
    {"datain":{"T":"(8 (5  .   7 ) (6  .   5 ))"},
     "output":{"T":"(8  7   5 )"},
     "ucase":4},
    {"datain":{"T":"(1 (8 (2  .   0 )  . ) (6 (6 (7  .  (6  .  (3  .   6 )))  3 )  0 ))"},
     "output":{"T":"(1  0  (6 (6  6   3 )  0 ))"},
     "ucase":5},
    {"datain":{"T":"(8 (1  .  (6 (0 (1 (7 (8  1   . )  . )  4 )  . )  . )) (4 (6  .  (5  0   4 ))  3 ))"},
     "output":{"T":"(8 (1  1   4 ) (4 (5  0   4 )  3 ))"},
     "ucase":6},
    {"datain":{"T":"(2  6  (1  3  (5 (7  0   8 )  . )))"},
     "output":{"T":"(2  6  (1  3  (7  0   8 )))"},
     "ucase":7},
    {"datain":{"T":"(4 (0 (8 (8  .  (7  6   . ))  . ) (8  .   4 )) (4  .  (1 (1  .   7 )  6 )))"},
     "output":{"T":"(4 (0  6   4 ) (1  7   6 ))"},
     "ucase":8},
    {"datain":{"T":"(6  1  (1 (4  .   3 )  . ))"},
     "output":{"T":"(6  1   3 )"},
     "ucase":9},
    {"datain":{"T":"(4 (0 (8 (0  .  (1  .   1 ))  . )  5 ) (6 (8  .   7 )  . ))"},
     "output":{"T":"(4 (0  1   5 )  7 )"},
     "ucase":10},
    {"datain":{"T":"(2 (0  .   3 ) (0  .  (4  .  (6  .   3 ))))"},
     "output":{"T":"(2  3   3 )"},
     "ucase":11},
    {"datain":{"T":"(3 (4  .  (6  0   . )) (1  2   . ))"},
     "output":{"T":"(3  0   2 )"},
     "ucase":12},
    {"datain":{"T":"(6 (4 (5  3  (1  4  (4  .  (3  7   . ))))  . )  1 )"},
     "output":{"T":"(6 (5  3  (1  4   7 ))  1 )"},
     "ucase":13},
    {"datain":{"T":"(4 (7 (7  8   1 )  . ) (2  .  (1 (6  5   . )  . )))"},
     "output":{"T":"(4 (7  8   1 )  5 )"},
     "ucase":14},
    {"datain":{"T":"(6 (3 (1  0   . ) (2  .  (7  1   4 ))) (8 (8  .  (4  .   5 ))  . ))"},
     "output":{"T":"(6 (3  0  (7  1   4 ))  5 )"},
     "ucase":15},
    {"datain":{"T":"(5 (1 (4 (3  .  (2  3  (0  5   1 )))  . )  . )  2 )"},
     "output":{"T":"(5 (2  3  (0  5   1 ))  2 )"},
     "ucase":16},
    {"datain":{"T":"(7 (4 (6  5   . )  . ) (6  4  (3  6   . )))"},
     "output":{"T":"(7  5  (6  4   6 ))"},
     "ucase":17},
    {"datain":{"T":"(5 (1 (5 (3 (4  .   3 ) (1  0   . ))  . )  2 ) (6  .  (7 (2  .  (1 (7  1  (2  .  (5 (8  1   . )  . )))  . ))  . )))"},
     "output":{"T":"(5 (1 (3  3   0 )  2 ) (7  1   1 ))"},
     "ucase":18},
    {"datain":{"T":"(5 (6 (7  6  (7 (5  .   4 )  . ))  2 ) (3  .  (4 (2  7  (4  .  (2  5   2 )))  . )))"},
     "output":{"T":"(5 (6 (7  6   4 )  2 ) (2  7  (2  5   2 )))"},
     "ucase":19},
    {"datain":{"T":"(6 (7 (7 (3  .   5 ) (7  .   4 ))  . ) (1 (0  .  (0  .   4 ))  2 ))"},
     "output":{"T":"(6 (7  5   4 ) (1  4   2 ))"},
     "ucase":20},
    {"datain":{"T":"(0  2  (7 (8  .  (0  .  (5 (2  .  (0  .   5 ))  . ))) (4  4  (6  .   0 ))))"},
     "output":{"T":"(0  2  (7  5  (4  4   0 )))"},
     "ucase":21},
    {"datain":{"T":"(4 (6 (0  2  (4  .   6 )) (1 (1  4   . )  . )) (8 (1 (1 (0 (7  .   0 )  . )  . )  . )  5 ))"},
     "output":{"T":"(4 (6 (0  2   6 )  4 ) (8  0   5 ))"},
     "ucase":22},
    {"datain":{"T":"(3 (6 (0  .  (1  2   . ))  2 )  8 )"},
     "output":{"T":"(3 (6  2   2 )  8 )"},
     "ucase":23},
    {"datain":{"T":"(6 (3 (0 (5  5   7 ) (6  .  (8 (5  3   . )  8 )))  . ) (6  .   3 ))"},
     "output":{"T":"(6 (0 (5  5   7 ) (8  3   8 ))  3 )"},
     "ucase":24},
    {"datain":{"T":"(8 (4 (1  .  (8  .   7 )) (3  .  (3 (7 (8  7   2 )  . )  . ))) (7  .  (5  0  (5 (8  2   . )  . ))))"},
     "output":{"T":"(8 (4  7  (8  7   2 )) (5  0   2 ))"},
     "ucase":25},
    {"datain":{"T":"(6 (2 (6 (0  .   8 )  7 )  . ) (1  .  (3  1   . )))"},
     "output":{"T":"(6 (6  8   7 )  1 )"},
     "ucase":26},
    {"datain":{"T":"(8 (1  .   1 )  8 )"},
     "output":{"T":"(8  1   8 )"},
     "ucase":27},
    {"datain":{"T":"(7 (3 (4 (8  .   5 )  . ) (7  3   . )) (2 (3  .  (5  4   . ))  7 ))"},
     "output":{"T":"(7 (3  5   3 ) (2  4   7 ))"},
     "ucase":28},
    {"datain":{"T":"(1  1  (8  .  (8 (2 (5  5   . )  . )  . )))"},
     "output":{"T":"(1  1   5 )"},
     "ucase":29},
    {"datain":{"T":"(6 (3  .  (2 (1  .   8 )  . )) (4  .  (3  .  (5  .   5 ))))"},
     "output":{"T":"(6  8   5 )"},
     "ucase":30},
    {"datain":{"T":"(7 (7 (6  8   1 ) (6  .  (6  .   5 ))) (4 (7  4   . ) (6  .   6 )))"},
     "output":{"T":"(7 (7 (6  8   1 )  5 ) (4  4   6 ))"},
     "ucase":31},
    {"datain":{"T":"(0 (8 (3  .   6 )  . ) (6  .  (1  8   8 )))"},
     "output":{"T":"(0  6  (1  8   8 ))"},
     "ucase":32},
    {"datain":{"T":"(4  4  (0  0   . ))"},
     "output":{"T":"(4  4   0 )"},
     "ucase":33},
    {"datain":{"T":"(4 (4  0  (2  2   8 )) (8 (8 (8  1   . ) (1 (0  .  (5  1   . ))  7 ))  . ))"},
     "output":{"T":"(4 (4  0  (2  2   8 )) (8  1  (1  1   7 )))"},
     "ucase":34},
    {"datain":{"T":"(1 (3 (6  .   1 ) (7  6   . )) (2 (5  5   . ) (7  .  (8  8   . ))))"},
     "output":{"T":"(1 (3  1   6 ) (2  5   8 ))"},
     "ucase":35},
    {"datain":{"T":"(1 (3  .  (6  3  (2 (2  .   3 )  3 ))) (0 (8  .   8 )  . ))"},
     "output":{"T":"(1 (6  3  (2  3   3 ))  8 )"},
     "ucase":36},
    {"datain":{"T":"(6 (3  .  (5 (5 (3  .  (6  4   . )) (7 (3  .   7 ) (1 (6  0   . )  . )))  . )) (7 (6 (4 (5  .  (6  .   6 )) (3  .  (8  .   7 )))  . ) (8 (3  .   5 )  . )))"},
     "output":{"T":"(6 (5  4  (7  7   0 )) (7 (4  6   7 )  5 ))"},
     "ucase":37},
    {"datain":{"T":"(3 (4 (2  6   1 )  . )  0 )"},
     "output":{"T":"(3 (2  6   1 )  0 )"},
     "ucase":38},
    {"datain":{"T":"(5 (0  .   0 )  7 )"},
     "output":{"T":"(5  0   7 )"},
     "ucase":39},
    {"datain":{"T":"(3 (5 (1  1  (4 (3  .   1 ) (0  0   2 )))  . ) (2  .  (5  .  (0  .   6 ))))"},
     "output":{"T":"(3 (1  1  (4  1  (0  0   2 )))  6 )"},
     "ucase":40},
    {"datain":{"T":"(4  4  (6 (0  .  (7  .  (1  2   . )))  0 ))"},
     "output":{"T":"(4  4  (6  2   0 ))"},
     "ucase":41},
    {"datain":{"T":"(6 (5 (8  .   7 ) (1  .  (2  8   . ))) (1 (7  6  (3 (0  .  (7  .  (8  2  (2  0   4 ))))  7 )) (8  6   . )))"},
     "output":{"T":"(6 (5  7   8 ) (1 (7  6  (3 (8  2  (2  0   4 ))  7 ))  6 ))"},
     "ucase":42},
    {"datain":{"T":"(6 (6  5   1 ) (0  .   8 ))"},
     "output":{"T":"(6 (6  5   1 )  8 )"},
     "ucase":43},
    {"datain":{"T":"(4 (0  .  (6 (4 (8  8   . )  2 )  . )) (0 (7  1   . )  0 ))"},
     "output":{"T":"(4 (4  8   2 ) (0  1   0 ))"},
     "ucase":44},
    {"datain":{"T":"(3 (0 (7  1   . )  . ) (2 (2  .  (3  .  (4  8   . ))) (1 (5 (0  6   . )  . )  1 )))"},
     "output":{"T":"(3  1  (2  8  (1  6   1 )))"},
     "ucase":45},
    {"datain":{"T":"(2 (5  .   3 ) (4  7  (5 (8  .   2 ) (5  .   0 ))))"},
     "output":{"T":"(2  3  (4  7  (5  2   0 )))"},
     "ucase":46},
    {"datain":{"T":"(2 (6 (6  6   . ) (1 (6  5   . )  . ))  6 )"},
     "output":{"T":"(2 (6  6   5 )  6 )"},
     "ucase":47},
    {"datain":{"T":"(1  5  (8 (2  .  (4  6   . )) (0 (8 (3 (8  8   . )  . )  . )  . )))"},
     "output":{"T":"(1  5  (8  6   8 ))"},
     "ucase":48},
    {"datain":{"T":"(1 (4  8  (2  1   . )) (0 (6  .  (3 (0  2   . )  . ))  . ))"},
     "output":{"T":"(1 (4  8   1 )  2 )"},
     "ucase":49},
    {"datain":{"T":"(4 (1 (3  1   3 ) (6  .  (1  1   . )))  1 )"},
     "output":{"T":"(4 (1 (3  1   3 )  1 )  1 )"},
     "ucase":50},
    {"datain":{"T":"(7 (0 (2  .  (0  .   1 )) (4  .  (5 (7  8   . )  . ))) (2  7   3 ))"},
     "output":{"T":"(7 (0  1   8 ) (2  7   3 ))"},
     "ucase":51},
    {"datain":{"T":"(0  5   6 )"},
     "output":{"T":"(0  5   6 )"},
     "ucase":52},
    {"datain":{"T":"(7 (1 (6 (2  .   0 )  . ) (6 (8  2   . )  . )) (5  4   . ))"},
     "output":{"T":"(7 (1  0   2 )  4 )"},
     "ucase":53}
]
