[
    {"datain":{"T":"(1 2 3)"},
     "output":{"retval":6},
     "ucase":0},
    {"datain":{"T":"(1 -1 1)"},
     "output":{"retval":1},
     "ucase":0},
    {"datain":{"T":"(1 -2 -4)"},
     "output":{"retval":0},
     "ucase":0},
    {"datain":{"T":"(-2 (2 2 -1) (2 3 -1))"},
     "output":{"retval":5},
     "ucase":0},
    {"datain":{"T":"(-2 (2 2 -1) (2 -3 -1))"},
     "output":{"retval":3},
     "ucase":0},
    {"datain":{"T":"(3 (0  .   2 ) (1  .   0 ))"},
     "output":{"retval":6},
     "ucase":0},
    {"datain":{"T":"(-4 (3 (-3  .   -5 )  . ) (1 (1 (2  .  (1  .  (-2  .   1 )))  -2 )  -5 ))"},
     "output":{"retval":2},
     "ucase":1},
    {"datain":{"T":"(3 (-4  .  (1 (-5 (-4 (2 (3  -4   . )  . )  -1 )  . )  . )) (-1 (1  .  (0  -5   -1 ))  -2 ))"},
     "output":{"retval":1},
     "ucase":2},
    {"datain":{"T":"(-3  1  (-4  -2  (0 (2  -5   3 )  . )))"},
     "output":{"retval":3},
     "ucase":3},
    {"datain":{"T":"(-1 (-5 (3 (3  .  (2  1   . ))  . ) (3  .   -1 )) (-1  .  (-4 (-4  .   2 )  1 )))"},
     "output":{"retval":9},
     "ucase":4},
    {"datain":{"T":"(1  -4  (-4 (-1  .   -2 )  . ))"},
     "output":{"retval":0},
     "ucase":5},
    {"datain":{"T":"(-1 (-5 (3 (-5  .  (-4  .   -4 ))  . )  0 ) (1 (3  .   2 )  . ))"},
     "output":{"retval":6},
     "ucase":6},
    {"datain":{"T":"(-3 (-5  .   -2 ) (-5  .  (-1  .  (1  .   -2 ))))"},
     "output":{"retval":0},
     "ucase":7},
    {"datain":{"T":"(-2 (-1  .  (1  -5   . )) (-4  -3   . ))"},
     "output":{"retval":0},
     "ucase":8},
    {"datain":{"T":"(1 (-1 (0  -2  (-4  -1  (-1  .  (-2  2   . ))))  . )  -4 )"},
     "output":{"retval":2},
     "ucase":9},
    {"datain":{"T":"(-1 (2 (2  3   -4 )  . ) (-3  .  (-4 (1  0   . )  . )))"},
     "output":{"retval":3},
     "ucase":10},
    {"datain":{"T":"(1 (-2 (-4  -5   . ) (-3  .  (2  -4   -1 ))) (3 (3  .  (-1  .   0 ))  . ))"},
     "output":{"retval":5},
     "ucase":11},
    {"datain":{"T":"(0 (-4 (-1 (-2  .  (-3  -2  (-5  0   -4 )))  . )  . )  -3 )"},
     "output":{"retval":0},
     "ucase":12},
    {"datain":{"T":"(2 (-1 (1  0   . )  . ) (1  -1  (-2  1   . )))"},
     "output":{"retval":1},
     "ucase":13},
    {"datain":{"T":"(0 (-4 (0 (-2 (-1  .   -2 ) (-4  -5   . ))  . )  -3 ) (1  .  (2 (-3  .  (-4 (2  -4  (-3  .  (0 (3  -4   . )  . )))  . ))  . )))"},
     "output":{"retval":0},
     "ucase":14},
    {"datain":{"T":"(0 (1 (2  1  (2 (0  .   -1 )  . ))  -3 ) (-2  .  (-1 (-3  2  (-1  .  (-3  0   -3 )))  . )))"},
     "output":{"retval":4},
     "ucase":15},
    {"datain":{"T":"(1 (2 (2 (-2  .   0 ) (2  .   -1 ))  . ) (-4 (-5  .  (-5  .   -1 ))  -3 ))"},
     "output":{"retval":3},
     "ucase":16},
    {"datain":{"T":"(-5  -3  (2 (3  .  (-5  .  (0 (-3  .  (-5  .   0 ))  . ))) (-1  -1  (1  .   -5 ))))"},
     "output":{"retval":0},
     "ucase":17},
    {"datain":{"T":"(-1 (1 (-5  -3  (-1  .   1 )) (-4 (-4  -1   . )  . )) (3 (-4 (-4 (-5 (2  .   -5 )  . )  . )  . )  0 ))"},
     "output":{"retval":1},
     "ucase":18},
    {"datain":{"T":"(-2 (1 (-5  .  (-4  -3   . ))  -3 )  3 )"},
     "output":{"retval":3},
     "ucase":19},
    {"datain":{"T":"(1 (-2 (-5 (0  0   2 ) (1  .  (3 (0  -2   . )  3 )))  . ) (1  .   -2 ))"},
     "output":{"retval":5},
     "ucase":20},
    {"datain":{"T":"(3 (-1 (-4  .  (3  .   2 )) (-2  .  (-2 (2 (3  2   -3 )  . )  . ))) (2  .  (0  -5  (0 (3  -3   . )  . ))))"},
     "output":{"retval":5},
     "ucase":21},
    {"datain":{"T":"(1 (-3 (1 (-5  .   3 )  2 )  . ) (-4  .  (-2  -4   . )))"},
     "output":{"retval":3},
     "ucase":22},
    {"datain":{"T":"(3 (-4  .   -4 )  3 )"},
     "output":{"retval":3},
     "ucase":23},
    {"datain":{"T":"(2 (-2 (-1 (3  .   0 )  . ) (2  -2   . )) (-3 (-2  .  (0  -1   . ))  2 ))"},
     "output":{"retval":3},
     "ucase":24},
    {"datain":{"T":"(-4  -4  (3  .  (3 (-3 (0  0   . )  . )  . )))"},
     "output":{"retval":3},
     "ucase":25},
    {"datain":{"T":"(1 (-2  .  (-3 (-4  .   3 )  . )) (-1  .  (-2  .  (0  .   0 ))))"},
     "output":{"retval":3},
     "ucase":26},
    {"datain":{"T":"(2 (2 (1  3   -4 ) (1  .  (1  .   0 ))) (-1 (2  -1   . ) (1  .   1 )))"},
     "output":{"retval":8},
     "ucase":27},
    {"datain":{"T":"(-5 (3 (-2  .   1 )  . ) (1  .  (-4  3   3 )))"},
     "output":{"retval":3},
     "ucase":28},
    {"datain":{"T":"(-1  -1  (-5  -5   . ))"},
     "output":{"retval":0},
     "ucase":29},
    {"datain":{"T":"(-1 (-1  -5  (-3  -3   3 )) (3 (3 (3  -4   . ) (-4 (-5  .  (0  -4   . ))  2 ))  . ))"},
     "output":{"retval":3},
     "ucase":30},
    {"datain":{"T":"(-4 (-2 (1  .   -4 ) (2  1   . )) (-3 (0  0   . ) (2  .  (3  3   . ))))"},
     "output":{"retval":8},
     "ucase":31},
    {"datain":{"T":"(-4 (-2  .  (1  -2  (-3 (-3  .   -2 )  -2 ))) (-5 (3  .   3 )  . ))"},
     "output":{"retval":6},
     "ucase":32},
    {"datain":{"T":"(1 (-2  .  (0 (0 (-2  .  (1  -1   . )) (2 (-2  .   2 ) (-4 (1  -5   . )  . )))  . )) (2 (1 (-1 (0  .  (1  .   1 )) (-2  .  (3  .   2 )))  . ) (3 (-2  .   0 )  . )))"},
     "output":{"retval":8},
     "ucase":33},
    {"datain":{"T":"(-2 (-1 (-3  1   -4 )  . )  -5 )"},
     "output":{"retval":1},
     "ucase":34},
    {"datain":{"T":"(0 (-5  .   -5 )  2 )"},
     "output":{"retval":2},
     "ucase":35},
    {"datain":{"T":"(-2 (0 (-4  -4  (-1 (-2  .   -4 ) (-5  -5   -3 )))  . ) (-3  .  (0  .  (-5  .   1 ))))"},
     "output":{"retval":1},
     "ucase":36},
    {"datain":{"T":"(-1  -1  (1 (-5  .  (2  .  (-4  -3   . )))  -5 ))"},
     "output":{"retval":0},
     "ucase":37},
    {"datain":{"T":"(1 (0 (3  .   2 ) (-4  .  (-3  3   . ))) (-4 (2  1  (-2 (-5  .  (2  .  (3  -3  (-3  -5   -1 ))))  2 )) (3  1   . )))"},
     "output":{"retval":5},
     "ucase":38},
    {"datain":{"T":"(1 (1  0   -4 ) (-5  .   3 ))"},
     "output":{"retval":3},
     "ucase":39},
    {"datain":{"T":"(-1 (-5  .  (1 (-1 (3  3   . )  -3 )  . )) (-5 (2  -4   . )  -5 ))"},
     "output":{"retval":6},
     "ucase":40},
    {"datain":{"T":"(-2 (-5 (2  -4   . )  . ) (-3 (-3  .  (-2  .  (-1  3   . ))) (-4 (0 (-5  1   . )  . )  -4 )))"},
     "output":{"retval":3},
     "ucase":41},
    {"datain":{"T":"(-3 (0  .   -2 ) (-1  2  (0 (3  .   -3 ) (0  .   -5 ))))"},
     "output":{"retval":2},
     "ucase":42},
    {"datain":{"T":"(-3 (1 (1  1   . ) (-4 (1  0   . )  . ))  1 )"},
     "output":{"retval":2},
     "ucase":43},
    {"datain":{"T":"(-4  0  (3 (-3  .  (-1  1   . )) (-5 (3 (-2 (3  3   . )  . )  . )  . )))"},
     "output":{"retval":7},
     "ucase":44},
    {"datain":{"T":"(-4 (-1  3  (-3  -4   . )) (-5 (1  .  (-2 (-5  -3   . )  . ))  . ))"},
     "output":{"retval":3},
     "ucase":45},
    {"datain":{"T":"(-1 (-4 (-2  -4   -2 ) (1  .  (-4  -4   . )))  -4 )"},
     "output":{"retval":0},
     "ucase":46},
    {"datain":{"T":"(2 (-5 (-3  .  (-5  .   -4 )) (-1  .  (0 (2  3   . )  . ))) (-3  2   -2 ))"},
     "output":{"retval":5},
     "ucase":47},
    {"datain":{"T":"(-5  0   1 )"},
     "output":{"retval":1},
     "ucase":48},
    {"datain":{"T":"(2 (-4 (1 (-3  .   -5 )  . ) (1 (3  -3   . )  . )) (0  -1   . ))"},
     "output":{"retval":1},
     "ucase":49}
]
