[
    {"datain":{"L1":[0,3,2,1,5,6],"L2":[0,3,2,4]},
     "output":{"L1":[1,5,6],"L2":[4],"Lcommon":[0,3,2]},
     "ucase":0},
    {"datain":{"L1":[3,4],"L2":[3,1]},
     "output":{"L1":[4],"L2":[1],"Lcommon":[3]},
     "ucase":1},
    {"datain":{"L1":[2,3],"L2":[0]},
     "output":{"L1":[2,3],"L2":[0],"Lcommon":[]},
     "ucase":2},
    {"datain":{"L1":[3],"L2":[]},
     "output":{"L1":[3],"L2":[],"Lcommon":[]},
     "ucase":3},
    {"datain":{"L1":[2,4],"L2":[3]},
     "output":{"L1":[2,4],"L2":[3],"Lcommon":[]},
     "ucase":4},
    {"datain":{"L1":[4,3,2],"L2":[2]},
     "output":{"L1":[4,3,2],"L2":[2],"Lcommon":[]},
     "ucase":5},
    {"datain":{"L1":[0,0,0,1,2],"L2":[0,0,3,2,4]},
     "output":{"L1":[0,1,2],"L2":[3,2,4],"Lcommon":[0,0]},
     "ucase":6},
    {"datain":{"L1":[2,4,0],"L2":[2,4,0,3]},
     "output":{"L1":[],"L2":[3],"Lcommon":[2,4,0]},
     "ucase":7},
    {"datain":{"L1":[0,0],"L2":[2,1,3]},
     "output":{"L1":[0,0],"L2":[2,1,3],"Lcommon":[]},
     "ucase":8},
    {"datain":{"L1":[4,2,2,3,3,4],"L2":[4,2,2]},
     "output":{"L1":[3,3,4],"L2":[],"Lcommon":[4,2,2]},
     "ucase":9},
    {"datain":{"L1":[1,0,1],"L2":[1,3,2]},
     "output":{"L1":[0,1],"L2":[3,2],"Lcommon":[1]},
     "ucase":10},
    {"datain":{"L1":[0,3,3,4,1],"L2":[0,3,3,1]},
     "output":{"L1":[4,1],"L2":[1],"Lcommon":[0,3,3]},
     "ucase":11},
    {"datain":{"L1":[3,2,4,4],"L2":[3,2]},
     "output":{"L1":[4,4],"L2":[],"Lcommon":[3,2]},
     "ucase":12},
    {"datain":{"L1":[1,4,4,4,4],"L2":[1,4,2]},
     "output":{"L1":[4,4,4],"L2":[2],"Lcommon":[1,4]},
     "ucase":13},
    {"datain":{"L1":[],"L2":[0,3,3]},
     "output":{"L1":[],"L2":[0,3,3],"Lcommon":[]},
     "ucase":14},
    {"datain":{"L1":[2,0,2,3,0],"L2":[2,0,2]},
     "output":{"L1":[3,0],"L2":[],"Lcommon":[2,0,2]},
     "ucase":15},
    {"datain":{"L1":[0,4,3,3,4,3],"L2":[0,4,3,4,0,4]},
     "output":{"L1":[3,4,3],"L2":[4,0,4],"Lcommon":[0,4,3]},
     "ucase":16},
    {"datain":{"L1":[0,1,2,0],"L2":[0,1,2,0,2]},
     "output":{"L1":[],"L2":[2],"Lcommon":[0,1,2,0]},
     "ucase":17},
    {"datain":{"L1":[0,0,4],"L2":[0,0,4,2,2,4]},
     "output":{"L1":[],"L2":[2,2,4],"Lcommon":[0,0,4]},
     "ucase":18},
    {"datain":{"L1":[1,3,1,2,1,4],"L2":[1,3,1,1,4,0]},
     "output":{"L1":[2,1,4],"L2":[1,4,0],"Lcommon":[1,3,1]},
     "ucase":19},
    {"datain":{"L1":[3],"L2":[4,2,1]},
     "output":{"L1":[3],"L2":[4,2,1],"Lcommon":[]},
     "ucase":20},
    {"datain":{"L1":[1,1,1,2],"L2":[1]},
     "output":{"L1":[1,1,2],"L2":[],"Lcommon":[1]},
     "ucase":21},
    {"datain":{"L1":[4,4,3],"L2":[4,4,3,4,1]},
     "output":{"L1":[],"L2":[4,1],"Lcommon":[4,4,3]},
     "ucase":22},
    {"datain":{"L1":[0,3,4,1,3],"L2":[0,3,4]},
     "output":{"L1":[1,3],"L2":[],"Lcommon":[0,3,4]},
     "ucase":23},
    {"datain":{"L1":[1,1,1],"L2":[3,1,2]},
     "output":{"L1":[1,1,1],"L2":[3,1,2],"Lcommon":[]},
     "ucase":24},
    {"datain":{"L1":[1,4,3,0,4],"L2":[1,4]},
     "output":{"L1":[3,0,4],"L2":[],"Lcommon":[1,4]},
     "ucase":25},
    {"datain":{"L1":[2,0],"L2":[0,4]},
     "output":{"L1":[2,0],"L2":[0,4],"Lcommon":[]},
     "ucase":26},
    {"datain":{"L1":[0,4,0,1],"L2":[0,4,0,3,4,4]},
     "output":{"L1":[1],"L2":[3,4,4],"Lcommon":[0,4,0]},
     "ucase":27},
    {"datain":{"L1":[3,2,2],"L2":[3,2,1,1,3]},
     "output":{"L1":[2],"L2":[1,1,3],"Lcommon":[3,2]},
     "ucase":28},
    {"datain":{"L1":[2,2,2,3,4],"L2":[2,2,2]},
     "output":{"L1":[3,4],"L2":[],"Lcommon":[2,2,2]},
     "ucase":29},
    {"datain":{"L1":[3,3,1],"L2":[4,3,1]},
     "output":{"L1":[3,3,1],"L2":[4,3,1],"Lcommon":[]},
     "ucase":30},
    {"datain":{"L1":[4,3,2,4],"L2":[4,3]},
     "output":{"L1":[2,4],"L2":[],"Lcommon":[4,3]},
     "ucase":31},
    {"datain":{"L1":[2,3,1,2],"L2":[2,3,1]},
     "output":{"L1":[2],"L2":[],"Lcommon":[2,3,1]},
     "ucase":32},
    {"datain":{"L1":[1,4,2],"L2":[1,4,2,4,4]},
     "output":{"L1":[],"L2":[4,4],"Lcommon":[1,4,2]},
     "ucase":33},
    {"datain":{"L1":[3],"L2":[2]},
     "output":{"L1":[3],"L2":[2],"Lcommon":[]},
     "ucase":34},
    {"datain":{"L1":[4,4,2],"L2":[1]},
     "output":{"L1":[4,4,2],"L2":[1],"Lcommon":[]},
     "ucase":35},
    {"datain":{"L1":[3,3,3],"L2":[3,4]},
     "output":{"L1":[3,3],"L2":[4],"Lcommon":[3]},
     "ucase":36},
    {"datain":{"L1":[1,2,3,2],"L2":[1,2,3,4,2,0]},
     "output":{"L1":[2],"L2":[4,2,0],"Lcommon":[1,2,3]},
     "ucase":37},
    {"datain":{"L1":[1,3,3,2],"L2":[1,3]},
     "output":{"L1":[3,2],"L2":[],"Lcommon":[1,3]},
     "ucase":38},
    {"datain":{"L1":[0,2,1],"L2":[]},
     "output":{"L1":[0,2,1],"L2":[],"Lcommon":[]},
     "ucase":39},
    {"datain":{"L1":[1,0,0],"L2":[]},
     "output":{"L1":[1,0,0],"L2":[],"Lcommon":[]},
     "ucase":40},
    {"datain":{"L1":[1,4,1],"L2":[1,4,0]},
     "output":{"L1":[1],"L2":[0],"Lcommon":[1,4]},
     "ucase":41},
    {"datain":{"L1":[0,2,4],"L2":[0,0,3,3]},
     "output":{"L1":[2,4],"L2":[0,3,3],"Lcommon":[0]},
     "ucase":42},
    {"datain":{"L1":[2,2],"L2":[2,0,0]},
     "output":{"L1":[2],"L2":[0,0],"Lcommon":[2]},
     "ucase":43},
    {"datain":{"L1":[1,0],"L2":[1,4,4,0]},
     "output":{"L1":[0],"L2":[4,4,0],"Lcommon":[1]},
     "ucase":44},
    {"datain":{"L1":[1,3,2,4,3],"L2":[1,3,2,2,3]},
     "output":{"L1":[4,3],"L2":[2,3],"Lcommon":[1,3,2]},
     "ucase":45},
    {"datain":{"L1":[],"L2":[0,4,2]},
     "output":{"L1":[],"L2":[0,4,2],"Lcommon":[]},
     "ucase":46},
    {"datain":{"L1":[4,4],"L2":[]},
     "output":{"L1":[4,4],"L2":[],"Lcommon":[]},
     "ucase":47},
    {"datain":{"L1":[0,2],"L2":[0,3]},
     "output":{"L1":[2],"L2":[3],"Lcommon":[0]},
     "ucase":48},
    {"datain":{"L1":[2,4,0],"L2":[2,4,4]},
     "output":{"L1":[0],"L2":[4],"Lcommon":[2,4]},
     "ucase":49},
    {"datain":{"L1":[1,3,2],"L2":[1,3]},
     "output":{"L1":[2],"L2":[],"Lcommon":[1,3]},
     "ucase":50}]
