[{"datain":{"S":[-7,-5,-1,4,6],"k":4},"output":{"o":22}},{"datain":{"S":[-9,-7,0,3,7],"k":1},"output":{"o":9}},{"datain":{"S":[-3,7],"k":1},"output":{"o":7}},{"datain":{"S":[3,5],"k":1},"output":{"o":5}},{"datain":{"S":[-6,-2,9],"k":2},"output":{"o":15}},{"datain":{"S":[-9,-5,0,5,6,8],"k":3},"output":{"o":23}},{"datain":{"S":[-6,1],"k":1},"output":{"o":6}},{"datain":{"S":[-10,-5,-1,5,7],"k":2},"output":{"o":17}},{"datain":{"S":[-3,0,5,8],"k":1},"output":{"o":8}},{"datain":{"S":[-9,-8,-2,-1,2,7],"k":4},"output":{"o":26}},{"datain":{"S":[-10,-9,-8,-1,5,9],"k":2},"output":{"o":19}},{"datain":{"S":[-4,3],"k":1},"output":{"o":4}},{"datain":{"S":[-6,-5,4,6],"k":3},"output":{"o":17}},{"datain":{"S":[-10,-8,-1,2,7],"k":4},"output":{"o":27}},{"datain":{"S":[-9,-4,0,6],"k":1},"output":{"o":9}},{"datain":{"S":[-6,-4,0,6],"k":1},"output":{"o":6}},{"datain":{"S":[-6,0,1],"k":1},"output":{"o":6}},{"datain":{"S":[-9,-8,-4,-1,3,9],"k":3},"output":{"o":26}},{"datain":{"S":[-3,3,6],"k":1},"output":{"o":6}},{"datain":{"S":[-10,-3,-2],"k":2},"output":{"o":13}},{"datain":{"S":[-3,-2,-1,6],"k":1},"output":{"o":6}},{"datain":{"S":[-8,-7,-6,0,5,6],"k":3},"output":{"o":21}},{"datain":{"S":[-10,9],"k":1},"output":{"o":10}},{"datain":{"S":[-9,-5,-3,5,6],"k":1},"output":{"o":9}},{"datain":{"S":[-9,-5],"k":1},"output":{"o":9}},{"datain":{"S":[-8,-6,-1,3,6],"k":2},"output":{"o":14}},{"datain":{"S":[-8,-3,-2,0,6,7],"k":4},"output":{"o":24}},{"datain":{"S":[-5,7],"k":1},"output":{"o":7}},{"datain":{"S":[-9,0,2,8,9],"k":3},"output":{"o":26}},{"datain":{"S":[-7,-3,1,6],"k":1},"output":{"o":7}},{"datain":{"S":[-6,-5,-4,-1,8],"k":2},"output":{"o":14}},{"datain":{"S":[-10,-9,-5,-1,2,4],"k":5},"output":{"o":30}},{"datain":{"S":[-10,-9,-7,-6,0,5],"k":5},"output":{"o":37}},{"datain":{"S":[-10,-9,-5,-4,2],"k":2},"output":{"o":19}},{"datain":{"S":[0,5],"k":1},"output":{"o":5}},{"datain":{"S":[-10,-2,0],"k":1},"output":{"o":10}},{"datain":{"S":[-9,-8,-7,3],"k":1},"output":{"o":9}},{"datain":{"S":[-10,-7,-3,-2,2,3],"k":2},"output":{"o":17}},{"datain":{"S":[-10,-5],"k":1},"output":{"o":10}},{"datain":{"S":[-9,-5,1,5],"k":2},"output":{"o":14}},{"datain":{"S":[-8,-6,-4,-2,2,6],"k":4},"output":{"o":24}},{"datain":{"S":[-7,6,7,9],"k":2},"output":{"o":16}},{"datain":{"S":[-10,1,5],"k":2},"output":{"o":15}},{"datain":{"S":[-9,-7,2,3,6,7],"k":4},"output":{"o":29}},{"datain":{"S":[-8,-1,9],"k":2},"output":{"o":17}},{"datain":{"S":[-9,-7,-1,1,9],"k":3},"output":{"o":25}},{"datain":{"S":[-10,-2,8],"k":2},"output":{"o":18}},{"datain":{"S":[-5,-3,-1,1],"k":2},"output":{"o":8}},{"datain":{"S":[-9,-7,-6,0,2,7],"k":1},"output":{"o":9}},{"datain":{"S":[-8,2,3,8],"k":3},"output":{"o":19}}]

