[{"datain":{"G":"1->{2,3,4}, 2->{1,3}, 3->{1,2}, 4->{1}","i":1,"j":4},"output":{"o":1}},{"datain":{"G":"1->{2,3,4}, 2->{1,3}, 3->{1,2}, 4->{1}","i":1,"j":3},"output":{"o":2}},{"datain":{"G":"1->{2,3,4}, 2->{1,3}, 3->{1,2}, 4->{1}","i":1,"j":2},"output":{"o":2}},{"datain":{"G":"1->{2,3,4}, 2->{1,3}, 3->{1,2}, 4->{1}","i":3,"j":4},"output":{"o":2}},{"datain":{"G":"29->{63,76}, 63->{29,76}, 65->{63}, 69->{76}, 76->{29,65}","i":69,"j":65},"output":{"o":1}},{"datain":{"G":"36->{38,41}, 38->{65}, 41->{36,65}, 65->{36,38}","i":41,"j":36},"output":{"o":2}},{"datain":{"G":"67->{70,75}, 70->{67,75}, 75->{67}, 78->{67,70,75}","i":67,"j":78},"output":{"o":0}},{"datain":{"G":"0->{59,64}, 59->{0,64,70}, 64->{0,70}, 70->{0,64}","i":59,"j":59},"output":{"o":1}},{"datain":{"G":"13->{43,47,70,79}, 20->{43}, 43->{13,70}, 47->{43,70,79}, 70->{43,79}, 79->{13,43}","i":13,"j":13},"output":{"o":1}},{"datain":{"G":"5->{15,45,52,69}, 15->{5,45}, 16->{5,15,18,69}, 18->{5,15,16,45,52}, 45->{5,15,18}, 52->{5,15,18}, 69->{5,15,16,45}","i":69,"j":16},"output":{"o":12}},{"datain":{"G":"1->{50,52}, 18->{1,38,59}, 38->{50,52,59}, 50->{1,18,38,52,59,78}, 52->{38,50,78}, 59->{18,38,78}, 78->{1,18,52}","i":18,"j":78},"output":{"o":28}},{"datain":{"G":"0->{8,30}, 8->{79}, 30->{8,79}, 79->{8,30}","i":30,"j":0},"output":{"o":0}},{"datain":{"G":"1->{17,46,49,57}, 14->{44,49,57}, 17->{14,44,49,57}, 44->{1,17,46}, 46->{1,44,49,57}, 49->{14,44,57}, 57->{14,17,46,49}","i":17,"j":14},"output":{"o":29}},{"datain":{"G":"18->{60}, 56->{60,73}, 60->{18,56}, 73->{18,60}","i":18,"j":18},"output":{"o":1}},{"datain":{"G":"0->{50,69}, 50->{0,61}, 61->{0,69}, 69->{61}","i":0,"j":50},"output":{"o":1}},{"datain":{"G":"32->{45,56,65}, 34->{39,45,65}, 39->{}, 45->{32,34,39,65}, 56->{32,34,39,65}, 65->{32,34,39,56}","i":45,"j":32},"output":{"o":5}},{"datain":{"G":"10->{37}, 37->{62}, 62->{37,65}, 65->{37,62}","i":10,"j":62},"output":{"o":1}},{"datain":{"G":"16->{52,69}, 52->{16,69}, 59->{16,52,69}, 69->{}","i":52,"j":52},"output":{"o":1}},{"datain":{"G":"5->{36}, 19->{36}, 36->{5,19,72}, 72->{5,36}","i":5,"j":19},"output":{"o":1}},{"datain":{"G":"27->{}, 35->{27,49,72}, 49->{27,35,72}, 72->{27,35}","i":35,"j":35},"output":{"o":1}},{"datain":{"G":"6->{21,32,34,47,73}, 21->{34,48}, 32->{34,48,73}, 34->{48}, 47->{21,32,73}, 48->{21,32,73}, 73->{34,47,48}","i":73,"j":32},"output":{"o":5}},{"datain":{"G":"10->{28}, 28->{10}, 58->{}, 77->{28,58}","i":77,"j":58},"output":{"o":1}},{"datain":{"G":"6->{14,50,72}, 14->{6,72}, 31->{44,47}, 44->{6,14,31,50}, 47->{44,50,72}, 50->{14,72}, 72->{31}","i":14,"j":47},"output":{"o":3}},{"datain":{"G":"1->{37}, 15->{22,52,74}, 22->{52,74}, 37->{1,15,52}, 52->{1,22,74}, 74->{22,52}","i":52,"j":1},"output":{"o":1}},{"datain":{"G":"13->{39,70}, 27->{28,39,70}, 28->{13,70}, 38->{27}, 39->{13,27,28,38,70}, 70->{13,27,28,38,39}","i":27,"j":39},"output":{"o":8}},{"datain":{"G":"6->{7,29,56}, 7->{6,29,64}, 22->{6,7,64,77}, 29->{6,22,56,77}, 56->{29,77}, 64->{6,22,77}, 77->{6,22,29,56}","i":56,"j":22},"output":{"o":11}},{"datain":{"G":"1->{20,24,31,64}, 19->{20,31,64}, 20->{24}, 24->{19,31,64}, 31->{20}, 64->{1,31}","i":19,"j":24},"output":{"o":6}},{"datain":{"G":"14->{28,30,75}, 28->{}, 30->{}, 75->{28}","i":75,"j":75},"output":{"o":1}},{"datain":{"G":"11->{53}, 19->{56,61}, 53->{11,19,56,61,70}, 56->{19,70}, 61->{19,56,70}, 70->{11,19,53,61}","i":70,"j":61},"output":{"o":8}},{"datain":{"G":"2->{15,26,66}, 13->{15}, 15->{}, 25->{2,13,66}, 26->{2,13,66}, 66->{2,15}","i":2,"j":2},"output":{"o":1}},{"datain":{"G":"13->{17}, 17->{50}, 25->{13,47,50}, 47->{13,25}, 50->{13,25}","i":50,"j":25},"output":{"o":1}},{"datain":{"G":"3->{39,58,71}, 39->{3,48,56,58,68,71}, 48->{58,71}, 56->{58,71}, 58->{3,39,68}, 68->{3,48,71}, 71->{39,48,58,68}","i":48,"j":48},"output":{"o":1}},{"datain":{"G":"50->{66,67}, 55->{}, 59->{55,67}, 66->{59}, 67->{66}","i":66,"j":66},"output":{"o":1}},{"datain":{"G":"11->{13,26,58}, 13->{11,77}, 14->{13,77}, 26->{11}, 57->{26,58}, 58->{11,13,26,57,77}, 77->{14,57}","i":77,"j":77},"output":{"o":1}},{"datain":{"G":"13->{33}, 33->{13}, 42->{33}, 45->{33,42}","i":13,"j":33},"output":{"o":1}},{"datain":{"G":"6->{54,76}, 11->{51,61,76}, 51->{6,11}, 54->{51,76}, 61->{}, 76->{11,51,54}","i":54,"j":51},"output":{"o":3}},{"datain":{"G":"0->{7,30,48}, 7->{0,31,56}, 30->{0,31,48,56}, 31->{0,30,48,56}, 48->{0,7,31,56,61}, 56->{0,7,30,48,61}, 61->{30,31,56}","i":61,"j":61},"output":{"o":1}},{"datain":{"G":"2->{20,24}, 4->{2,20,24}, 10->{58}, 20->{4,10}, 24->{10,20,58}, 58->{2,4,10,20}","i":4,"j":4},"output":{"o":1}},{"datain":{"G":"2->{37,43,64}, 35->{2,37,43,64}, 37->{2,43}, 43->{2,37}, 64->{2,43}","i":43,"j":43},"output":{"o":1}},{"datain":{"G":"4->{24,40}, 22->{4,24}, 24->{30}, 30->{24,40}, 40->{4,24}","i":24,"j":22},"output":{"o":0}},{"datain":{"G":"18->{60}, 47->{}, 60->{73}, 73->{18,60}","i":60,"j":47},"output":{"o":0}},{"datain":{"G":"13->{29,46,79}, 26->{46,63,79}, 29->{13,63,79}, 46->{13,26,63,79}, 63->{29,79}, 79->{26,29,63}","i":63,"j":63},"output":{"o":1}},{"datain":{"G":"11->{42,45,47,75}, 42->{11,47,75}, 45->{42,47,75}, 47->{11,45,75}, 75->{11,42}","i":47,"j":42},"output":{"o":10}},{"datain":{"G":"1->{16,41,51}, 6->{16,26,34,51}, 16->{1,6,41}, 26->{6,41,51}, 34->{1,16}, 41->{1,34,51}, 51->{6,26,34}","i":6,"j":41},"output":{"o":19}},{"datain":{"G":"0->{18}, 18->{55}, 45->{0,18}, 55->{}","i":18,"j":18},"output":{"o":1}},{"datain":{"G":"0->{47}, 5->{44,47}, 7->{0,5}, 44->{0,5,47}, 47->{7,44}","i":7,"j":7},"output":{"o":1}},{"datain":{"G":"9->{46,58}, 10->{9,46,71}, 46->{10,58,71}, 58->{9,46}, 71->{10,58}","i":9,"j":46},"output":{"o":2}},{"datain":{"G":"13->{56,78}, 29->{78}, 56->{13,65}, 65->{}, 78->{56}","i":56,"j":29},"output":{"o":0}},{"datain":{"G":"19->{28,69}, 28->{69}, 54->{28}, 69->{19,28}","i":28,"j":19},"output":{"o":1}},{"datain":{"G":"39->{51,78}, 51->{73}, 70->{73}, 73->{39,51,70}, 78->{39,51,70,73}","i":39,"j":51},"output":{"o":4}},{"datain":{"G":"0->{46,47,48,51,61}, 39->{46,47,48,51}, 46->{47}, 47->{0,51}, 48->{39,46,51,61}, 51->{47,61}, 61->{0,39}","i":39,"j":0},"output":{"o":11}},{"datain":{"G":"1->{2,42,49}, 2->{1,9,42,49}, 9->{42,49}, 42->{9,49}, 49->{2,9,42}","i":9,"j":1},"output":{"o":2}},{"datain":{"G":"18->{26,54,76}, 26->{54,74}, 54->{18,26,74}, 74->{54}, 76->{54,74}","i":18,"j":26},"output":{"o":4}},{"datain":{"G":"12->{64,67}, 29->{64,75}, 64->{29,67}, 67->{12,29,64}, 75->{12}","i":12,"j":75},"output":{"o":4}}]

