[{"datain":{"L":[5,9,3,9,6,4,1,1]},"output":{"L_geq":[],"L_low":[],"L_out":[5,9,3,9,6,4,1,1],"ret":false}},{"datain":{"L":[1,6,1,0,6,0,0,7,7]},"output":{"L_geq":[7,7],"L_low":[1,6,1,0,6,0,0],"L_out":[],"ret":true}},{"datain":{"L":[0,0,2,3,6,5,5,9]},"output":{"L_geq":[0,0,2,3,6,5,5,9],"L_low":[],"L_out":[],"ret":true}},{"datain":{"L":[4,9,0,0,8,3,8,6]},"output":{"L_geq":[],"L_low":[],"L_out":[4,9,0,0,8,3,8,6],"ret":false}},{"datain":{"L":[4,5,6]},"output":{"L_geq":[4,5,6],"L_low":[],"L_out":[],"ret":true}},{"datain":{"L":[4,8,8,7,4]},"output":{"L_geq":[4,8,8,7,4],"L_low":[],"L_out":[],"ret":true}},{"datain":{"L":[5,3,1,4,4]},"output":{"L_geq":[],"L_low":[],"L_out":[5,3,1,4,4],"ret":false}},{"datain":{"L":[4,0,0,5,6,6]},"output":{"L_geq":[5,6,6],"L_low":[4,0,0],"L_out":[],"ret":true}},{"datain":{"L":[0,2,6,4]},"output":{"L_geq":[0,2,6,4],"L_low":[],"L_out":[],"ret":true}},{"datain":{"L":[3,2,3,8,8]},"output":{"L_geq":[8,8],"L_low":[3,2,3],"L_out":[],"ret":true}},{"datain":{"L":[2,3,8,0,9,7,2,6]},"output":{"L_geq":[],"L_low":[],"L_out":[2,3,8,0,9,7,2,6],"ret":false}},{"datain":{"L":[7,3,6,8,1,7,6,4,6]},"output":{"L_geq":[],"L_low":[],"L_out":[7,3,6,8,1,7,6,4,6],"ret":false}},{"datain":{"L":[3,0,3,4,7,4,7]},"output":{"L_geq":[4,7,4,7],"L_low":[3,0,3],"L_out":[],"ret":true}},{"datain":{"L":[1,0,8,1,1,3,4,8,0]},"output":{"L_geq":[],"L_low":[],"L_out":[1,0,8,1,1,3,4,8,0],"ret":false}},{"datain":{"L":[1,6,7,7,6]},"output":{"L_geq":[1,6,7,7,6],"L_low":[],"L_out":[],"ret":true}},{"datain":{"L":[5,4,0,4,2]},"output":{"L_geq":[],"L_low":[],"L_out":[5,4,0,4,2],"ret":false}},{"datain":{"L":[4,9,2,1,9,0,1,0]},"output":{"L_geq":[],"L_low":[],"L_out":[4,9,2,1,9,0,1,0],"ret":false}},{"datain":{"L":[1,3,0,4,3,8,4,9,3]},"output":{"L_geq":[],"L_low":[],"L_out":[1,3,0,4,3,8,4,9,3],"ret":false}},{"datain":{"L":[4,5,5,7]},"output":{"L_geq":[4,5,5,7],"L_low":[],"L_out":[],"ret":true}},{"datain":{"L":[1,2,5,7]},"output":{"L_geq":[1,2,5,7],"L_low":[],"L_out":[],"ret":true}},{"datain":{"L":[2,3,5,2,9,4,9]},"output":{"L_geq":[2,3,5,2,9,4,9],"L_low":[],"L_out":[],"ret":true}},{"datain":{"L":[0,7,7]},"output":{"L_geq":[0,7,7],"L_low":[],"L_out":[],"ret":true}},{"datain":{"L":[2,3,4,9,9]},"output":{"L_geq":[2,3,4,9,9],"L_low":[],"L_out":[],"ret":true}},{"datain":{"L":[6,2,5]},"output":{"L_geq":[],"L_low":[],"L_out":[6,2,5],"ret":false}},{"datain":{"L":[9,4,1,2,5,6,3]},"output":{"L_geq":[],"L_low":[],"L_out":[9,4,1,2,5,6,3],"ret":false}},{"datain":{"L":[4,3,5,7,5,9,8,5]},"output":{"L_geq":[5,7,5,9,8,5],"L_low":[4,3],"L_out":[],"ret":true}},{"datain":{"L":[3,5,3,0,5,1,9,9,7]},"output":{"L_geq":[],"L_low":[],"L_out":[3,5,3,0,5,1,9,9,7],"ret":false}},{"datain":{"L":[0,2,6,8,7]},"output":{"L_geq":[0,2,6,8,7],"L_low":[],"L_out":[],"ret":true}},{"datain":{"L":[2,1,3,3,1,7,7,9]},"output":{"L_geq":[7,7,9],"L_low":[2,1,3,3,1],"L_out":[],"ret":true}},{"datain":{"L":[6,9,0,4,7,5]},"output":{"L_geq":[],"L_low":[],"L_out":[6,9,0,4,7,5],"ret":false}},{"datain":{"L":[6,2,2,0,4,2]},"output":{"L_geq":[],"L_low":[],"L_out":[6,2,2,0,4,2],"ret":false}},{"datain":{"L":[3,1,4]},"output":{"L_geq":[4],"L_low":[3,1],"L_out":[],"ret":true}},{"datain":{"L":[1,0,2]},"output":{"L_geq":[2],"L_low":[1,0],"L_out":[],"ret":true}},{"datain":{"L":[1,1,2,2,7,8]},"output":{"L_geq":[1,1,2,2,7,8],"L_low":[],"L_out":[],"ret":true}},{"datain":{"L":[0,0,1,2,8,8,9,7,8]},"output":{"L_geq":[0,0,1,2,8,8,9,7,8],"L_low":[],"L_out":[],"ret":true}},{"datain":{"L":[5,0,8,0,1,2,8,9,9]},"output":{"L_geq":[9,9],"L_low":[5,0,8,0,1,2,8],"L_out":[],"ret":true}},{"datain":{"L":[6,0,8,4,5,1]},"output":{"L_geq":[],"L_low":[],"L_out":[6,0,8,4,5,1],"ret":false}},{"datain":{"L":[1,2,9,9,8,3,8,6,9]},"output":{"L_geq":[1,2,9,9,8,3,8,6,9],"L_low":[],"L_out":[],"ret":true}},{"datain":{"L":[3,0,0,6,8,8]},"output":{"L_geq":[6,8,8],"L_low":[3,0,0],"L_out":[],"ret":true}},{"datain":{"L":[1,3,9]},"output":{"L_geq":[1,3,9],"L_low":[],"L_out":[],"ret":true}},{"datain":{"L":[8,7,3,0,8,8]},"output":{"L_geq":[],"L_low":[],"L_out":[8,7,3,0,8,8],"ret":false}},{"datain":{"L":[0,0,2,2,6,8]},"output":{"L_geq":[0,0,2,2,6,8],"L_low":[],"L_out":[],"ret":true}},{"datain":{"L":[1,0,2,5,6,8,3,4,6]},"output":{"L_geq":[2,5,6,8,3,4,6],"L_low":[1,0],"L_out":[],"ret":true}},{"datain":{"L":[2,0,6,8]},"output":{"L_geq":[6,8],"L_low":[2,0],"L_out":[],"ret":true}},{"datain":{"L":[0,4,2,1,2,5,7]},"output":{"L_geq":[0,4,2,1,2,5,7],"L_low":[],"L_out":[],"ret":true}},{"datain":{"L":[2,0,2]},"output":{"L_geq":[],"L_low":[],"L_out":[2,0,2],"ret":false}},{"datain":{"L":[4,0,4,5,8]},"output":{"L_geq":[5,8],"L_low":[4,0,4],"L_out":[],"ret":true}},{"datain":{"L":[9,8,8,3,0,8,7]},"output":{"L_geq":[],"L_low":[],"L_out":[9,8,8,3,0,8,7],"ret":false}},{"datain":{"L":[0,3,4,6,7]},"output":{"L_geq":[0,3,4,6,7],"L_low":[],"L_out":[],"ret":true}},{"datain":{"L":[4,7,3,8,9]},"output":{"L_geq":[8,9],"L_low":[4,7,3],"L_out":[],"ret":true}}]

