[
    {"datain":{"T1":"(1 2 3)","T2":"(1 3 2)"},
     "output":{"retval":true},
     "ucase":0},
    {"datain":{"T1":"(1 2 3)","T2":"(1 2 3)"},
     "output":{"retval":false},
     "ucase":1},
    {"datain":{"T1":"(1 2 3)","T2":"(1 2 3 4)"},
     "output":{"retval":true},
     "ucase":2},
    {"datain":{"T1":"(1 2 3 4)","T2":"(1 2 3)"},
     "output":{"retval":false},
     "ucase":3},
    {"datain":{"T1":"(1 (0 (0 0)) (1 (1 1)))","T2":"(1 (1 (0 0) (1 1) 0))"},
     "output":{"retval":true},
     "ucase":4},
    {"datain":{"T1":"(0 (0 0) (1 0 0 1))","T2":"(0 (0 (0 (1 1) 0) 1))"},
     "output":{"retval":true},
     "ucase":5},
    {"datain":{"T1":"(0 (1 1 1 1))","T2":"(0 0 (0 (1 1)))"},
     "output":{"retval":false},
     "ucase":6},
    {"datain":{"T1":"(0 (1 (1 0)) 0)","T2":"(0 1 1 (0 1))"},
     "output":{"retval":false},
     "ucase":7},
    {"datain":{"T1":"(0 (1 (0 1) (1 1)))","T2":"(1 (0 (1 1 (0 1))))"},
     "output":{"retval":true},
     "ucase":8},
    {"datain":{"T1":"(1 0 0 (1 (0 1)))","T2":"(0 (0 (1 1) (1 0)))"},
     "output":{"retval":false},
     "ucase":9},
    {"datain":{"T1":"(0 (0 (1 1)) 1)","T2":"(0 (1 1) (1 1))"},
     "output":{"retval":true},
     "ucase":10},
    {"datain":{"T1":"(1 (0 (1 1)) 1)","T2":"(0 (0 0 (0 0)))"},
     "output":{"retval":false},
     "ucase":11},
    {"datain":{"T1":"(0 (0 (0 0)) (0 0 0))","T2":"(0 (0 (0 (0 0 0)) 0))"},
     "output":{"retval":true},
     "ucase":12},
    {"datain":{"T1":"(0 (0 0) (0 0) 0)","T2":"(0 (0 0) (0 0) 0)"},
     "output":{"retval":false},
     "ucase":13},
    {"datain":{"T1":"(0 (0 (0 0)) 0)","T2":"(0 (0 (0 0)) 0)"},
     "output":{"retval":false},
     "ucase":14},
    {"datain":{"T1":"(0 (0 0) (0 0) 0)","T2":"(0 (0 0) (0 (0 0)))"},
     "output":{"retval":true},
     "ucase":15},
    {"datain":{"T1":"(0 (0 0) 0 (0 0))","T2":"(0 (0 0) (0 0) 0)"},
     "output":{"retval":true},
     "ucase":16},
    {"datain":{"T1":"(0 (1 (1 1) (1 0) 1))","T2":"(1 (1 0) (1 1) (1 0))"},
     "output":{"retval":true},
     "ucase":17},
    {"datain":{"T1":"(0 (0 (0 0 (0 0))))","T2":"(0 0 (0 (0 0)) 0)"},
     "output":{"retval":false},
     "ucase":18},
    {"datain":{"T1":"(0 (1 1) (1 (0 0)))","T2":"(1 1 (0 0) (0 0))"},
     "output":{"retval":true},
     "ucase":19},
    {"datain":{"T1":"(0 (0 0 (0 0)) 0)","T2":"(0 (0 0) (0 (0 0)))"},
     "output":{"retval":false},
     "ucase":20},
    {"datain":{"T1":"(0 (0 (0 0) (0 (0 0))))","T2":"(0 0 (0 0 (0 0)) 0)"},
     "output":{"retval":false},
     "ucase":21},
    {"datain":{"T1":"(0 (0 (0 0) (0 0)))","T2":"(0 (0 (0 0) 0) 0)"},
     "output":{"retval":false},
     "ucase":22},
    {"datain":{"T1":"(0 0 (0 (0 0) (0 0)))","T2":"(0 (0 0 0) 0 (0 0))"},
     "output":{"retval":true},
     "ucase":23},
    {"datain":{"T1":"(1 (0 (1 0)) (0 0 1))","T2":"(1 (0 0) (0 (1 (1 1))))"},
     "output":{"retval":false},
     "ucase":24},
    {"datain":{"T1":"(0 (0 0 0) 0 0)","T2":"(0 (0 (0 (0 (0 0)))))"},
     "output":{"retval":true},
     "ucase":25},
    {"datain":{"T1":"(0 (0 (0 0)) 0)","T2":"(0 (0 0 0) 0)"},
     "output":{"retval":false},
     "ucase":26},
    {"datain":{"T1":"(0 (1 0 0 1) 1)","T2":"(0 (1 (0 1) (0 0)))"},
     "output":{"retval":true},
     "ucase":27},
    {"datain":{"T1":"(0 (1 (1 1 1) (0 1)))","T2":"(1 (0 (0 1) 1 1) 1)"},
     "output":{"retval":true},
     "ucase":28},
    {"datain":{"T1":"(1 (0 (1 (1 (1 (1 0))))))","T2":"(1 (0 (0 0)) (0 (1 0)))"},
     "output":{"retval":false},
     "ucase":29},
    {"datain":{"T1":"(0 (1 0) (1 1) 1)","T2":"(1 (0 (0 1) 1) 0)"},
     "output":{"retval":true},
     "ucase":30},
    {"datain":{"T1":"(1 (0 (1 1)) (0 0))","T2":"(0 (1 0) (1 0) 1)"},
     "output":{"retval":false},
     "ucase":31},
    {"datain":{"T1":"(1 (1 0 0 0) 0 0)","T2":"(1 (1 (0 0)) (1 (0 1)))"},
     "output":{"retval":true},
     "ucase":32},
    {"datain":{"T1":"(0 (0 (0 0 0)))","T2":"(0 (0 0 0 0))"},
     "output":{"retval":false},
     "ucase":33},
    {"datain":{"T1":"(0 (0 (0 0 (0 0)) 0))","T2":"(0 (0 0) (0 (0 0)) 0)"},
     "output":{"retval":false},
     "ucase":34},
    {"datain":{"T1":"(0 0 (1 (1 1)))","T2":"(1 (0 1 0) 0)"},
     "output":{"retval":true},
     "ucase":35},
    {"datain":{"T1":"(0 (0 (0 (0 0))))","T2":"(0 (0 (0 0 0)))"},
     "output":{"retval":false},
     "ucase":36},
    {"datain":{"T1":"(0 (0 0) (0 0) 0)","T2":"(0 (0 (0 0)) (0 0))"},
     "output":{"retval":true},
     "ucase":37},
    {"datain":{"T1":"(0 (0 0) (0 0) (0 0))","T2":"(0 (0 0) (0 (0 0)) 0)"},
     "output":{"retval":true},
     "ucase":38},
    {"datain":{"T1":"(1 1 (1 (0 0)))","T2":"(0 1 (1 1 1))"},
     "output":{"retval":false},
     "ucase":39},
    {"datain":{"T1":"(0 (0 (0 (0 (0 1))) 0))","T2":"(0 (0 (1 (0 1) 0 0)))"},
     "output":{"retval":true},
     "ucase":40},
    {"datain":{"T1":"(0 (1 0) (0 0) (0 0))","T2":"(0 (1 0 (1 1) (0 1)))"},
     "output":{"retval":true},
     "ucase":41},
    {"datain":{"T1":"(0 (0 0) 0 0)","T2":"(0 (0 0) (0 0))"},
     "output":{"retval":true},
     "ucase":42},
    {"datain":{"T1":"(0 (0 0) (0 (0 0)))","T2":"(0 (0 0) (0 (0 0)))"},
     "output":{"retval":false},
     "ucase":43},
    {"datain":{"T1":"(0 (0 0 1) 1 1)","T2":"(1 (0 0 1) (0 1))"},
     "output":{"retval":true},
     "ucase":44},
    {"datain":{"T1":"(0 (0 (0 0) (0 0)))","T2":"(0 (0 0 0 (0 0)))"},
     "output":{"retval":false},
     "ucase":45},
    {"datain":{"T1":"(0 (0 (0 (0 0))))","T2":"(0 (0 0) 0 0)"},
     "output":{"retval":false},
     "ucase":46},
    {"datain":{"T1":"(0 (0 (0 (0 (0 0) 0))))","T2":"(0 (0 0 0) (0 (0 0)))"},
     "output":{"retval":false},
     "ucase":47},
    {"datain":{"T1":"(0 (0 0) 0 (0 0 0))","T2":"(0 (0 (0 0 0) (0 0)))"},
     "output":{"retval":true},
     "ucase":48},
    {"datain":{"T1":"(0 0 (0 (0 0)))","T2":"(0 (0 0 0) 0)"},
     "output":{"retval":true},
     "ucase":49},
    {"datain":{"T1":"(1 0 (1 0 (0 1)) 1)","T2":"(1 (1 1 0 (0 (1 1))))"},
     "output":{"retval":true},
     "ucase":50},
    {"datain":{"T1":"(1 (0 (1 0 (0 0))))","T2":"(1 (1 (1 1) (0 1)))"},
     "output":{"retval":true},
     "ucase":51},
    {"datain":{"T1":"(0 (0 (0 (0 0) (0 0))))","T2":"(0 (0 (0 (0 0)) (0 0)))"},
     "output":{"retval":false},
     "ucase":52},
    {"datain":{"T1":"(0 (1 (1 (1 0)) 1))","T2":"(0 (0 0 (0 (1 1))))"},
     "output":{"retval":false},
     "ucase":53}]
