[{"datain":{"L1":[2,1,0,1],"L2":[0]},"output":{"L1out":[2,1,0,1],"L2out":[0],"Lcommon":[]}},{"datain":{"L1":[1,2,0,1],"L2":[1,0,1,0,1]},"output":{"L1out":[2,0,1],"L2out":[0,1,0,1],"Lcommon":[1]}},{"datain":{"L1":[2,2,2],"L2":[0,0,1]},"output":{"L1out":[2,2,2],"L2out":[0,0,1],"Lcommon":[]}},{"datain":{"L1":[0,2,1,0,0],"L2":[2,1,1,1,0]},"output":{"L1out":[0,2,1,0,0],"L2out":[2,1,1,1,0],"Lcommon":[]}},{"datain":{"L1":[2,0,1,2,2],"L2":[2,0,1,1,0]},"output":{"L1out":[2,2],"L2out":[1,0],"Lcommon":[2,0,1]}},{"datain":{"L1":[1,1,2,2,2],"L2":[1,0,2]},"output":{"L1out":[1,2,2,2],"L2out":[0,2],"Lcommon":[1]}},{"datain":{"L1":[0,2],"L2":[2,0,0]},"output":{"L1out":[0,2],"L2out":[2,0,0],"Lcommon":[]}},{"datain":{"L1":[1,2],"L2":[0,1,1,1]},"output":{"L1out":[1,2],"L2out":[0,1,1,1],"Lcommon":[]}},{"datain":{"L1":[1,1,2],"L2":[2,1,2,2,1]},"output":{"L1out":[1,1,2],"L2out":[2,1,2,2,1],"Lcommon":[]}},{"datain":{"L1":[0,0,0,1],"L2":[2,0,2,2]},"output":{"L1out":[0,0,0,1],"L2out":[2,0,2,2],"Lcommon":[]}},{"datain":{"L1":[1,0,1],"L2":[0,0]},"output":{"L1out":[1,0,1],"L2out":[0,0],"Lcommon":[]}},{"datain":{"L1":[1,0],"L2":[0,2,1,0,2]},"output":{"L1out":[1,0],"L2out":[0,2,1,0,2],"Lcommon":[]}},{"datain":{"L1":[2,1],"L2":[2,0,1]},"output":{"L1out":[1],"L2out":[0,1],"Lcommon":[2]}},{"datain":{"L1":[2,2,1,0,1],"L2":[2,1,0,1,2]},"output":{"L1out":[2,1,0,1],"L2out":[1,0,1,2],"Lcommon":[2]}},{"datain":{"L1":[2,0,1,0],"L2":[2]},"output":{"L1out":[0,1,0],"L2out":[],"Lcommon":[2]}},{"datain":{"L1":[0],"L2":[1,2,0,0,0]},"output":{"L1out":[0],"L2out":[1,2,0,0,0],"Lcommon":[]}},{"datain":{"L1":[0,0,1,0],"L2":[1,0]},"output":{"L1out":[0,0,1,0],"L2out":[1,0],"Lcommon":[]}},{"datain":{"L1":[2,0,2,2],"L2":[1,0,0,2,1]},"output":{"L1out":[2,0,2,2],"L2out":[1,0,0,2,1],"Lcommon":[]}},{"datain":{"L1":[0,0,0,0,2],"L2":[1,2,2]},"output":{"L1out":[0,0,0,0,2],"L2out":[1,2,2],"Lcommon":[]}},{"datain":{"L1":[0,2,2,0],"L2":[0,0,1]},"output":{"L1out":[2,2,0],"L2out":[0,1],"Lcommon":[0]}},{"datain":{"L1":[1,0,1,2,1],"L2":[0,0,0,0,0]},"output":{"L1out":[1,0,1,2,1],"L2out":[0,0,0,0,0],"Lcommon":[]}},{"datain":{"L1":[0,2,1,0,1],"L2":[0,0,2,2]},"output":{"L1out":[2,1,0,1],"L2out":[0,2,2],"Lcommon":[0]}},{"datain":{"L1":[1],"L2":[0,0,1]},"output":{"L1out":[1],"L2out":[0,0,1],"Lcommon":[]}},{"datain":{"L1":[0],"L2":[1,1,0,1,0]},"output":{"L1out":[0],"L2out":[1,1,0,1,0],"Lcommon":[]}},{"datain":{"L1":[2,0],"L2":[1,0,2,1]},"output":{"L1out":[2,0],"L2out":[1,0,2,1],"Lcommon":[]}},{"datain":{"L1":[2,0],"L2":[1,2,0,2]},"output":{"L1out":[2,0],"L2out":[1,2,0,2],"Lcommon":[]}},{"datain":{"L1":[1,1,0],"L2":[0,1,2,2]},"output":{"L1out":[1,1,0],"L2out":[0,1,2,2],"Lcommon":[]}},{"datain":{"L1":[1,1],"L2":[1,1,0]},"output":{"L1out":[],"L2out":[0],"Lcommon":[1,1]}},{"datain":{"L1":[0],"L2":[1]},"output":{"L1out":[0],"L2out":[1],"Lcommon":[]}},{"datain":{"L1":[0,0,1],"L2":[2,1,2,2,2]},"output":{"L1out":[0,0,1],"L2out":[2,1,2,2,2],"Lcommon":[]}},{"datain":{"L1":[2,2],"L2":[0,2,1]},"output":{"L1out":[2,2],"L2out":[0,2,1],"Lcommon":[]}},{"datain":{"L1":[1],"L2":[0,1,1,2]},"output":{"L1out":[1],"L2out":[0,1,1,2],"Lcommon":[]}},{"datain":{"L1":[0,0,2,0,1],"L2":[0,0,1]},"output":{"L1out":[2,0,1],"L2out":[1],"Lcommon":[0,0]}},{"datain":{"L1":[0,0,0,1],"L2":[1,0]},"output":{"L1out":[0,0,0,1],"L2out":[1,0],"Lcommon":[]}},{"datain":{"L1":[1],"L2":[1,1,1,2]},"output":{"L1out":[],"L2out":[1,1,2],"Lcommon":[1]}},{"datain":{"L1":[0,1,1],"L2":[2,2]},"output":{"L1out":[0,1,1],"L2out":[2,2],"Lcommon":[]}},{"datain":{"L1":[2,1,1],"L2":[1]},"output":{"L1out":[2,1,1],"L2out":[1],"Lcommon":[]}},{"datain":{"L1":[2,1,1,1,1],"L2":[2,0,0,1,0]},"output":{"L1out":[1,1,1,1],"L2out":[0,0,1,0],"Lcommon":[2]}},{"datain":{"L1":[1,2,1,2],"L2":[2,2,1,0,0]},"output":{"L1out":[1,2,1,2],"L2out":[2,2,1,0,0],"Lcommon":[]}},{"datain":{"L1":[0,1],"L2":[2,1,0,0]},"output":{"L1out":[0,1],"L2out":[2,1,0,0],"Lcommon":[]}},{"datain":{"L1":[0,0],"L2":[0,2,0]},"output":{"L1out":[0],"L2out":[2,0],"Lcommon":[0]}},{"datain":{"L1":[1,0],"L2":[1,2,1]},"output":{"L1out":[0],"L2out":[2,1],"Lcommon":[1]}},{"datain":{"L1":[1,1],"L2":[0,2,2,0]},"output":{"L1out":[1,1],"L2out":[0,2,2,0],"Lcommon":[]}},{"datain":{"L1":[0,2,0,0],"L2":[0,2,1,1,2]},"output":{"L1out":[0,0],"L2out":[1,1,2],"Lcommon":[0,2]}},{"datain":{"L1":[2,1],"L2":[2]},"output":{"L1out":[1],"L2out":[],"Lcommon":[2]}},{"datain":{"L1":[1],"L2":[0,1]},"output":{"L1out":[1],"L2out":[0,1],"Lcommon":[]}},{"datain":{"L1":[1,1,2,1,2],"L2":[2,0]},"output":{"L1out":[1,1,2,1,2],"L2out":[2,0],"Lcommon":[]}},{"datain":{"L1":[0],"L2":[1]},"output":{"L1out":[0],"L2out":[1],"Lcommon":[]}},{"datain":{"L1":[2,1,0],"L2":[2,0,1,0]},"output":{"L1out":[1,0],"L2out":[0,1,0],"Lcommon":[2]}},{"datain":{"L1":[2,0,0],"L2":[2,2,2]},"output":{"L1out":[0,0],"L2out":[2,2],"Lcommon":[2]}}]
