[{"datain":{"T":"(8 (5 . 7) (6 . 5))","depth":1},"output":{"LTs":["(5 . 7)","(6 . 5)"]}},{"datain":{"T":"(2 (1 (2 . (6 (4 . (3 8 .)) .)) .) (8 6 .))","depth":0},"output":{"LTs":["(2 (1 (2 . (6 (4 . (3 8 .)) .)) .) (8 6 .))"]}},{"datain":{"T":"(8 3 (5 (0 7 .) .))","depth":4},"output":{"LTs":[]}},{"datain":{"T":"(7 (6 (8 0 .) .) (5 8 1))","depth":0},"output":{"LTs":["(7 (6 (8 0 .) .) (5 8 1))"]}},{"datain":{"T":"(5 (1 (5 (5 . 1) .) (1 (6 (2 (5 3 .) .) (6 (2 . 1) 8)) .)) 1)","depth":5},"output":{"LTs":["(5 3 .)","(2 . 1)","8"]}},{"datain":{"T":"(2 (4 (0 7 (5 (0 (0 0 6) .) (8 . 4))) 2) (8 . 8))","depth":5},"output":{"LTs":["(0 0 6)","4"]}},{"datain":{"T":"(7 (7 2 (0 3 (5 (7 . (5 0 .)) .))) (8 (5 (0 3 .) (1 4 .)) .))","depth":5},"output":{"LTs":["(5 0 .)"]}},{"datain":{"T":"(3 5 4)","depth":5},"output":{"LTs":[]}},{"datain":{"T":"(0 (4 . (7 3 .)) (3 (3 . 3) (6 . (8 2 (4 0 .)))))","depth":5},"output":{"LTs":["0"]}},{"datain":{"T":"(1 (0 (5 2 8) 2) (7 (1 3 .) .))","depth":0},"output":{"LTs":["(1 (0 (5 2 8) 2) (7 (1 3 .) .))"]}},{"datain":{"T":"(3 (8 (0 (3 . (0 (4 . (6 7 .)) (1 . (0 5 .)))) .) .) (4 (2 4 .) .))","depth":1},"output":{"LTs":["(8 (0 (3 . (0 (4 . (6 7 .)) (1 . (0 5 .)))) .) .)","(4 (2 4 .) .)"]}},{"datain":{"T":"(7 (7 6 .) (1 (3 . (3 (7 . (8 (2 (1 0 .) .) 5)) .)) .))","depth":1},"output":{"LTs":["(7 6 .)","(1 (3 . (3 (7 . (8 (2 (1 0 .) .) 5)) .)) .)"]}},{"datain":{"T":"(3 (8 0 (0 (5 . (8 3 .)) .)) 2)","depth":0},"output":{"LTs":["(3 (8 0 (0 (5 . (8 3 .)) .)) 2)"]}},{"datain":{"T":"(3 (4 . (7 0 1)) (0 2 .))","depth":6},"output":{"LTs":[]}},{"datain":{"T":"(5 5 (3 . 0))","depth":5},"output":{"LTs":[]}},{"datain":{"T":"(5 (6 (0 . 4) .) (3 . (4 2 .)))","depth":6},"output":{"LTs":[]}},{"datain":{"T":"(7 (5 . 4) (4 (7 2 5) 2))","depth":8},"output":{"LTs":[]}},{"datain":{"T":"(6 (0 (5 . (7 5 .)) (4 (6 . 7) .)) (2 (3 3 2) (2 0 6)))","depth":3},"output":{"LTs":["(7 5 .)","(6 . 7)","3","2","0","6"]}},{"datain":{"T":"(2 (0 (2 0 .) .) (6 (5 . 6) .))","depth":1},"output":{"LTs":["(0 (2 0 .) .)","(6 (5 . 6) .)"]}},{"datain":{"T":"(1 (6 (6 (8 (4 . 0) (0 7 .)) (0 6 .)) (4 2 (6 4 .))) (1 (4 5 .) .))","depth":4},"output":{"LTs":["(4 . 0)","(0 7 .)","6","4"]}},{"datain":{"T":"(8 (3 . (7 3 5)) (7 (7 (2 (3 5 (3 . (3 (6 . 2) (8 4 .)))) .) (2 . 5)) (5 5 .)))","depth":8},"output":{"LTs":["2","4"]}},{"datain":{"T":"(3 (3 2 5) (7 (8 . 8) .))","depth":8},"output":{"LTs":[]}},{"datain":{"T":"(6 (4 (0 (5 0 .) (0 (7 5 .) 2)) .) 4)","depth":5},"output":{"LTs":["5"]}},{"datain":{"T":"(5 2 (0 . (8 . (5 0 .))))","depth":0},"output":{"LTs":["(5 2 (0 . (8 . (5 0 .))))"]}},{"datain":{"T":"(3 (6 . (5 5 .)) (1 . 8))","depth":7},"output":{"LTs":[]}},{"datain":{"T":"(3 7 (7 (4 (3 . 8) 3) .))","depth":5},"output":{"LTs":[]}},{"datain":{"T":"(5 (1 . 5) (7 (0 . (1 (0 3 8) .)) 6))","depth":0},"output":{"LTs":["(5 (1 . 5) (7 (0 . (1 (0 3 8) .)) 6))"]}},{"datain":{"T":"(1 1 (8 . (8 (2 (5 5 .) .) .)))","depth":7},"output":{"LTs":[]}},{"datain":{"T":"(2 (2 . (1 4 .)) (0 . (0 (8 5 .) .)))","depth":3},"output":{"LTs":["4","(8 5 .)"]}},{"datain":{"T":"(4 (0 1 (5 . 3)) 0)","depth":0},"output":{"LTs":["(4 (0 1 (5 . 3)) 0)"]}},{"datain":{"T":"(5 (5 5 .) (4 . 1))","depth":2},"output":{"LTs":["5","1"]}},{"datain":{"T":"(4 (4 (1 . (6 (5 0 .) .)) (6 (3 0 (0 . 7)) 5)) (2 (2 . (5 (5 2 .) 2)) (2 (6 . (0 . 3)) .)))","depth":3},"output":{"LTs":["(6 (5 0 .) .)","(3 0 (0 . 7))","5","(5 (5 2 .) 2)","(6 . (0 . 3))"]}},{"datain":{"T":"(7 (5 . (2 2 .)) (5 7 .))","depth":2},"output":{"LTs":["(2 2 .)","7"]}},{"datain":{"T":"(1 (3 (6 . 1) (7 6 .)) (2 (5 5 .) (7 . (8 8 .))))","depth":3},"output":{"LTs":["1","6","5","(8 8 .)"]}},{"datain":{"T":"(3 (3 (6 . (1 . 5)) 4) (0 (0 . 3) (6 (0 . (7 8 7)) .)))","depth":8},"output":{"LTs":[]}},{"datain":{"T":"(3 0 4)","depth":7},"output":{"LTs":[]}},{"datain":{"T":"(4 (7 . (0 . 1)) (0 . (0 (7 (2 6 (3 4 7)) .) .)))","depth":5},"output":{"LTs":["6","(3 4 7)"]}},{"datain":{"T":"(5 (7 (8 (5 8 .) (1 . (0 1 .))) (7 . 5)) (6 . (5 2 .)))","depth":7},"output":{"LTs":[]}},{"datain":{"T":"(6 7 (6 (0 . (2 (7 3 .) .)) (2 . (3 (4 8 .) .))))","depth":6},"output":{"LTs":[]}},{"datain":{"T":"(2 (3 5 4) (4 (1 (2 . 5) .) (6 (6 . (5 . 5)) 3)))","depth":7},"output":{"LTs":[]}},{"datain":{"T":"(2 (6 (8 . (3 8 .)) (4 . (4 . (4 2 3)))) (3 (1 6 .) .))","depth":7},"output":{"LTs":[]}},{"datain":{"T":"(2 5 (1 . 7))","depth":3},"output":{"LTs":[]}},{"datain":{"T":"(8 (2 (1 8 .) .) (2 . 2))","depth":5},"output":{"LTs":[]}},{"datain":{"T":"(2 (8 (5 . 8) .) 4)","depth":5},"output":{"LTs":[]}},{"datain":{"T":"(7 (8 . (2 . (7 (4 0 8) (2 . (0 . 5))))) (3 (3 . (6 3 .)) 0))","depth":7},"output":{"LTs":[]}},{"datain":{"T":"(8 (4 . 3) (2 . 7))","depth":4},"output":{"LTs":[]}},{"datain":{"T":"(2 (6 (7 (2 . (2 . (3 1 .))) .) (0 0 .)) (3 (7 5 .) .))","depth":5},"output":{"LTs":["(3 1 .)"]}},{"datain":{"T":"(8 (3 . (5 0 7)) (4 2 (3 0 .)))","depth":5},"output":{"LTs":[]}},{"datain":{"T":"(6 (3 (4 7 .) (3 . (1 . 3))) (1 (6 8 .) .))","depth":2},"output":{"LTs":["(4 7 .)","(3 . (1 . 3))","(6 8 .)"]}},{"datain":{"T":"(5 (5 (5 (0 . 0) (4 . (3 (0 . 5) .))) (1 (0 4 4) 1)) (0 (8 . (1 (2 8 .) .)) (3 . 6)))","depth":3},"output":{"LTs":["(0 . 0)","(4 . (3 (0 . 5) .))","(0 4 4)","1","(1 (2 8 .) .)","6"]}}]
