[
    {"datain":{"T":"(1 2 3)","depth":0},
     "output":{"subtrees":["(1 2 3)"]},
     "ucase":0},
    {"datain":{"T":"(1 2 3)","depth":1},
     "output":{"subtrees":["(2)","(3)"]},
     "ucase":1},
    {"datain":{"T":"(1 2 3)","depth":2},
     "output":{"subtrees":[]},
     "ucase":2},
    {"datain":{"T":"(1 (2 . 8) (3 (4 6 7) 5))","depth":2},
     "output":{"subtrees":["(8)","(4 6 7)","(5)"]},
     "ucase":3},
    {"datain":{"T":"(1 (2 . 8) (3 (4 6 7) 5))","depth":1},
     "output":{"subtrees":["(2 . 8)","(3 (4 6 7) 5)"]},
     "ucase":4},
    {"datain":{"T":"(1 (2 . 8) (3 (4 6 7) 5))","depth":0},
     "output":{"subtrees":["(1 (2 . 8) (3 (4 6 7) 5))"]},
     "ucase":5},
    {"datain":{"T":"(8 (5 . 7 ) (6 . 5 ))","depth":1},
     "output":{"subtrees":["(5 . 7 )","(6 . 5 )"]},
     "ucase":6},
    {"datain":{"T":"(2 (1 (2 . (6 (4 . (3 8 . )) . )) . ) (8 6 . ))","depth":0},
     "output":{"subtrees":["(2 (1 (2 . (6 (4 . (3 8 . )) . )) . ) (8 6 . ))"]},
     "ucase":7},
    {"datain":{"T":"(8 3 (5 (0 7 . ) . ))","depth":1},
     "output":{"subtrees":["( 3 )","(5 (0 7 . ) . )"]},
     "ucase":8},
    {"datain":{"T":"(7 (6 (8 0 . ) . ) (5 8 1 ))","depth":0},
     "output":{"subtrees":["(7 (6 (8 0 . ) . ) (5 8 1 ))"]},
     "ucase":9},
    {"datain":{"T":"(5 (1 (5 (5 . 1 ) . ) (1 (6 (2 (5 3 . ) . ) (6 (2 . 1 ) 8 )) . )) 1 )","depth":2},
     "output":{"subtrees":["(5 (5 . 1 ) . )","(1 (6 (2 (5 3 . ) . ) (6 (2 . 1 ) 8 )) . )"]},
     "ucase":10},
    {"datain":{"T":"(2 (4 (0 7 (5 (0 (0 0 6 ) . ) (8 . 4 ))) 2 ) (8 . 8 ))","depth":2},
     "output":{"subtrees":["(0 7 (5 (0 (0 0 6 ) . ) (8 . 4 )))","( 2 )","( 8 )"]},
     "ucase":11},
    {"datain":{"T":"(7 (7 2 (0 3 (5 (7 . (5 0 . )) . ))) (8 (5 (0 3 . ) (1 4 . )) . ))","depth":2},
     "output":{"subtrees":["( 2 )","(0 3 (5 (7 . (5 0 . )) . ))","(5 (0 3 . ) (1 4 . ))"]},
     "ucase":12},
    {"datain":{"T":"(3 5 4 )","depth":2},
     "output":{"subtrees":[]},
     "ucase":13},
    {"datain":{"T":"(0 (4 . (7 3 . )) (3 (3 . 3 ) (6 . (8 2 (4 0 . )))))","depth":2},
     "output":{"subtrees":["(7 3 . )","(3 . 3 )","(6 . (8 2 (4 0 . )))"]},
     "ucase":14},
    {"datain":{"T":"(1 (0 (5 2 8 ) 2 ) (7 (1 3 . ) . ))","depth":0},
     "output":{"subtrees":["(1 (0 (5 2 8 ) 2 ) (7 (1 3 . ) . ))"]},
     "ucase":15},
    {"datain":{"T":"(3 (8 (0 (3 . (0 (4 . (6 7 . )) (1 . (0 5 . )))) . ) . ) (4 (2 4 . ) . ))","depth":1},
     "output":{"subtrees":["(8 (0 (3 . (0 (4 . (6 7 . )) (1 . (0 5 . )))) . ) . )","(4 (2 4 . ) . )"]},
     "ucase":16},
    {"datain":{"T":"(7 (7 6 . ) (1 (3 . (3 (7 . (8 (2 (1 0 . ) . ) 5 )) . )) . ))","depth":1},
     "output":{"subtrees":["(7 6 . )","(1 (3 . (3 (7 . (8 (2 (1 0 . ) . ) 5 )) . )) . )"]},
     "ucase":17},
    {"datain":{"T":"(3 (8 0 (0 (5 . (8 3 . )) . )) 2 )","depth":0},
     "output":{"subtrees":["(3 (8 0 (0 (5 . (8 3 . )) . )) 2 )"]},
     "ucase":18},
    {"datain":{"T":"(3 (4 . (7 0 1 )) (0 2 . ))","depth":0},
     "output":{"subtrees":["(3 (4 . (7 0 1 )) (0 2 . ))"]},
     "ucase":19},
    {"datain":{"T":"(5 5 (3 . 0 ))","depth":2},
     "output":{"subtrees":["( 0 )"]},
     "ucase":20},
    {"datain":{"T":"(5 (6 (0 . 4 ) . ) (3 . (4 2 . )))","depth":0},
     "output":{"subtrees":["(5 (6 (0 . 4 ) . ) (3 . (4 2 . )))"]},
     "ucase":21},
    {"datain":{"T":"(7 (5 . 4 ) (4 (7 2 5 ) 2 ))","depth":2},
     "output":{"subtrees":["( 4 )","(7 2 5 )","( 2 )"]},
     "ucase":22},
    {"datain":{"T":"(6 (0 (5 . (7 5 . )) (4 (6 . 7 ) . )) (2 (3 3 2 ) (2 0 6 )))","depth":0},
     "output":{"subtrees":["(6 (0 (5 . (7 5 . )) (4 (6 . 7 ) . )) (2 (3 3 2 ) (2 0 6 )))"]},
     "ucase":23},
    {"datain":{"T":"(2 (0 (2 0 . ) . ) (6 (5 . 6 ) . ))","depth":1},
     "output":{"subtrees":["(0 (2 0 . ) . )","(6 (5 . 6 ) . )"]},
     "ucase":24},
    {"datain":{"T":"(1 (6 (6 (8 (4 . 0 ) (0 7 . )) (0 6 . )) (4 2 (6 4 . ))) (1 (4 5 . ) . ))","depth":1},
     "output":{"subtrees":["(6 (6 (8 (4 . 0 ) (0 7 . )) (0 6 . )) (4 2 (6 4 . )))","(1 (4 5 . ) . )"]},
     "ucase":25},
    {"datain":{"T":"(8 (3 . (7 3 5 )) (7 (7 (2 (3 5 (3 . (3 (6 . 2 ) (8 4 . )))) . ) (2 . 5 )) (5 5 . )))","depth":2},
     "output":{"subtrees":["(7 3 5 )","(7 (2 (3 5 (3 . (3 (6 . 2 ) (8 4 . )))) . ) (2 . 5 ))","(5 5 . )"]},
     "ucase":26},
    {"datain":{"T":"(3 (3 2 5 ) (7 (8 . 8 ) . ))","depth":2},
     "output":{"subtrees":["( 2 )","( 5 )","(8 . 8 )"]},
     "ucase":27},
    {"datain":{"T":"(6 (4 (0 (5 0 . ) (0 (7 5 . ) 2 )) . ) 4 )","depth":2},
     "output":{"subtrees":["(0 (5 0 . ) (0 (7 5 . ) 2 ))"]},
     "ucase":28},
    {"datain":{"T":"(5 2 (0 . (8 . (5 0 . ))))","depth":0},
     "output":{"subtrees":["(5 2 (0 . (8 . (5 0 . ))))"]},
     "ucase":29},
    {"datain":{"T":"(3 (6 . (5 5 . )) (1 . 8 ))","depth":1},
     "output":{"subtrees":["(6 . (5 5 . ))","(1 . 8 )"]},
     "ucase":30},
    {"datain":{"T":"(3 7 (7 (4 (3 . 8 ) 3 ) . ))","depth":2},
     "output":{"subtrees":["(4 (3 . 8 ) 3 )"]},
     "ucase":31},
    {"datain":{"T":"(5 (1 . 5 ) (7 (0 . (1 (0 3 8 ) . )) 6 ))","depth":0},
     "output":{"subtrees":["(5 (1 . 5 ) (7 (0 . (1 (0 3 8 ) . )) 6 ))"]},
     "ucase":32},
    {"datain":{"T":"(1 1 (8 . (8 (2 (5 5 . ) . ) . )))","depth":1},
     "output":{"subtrees":["( 1 )","(8 . (8 (2 (5 5 . ) . ) . ))"]},
     "ucase":33},
    {"datain":{"T":"(2 (2 . (1 4 . )) (0 . (0 (8 5 . ) . )))","depth":0},
     "output":{"subtrees":["(2 (2 . (1 4 . )) (0 . (0 (8 5 . ) . )))"]},
     "ucase":34},
    {"datain":{"T":"(4 (0 1 (5 . 3 )) 0 )","depth":0},
     "output":{"subtrees":["(4 (0 1 (5 . 3 )) 0 )"]},
     "ucase":35},
    {"datain":{"T":"(5 (5 5 . ) (4 . 1 ))","depth":2},
     "output":{"subtrees":["( 5 )","( 1 )"]},
     "ucase":36},
    {"datain":{"T":"(4 (4 (1 . (6 (5 0 . ) . )) (6 (3 0 (0 . 7 )) 5 )) (2 (2 . (5 (5 2 . ) 2 )) (2 (6 . (0 . 3 )) . )))","depth":0},
     "output":{"subtrees":["(4 (4 (1 . (6 (5 0 . ) . )) (6 (3 0 (0 . 7 )) 5 )) (2 (2 . (5 (5 2 . ) 2 )) (2 (6 . (0 . 3 )) . )))"]},
     "ucase":37},
    {"datain":{"T":"(7 (5 . (2 2 . )) (5 7 . ))","depth":2},
     "output":{"subtrees":["(2 2 . )","( 7 )"]},
     "ucase":38},
    {"datain":{"T":"(1 (3 (6 . 1 ) (7 6 . )) (2 (5 5 . ) (7 . (8 8 . ))))","depth":0},
     "output":{"subtrees":["(1 (3 (6 . 1 ) (7 6 . )) (2 (5 5 . ) (7 . (8 8 . ))))"]},
     "ucase":39},
    {"datain":{"T":"(3 (3 (6 . (1 . 5 )) 4 ) (0 (0 . 3 ) (6 (0 . (7 8 7 )) . )))","depth":2},
     "output":{"subtrees":["(6 . (1 . 5 ))","( 4 )","(0 . 3 )","(6 (0 . (7 8 7 )) . )"]},
     "ucase":40},
    {"datain":{"T":"(3 0 4 )","depth":1},
     "output":{"subtrees":["( 0 )","( 4 )"]},
     "ucase":41},
    {"datain":{"T":"(4 (7 . (0 . 1 )) (0 . (0 (7 (2 6 (3 4 7 )) . ) . )))","depth":2},
     "output":{"subtrees":["(0 . 1 )","(0 (7 (2 6 (3 4 7 )) . ) . )"]},
     "ucase":42},
    {"datain":{"T":"(5 (7 (8 (5 8 . ) (1 . (0 1 . ))) (7 . 5 )) (6 . (5 2 . )))","depth":1},
     "output":{"subtrees":["(7 (8 (5 8 . ) (1 . (0 1 . ))) (7 . 5 ))","(6 . (5 2 . ))"]},
     "ucase":43},
    {"datain":{"T":"(6 7 (6 (0 . (2 (7 3 . ) . )) (2 . (3 (4 8 . ) . ))))","depth":0},
     "output":{"subtrees":["(6 7 (6 (0 . (2 (7 3 . ) . )) (2 . (3 (4 8 . ) . ))))"]},
     "ucase":44},
    {"datain":{"T":"(2 (3 5 4 ) (4 (1 (2 . 5 ) . ) (6 (6 . (5 . 5 )) 3 )))","depth":1},
     "output":{"subtrees":["(3 5 4 )","(4 (1 (2 . 5 ) . ) (6 (6 . (5 . 5 )) 3 ))"]},
     "ucase":45},
    {"datain":{"T":"(2 (6 (8 . (3 8 . )) (4 . (4 . (4 2 3 )))) (3 (1 6 . ) . ))","depth":1},
     "output":{"subtrees":["(6 (8 . (3 8 . )) (4 . (4 . (4 2 3 ))))","(3 (1 6 . ) . )"]},
     "ucase":46},
    {"datain":{"T":"(2 5 (1 . 7 ))","depth":0},
     "output":{"subtrees":["(2 5 (1 . 7 ))"]},
     "ucase":47},
    {"datain":{"T":"(8 (2 (1 8 . ) . ) (2 . 2 ))","depth":2},
     "output":{"subtrees":["(1 8 . )","( 2 )"]},
     "ucase":48},
    {"datain":{"T":"(2 (8 (5 . 8 ) . ) 4 )","depth":2},
     "output":{"subtrees":["(5 . 8 )"]},
     "ucase":49},
    {"datain":{"T":"(7 (8 . (2 . (7 (4 0 8 ) (2 . (0 . 5 ))))) (3 (3 . (6 3 . )) 0 ))","depth":1},
     "output":{"subtrees":["(8 . (2 . (7 (4 0 8 ) (2 . (0 . 5 )))))","(3 (3 . (6 3 . )) 0 )"]},
     "ucase":50},
    {"datain":{"T":"(8 (4 . 3 ) (2 . 7 ))","depth":1},
     "output":{"subtrees":["(4 . 3 )","(2 . 7 )"]},
     "ucase":51},
    {"datain":{"T":"(2 (6 (7 (2 . (2 . (3 1 . ))) . ) (0 0 . )) (3 (7 5 . ) . ))","depth":2},
     "output":{"subtrees":["(7 (2 . (2 . (3 1 . ))) . )","(0 0 . )","(7 5 . )"]},
     "ucase":52},
    {"datain":{"T":"(8 (3 . (5 0 7 )) (4 2 (3 0 . )))","depth":2},
     "output":{"subtrees":["(5 0 7 )","( 2 )","(3 0 . )"]},
     "ucase":53},
    {"datain":{"T":"(6 (3 (4 7 . ) (3 . (1 . 3 ))) (1 (6 8 . ) . ))","depth":2},
     "output":{"subtrees":["(4 7 . )","(3 . (1 . 3 ))","(6 8 . )"]},
     "ucase":54},
    {"datain":{"T":"(5 (5 (5 (0 . 0 ) (4 . (3 (0 . 5 ) . ))) (1 (0 4 4 ) 1 )) (0 (8 . (1 (2 8 . ) . )) (3 . 6 )))","depth":0},
     "output":{"subtrees":["(5 (5 (5 (0 . 0 ) (4 . (3 (0 . 5 ) . ))) (1 (0 4 4 ) 1 )) (0 (8 . (1 (2 8 . ) . )) (3 . 6 )))"]},
     "ucase":55}]
