[{"datain":{"G":"a->{b,c,d,e,f}, b->{a,d,f,g,h}, c->{a,d,e,f,g,h}, d->{a,b,c,h}, e->{a,c,g,h}, f->{a,b,c,h}, g->{b,c,e}, h->{b,c,d,e,f}"},"output":{"Tout":"(a (b g h) c d e f)"},"ucase":0},
{"datain":{"G":"a->{b,e,h}, b->{a,c,h}, c->{b,g}, d->{f}, e->{a,f,g}, f->{d,e}, g->{c,e}, h->{a,b}"},"output":{"Tout":"(a (b c) (e (f d) g) h)"},"ucase":1},
{"datain":{"G":"a->{c}, b->{d}, c->{a}, d->{b}"},"output":{"Tout":"(a c)"},"ucase":2},
{"datain":{"G":"a->{c,d,f,h,i}, b->{c,e,g,h,i}, c->{a,b,f}, d->{a,f,g,h,i}, e->{b,h}, f->{a,c,d,g,h,i}, g->{b,d,f,h}, h->{a,b,d,e,f,g}, i->{a,b,d,f}"},"output":{"Tout":"(a (c b) (d g) f (h e) i)"},"ucase":3},
{"datain":{"G":"a->{b,f,k,l}, b->{a,f,h,k}, c->{h}, d->{f,g,i,j}, e->{g,l}, f->{a,b,d,g}, g->{d,e,f,i,j,k,l}, h->{b,c,l}, i->{d,g,k}, j->{d,g,l}, k->{a,b,g,i,l}, l->{a,e,g,h,j,k}"},"output":{"Tout":"(a (b (h c)) (f d g) (k i) (l e j))"},"ucase":4},
{"datain":{"G":"a->{b,c,d,f,j}, b->{a,c,d,f,h,i,j}, c->{a,b,e,g,h,i,j}, d->{a,b,f,g,i}, e->{c,f,j}, f->{a,b,d,e}, g->{c,d,i}, h->{b,c}, i->{b,c,d,g}, j->{a,b,c,e}"},"output":{"Tout":"(a (b h i) (c e g) d f j)"},"ucase":5},
{"datain":{"G":"a->{b,c,d,f,g,h}, b->{a,c,e,f,g,h}, c->{a,b,d,e,f,g,h}, d->{a,c,e,f}, e->{b,c,d,f,g}, f->{a,b,c,d,e,g,h}, g->{a,b,c,e,f}, h->{a,b,c,f}"},"output":{"Tout":"(a (b e) c d f g h)"},"ucase":6},
{"datain":{"G":"a->{b,c}, b->{a}, c->{a}"},"output":{"Tout":"(a b c)"},"ucase":7},
{"datain":{"G":"a->{c}, b->{c}, c->{a,b}"},"output":{"Tout":"(a (c b))"},"ucase":8},
{"datain":{"G":"a->{h}, c->{e}, e->{c,h}, h->{a,e}"},"output":{"Tout":"(a (h (e c)))"},"ucase":9},
{"datain":{"G":"a->{d}, b->{c,d}, c->{b,d}, d->{a,b,c}"},"output":{"Tout":"(a (d b c))"},"ucase":10},
{"datain":{"G":"a->{h,j}, b->{f,i}, f->{b,h,i}, g->{i}, h->{a,f,i}, i->{b,f,g,h}, j->{a}"},"output":{"Tout":"(a (h (f b) (i g)) j)"},"ucase":11},
{"datain":{"G":"a->{b,f}, b->{a,f}, c->{d}, d->{c}, f->{a,b}"},"output":{"Tout":"(a b f)"},"ucase":12},
{"datain":{"G":"a->{c}, b->{c,d}, c->{a,b}, d->{b}"},"output":{"Tout":"(a (c (b d)))"},"ucase":13},
{"datain":{"G":"a->{f,i}, b->{d,e,f,h,i}, c->{d,g,h,i,j}, d->{b,c,f,h,j}, e->{b,f,g,j}, f->{a,b,d,e,i}, g->{c,e,h,j}, h->{b,c,d,g,i,j}, i->{a,b,c,f,h}, j->{c,d,e,g,h}"},"output":{"Tout":"(a (f b (d j) (e g)) (i c h))"},"ucase":14},
{"datain":{"G":"a->{b,c,d,f,g,i}, b->{a,c,e,f,h,i}, c->{a,b,d,e,g,i}, d->{a,c,e,f,g,h}, e->{b,c,d,f,g,h,i}, f->{a,b,d,e,h,i}, g->{a,c,d,e,h,i}, h->{b,d,e,f,g,i}, i->{a,b,c,e,f,g,h}"},"output":{"Tout":"(a (b e h) c d f g i)"},"ucase":15},
{"datain":{"G":"a->{g}, b->{f,h,i}, c->{d,e,h,i,l}, d->{c,g,i,k}, e->{c,j,k}, f->{b,g,h,k}, g->{a,d,f,i,j}, h->{b,c,f,j,k}, i->{b,c,d,g}, j->{e,g,h}, k->{d,e,f,h}, l->{c}"},"output":{"Tout":"(a (g (d (c l) k) (f b h) i (j e)))"},"ucase":16},
{"datain":{"G":"a->{b}, b->{a,f}, c->{f,g,h}, e->{h}, f->{b,c}, g->{c,h}, h->{c,e,g}"},"output":{"Tout":"(a (b (f (c g (h e)))))"},"ucase":17},
{"datain":{"G":"a->{c,d,f,g,h}, b->{c,d,e,f,g,h,i}, c->{a,b,d,e,f,h}, d->{a,b,c,e,h,i}, e->{b,c,d,f,h,i}, f->{a,b,c,e,h,i}, g->{a,b}, h->{a,b,c,d,e,f}, i->{b,d,e,f}"},"output":{"Tout":"(a (c b e) (d i) f g h)"},"ucase":18},
{"datain":{"G":"a->{b,d,e,f,g}, b->{a,d,e,f}, c->{g}, d->{a,b,e,f,g}, e->{a,b,d,f}, f->{a,b,d,e,g}, g->{a,c,d,f}"},"output":{"Tout":"(a b d e f (g c))"},"ucase":19},
{"datain":{"G":"a->{e}, b->{e,h}, c->{f,i}, d->{e}, e->{a,b,d,h}, f->{c,g,i}, g->{f,h,i}, h->{b,e,g,i}, i->{c,f,g,h}"},"output":{"Tout":"(a (e b d (h (g f) (i c))))"},"ucase":20},
{"datain":{"G":"a->{b}, b->{a,c}, c->{b,d}, d->{c}"},"output":{"Tout":"(a (b (c d)))"},"ucase":21},
{"datain":{"G":"a->{c}, c->{a}"},"output":{"Tout":"(a c)"},"ucase":22},
{"datain":{"G":"a->{b,c,d}, b->{a,c,d}, c->{a,b,d}, d->{a,b,c}"},"output":{"Tout":"(a b c d)"},"ucase":23},
{"datain":{"G":"a->{d,e,f,i}, b->{c,d,h,j}, c->{b,d,f,g,i}, d->{a,b,c,g,i,k}, e->{a,f}, f->{a,c,e,g,i}, g->{c,d,f,h}, h->{b,g,i}, i->{a,c,d,f,h,k}, j->{b}, k->{d,i}"},"output":{"Tout":"(a (d (b j) c g k) e f (i h))"},"ucase":24},
{"datain":{"G":"a->{f,i}, b->{f}, c->{e}, e->{c,i}, f->{a,b}, h->{i}, i->{a,e,h}"},"output":{"Tout":"(a (f b) (i (e c) h))"},"ucase":25},
{"datain":{"G":"b->{k}, d->{h,j}, e->{k}, h->{d}, j->{d}, k->{b,e}"},"output":{"Tout":"(b (k e))"},"ucase":26},
{"datain":{"G":"a->{e,g}, b->{f,i,j}, c->{e,f}, e->{a,c,i,k}, f->{b,c,h,j,k}, g->{a,j,k}, h->{f,j}, i->{b,e,k}, j->{b,f,g,h}, k->{e,f,g,i}"},"output":{"Tout":"(a (e (c f) (i b) k) (g (j h)))"},"ucase":27},
{"datain":{"G":"a->{c,d,e,f}, b->{c,f}, c->{a,b,d,g,j}, d->{a,c,i,j}, e->{a,g,j}, f->{a,b,g,i}, g->{c,e,f,h,j}, h->{g,i}, i->{d,f,h}, j->{c,d,e,g}"},"output":{"Tout":"(a (c b (g h) j) (d i) e f)"},"ucase":28},
{"datain":{"G":"a->{c}, c->{a}"},"output":{"Tout":"(a c)"},"ucase":29},
{"datain":{"G":"a->{b,c,d,f,g,h}, b->{a,c,d,e,g,h}, c->{a,b,d,e,f,h}, d->{a,b,c,f,g,h,i}, e->{b,c,f,g,h,i}, f->{a,c,d,e,h,i}, g->{a,b,d,e,h,i}, h->{a,b,c,d,e,f,g,i}, i->{d,e,f,g,h}"},"output":{"Tout":"(a (b e) c (d i) f g h)"},"ucase":30},
{"datain":{"G":"a->{f,h}, b->{c}, c->{b,d,f,g}, d->{c,e,f,g,i}, e->{d,j}, f->{a,c,d,g,k}, g->{c,d,f,h,j}, h->{a,g,l}, i->{d}, j->{e,g,l}, k->{f,l}, l->{h,j,k}"},"output":{"Tout":"(a (f (c b) (d e i) (g j) k) (h l))"},"ucase":31},
{"datain":{"G":"a->{b,c,d,e,g,h,i,j,k,l}, b->{a,d,e,f,h,j}, c->{a,d,e,g,h,i,j,k,l}, d->{a,b,c,e,g,h}, e->{a,b,c,d,f,j,k}, f->{b,e,g,k}, g->{a,c,d,f,h,i,j,l}, h->{a,b,c,d,g,i,j,k}, i->{a,c,g,h,k,l}, j->{a,b,c,e,g,h,l}, k->{a,c,e,f,h,i}, l->{a,c,g,i,j}"},"output":{"Tout":"(a (b f) c d e g h i j k l)"},"ucase":32},
{"datain":{"G":"a->{b,c,d,f,g,h,i,j}, b->{a,c,d,e,f,h,i,j,k}, c->{a,b,d,e,f,g,h,i,j}, d->{a,b,c,e,f,g,h,i,j}, e->{b,c,d,f,g,h,j,k}, f->{a,b,c,d,e,g,h,i,j,k}, g->{a,c,d,e,f,h,j}, h->{a,b,c,d,e,f,g,i,j}, i->{a,b,c,d,f,h,j,k}, j->{a,b,c,d,e,f,g,h,i,k}, k->{b,e,f,i,j}"},"output":{"Tout":"(a (b e k) c d f g h i j)"},"ucase":33},
{"datain":{"G":"a->{b,g}, b->{a,e,f,g}, c->{d,g}, d->{c,e,g}, e->{b,d}, f->{b,g}, g->{a,b,c,d,f}"},"output":{"Tout":"(a (b e f) (g c d))"},"ucase":34},
{"datain":{"G":"a->{c,d,e,g,j,k}, b->{g,h,i,j,k}, c->{a,d,f,g,h,i,j,k}, d->{a,c,f,g,h,i,j,k}, e->{a,f,g,i,j}, f->{c,d,e,g,h,j,k}, g->{a,b,c,d,e,f,h,j,k}, h->{b,c,d,f,g,i,j}, i->{b,c,d,e,h,j,k}, j->{a,b,c,d,e,f,g,h,i,k}, k->{a,b,c,d,f,g,i,j}"},"output":{"Tout":"(a (c f h i) d e (g b) j k)"},"ucase":35},
{"datain":{"G":"b->{c}, c->{b}"},"output":{"Tout":"(b c)"},"ucase":36},
{"datain":{"G":"a->{b,c,d}, b->{a,c,d}, c->{a,b,d}, d->{a,b,c}"},"output":{"Tout":"(a b c d)"},"ucase":37},
{"datain":{"G":"a->{b}, b->{a,c,e}, c->{b,d,e}, d->{c,e,f}, e->{b,c,d,f}, f->{d,e}"},"output":{"Tout":"(a (b (c d) (e f)))"},"ucase":38},
{"datain":{"G":"a->{f,h}, b->{e}, c->{g}, e->{b}, f->{a,h}, g->{c}, h->{a,f}"},"output":{"Tout":"(a f h)"},"ucase":39},
{"datain":{"G":"a->{b,d,g,i,j,k,l}, b->{a,c,d,e,g,i,j,l}, c->{b,d,e,f,g,h,i,j,l}, d->{a,b,c,e,g,h,i,j,k,l}, e->{b,c,d,f,g,h,i,j,k,l}, f->{c,e,h,i,j,k,l}, g->{a,b,c,d,e,h,i,j,l}, h->{c,d,e,f,g,j,k,l}, i->{a,b,c,d,e,f,g,j,k,l}, j->{a,b,c,d,e,f,g,h,i,k,l}, k->{a,d,e,f,h,i,j,l}, l->{a,b,c,d,e,f,g,h,i,j,k}"},"output":{"Tout":"(a (b c e) (d h) g (i f) j k l)"},"ucase":40},
{"datain":{"G":"a->{c}, c->{a}"},"output":{"Tout":"(a c)"},"ucase":41},
{"datain":{"G":"a->{b,d,f,g}, b->{a,d,e}, c->{e,h}, d->{a,b,e,i,j}, e->{b,c,d,f,g,h,i,j}, f->{a,e,j}, g->{a,e,h,i}, h->{c,e,g,j}, i->{d,e,g,j}, j->{d,e,f,h,i}"},"output":{"Tout":"(a (b (e c)) (d i j) f (g h))"},"ucase":42},
{"datain":{"G":"b->{e,f}, c->{f}, e->{b}, f->{b,c}"},"output":{"Tout":"(b e (f c))"},"ucase":43},
{"datain":{"G":"a->{c,e}, b->{c,e}, c->{a,b,d}, d->{c,e}, e->{a,b,d}"},"output":{"Tout":"(a (c b d) e)"},"ucase":44},
{"datain":{"G":"a->{d}, b->{c}, c->{b}, d->{a}"},"output":{"Tout":"(a d)"},"ucase":45},
{"datain":{"G":"a->{b,c,d,e,f,g,h,i,j,k}, b->{a,c,d,e,f,g,h,i,j,k}, c->{a,b,e,f,g,i,j,k}, d->{a,b,e,f,i,k,l}, e->{a,b,c,d,f,h,j,l}, f->{a,b,c,d,e,i}, g->{a,b,c,i,j,k,l}, h->{a,b,e,i,k,l}, i->{a,b,c,d,f,g,h,j,k,l}, j->{a,b,c,e,g,i,k,l}, k->{a,b,c,d,g,h,i,j,l}, l->{d,e,g,h,i,j,k}"},"output":{"Tout":"(a b c (d l) e f g h i j k)"},"ucase":46},
{"datain":{"G":"a->{d,e,f,g,i}, b->{c,d,e,f,g,h}, c->{b,e,g,h}, d->{a,b,e,g,h,i}, e->{a,b,c,d,g,h}, f->{a,b,g,h,i}, g->{a,b,c,d,e,f,h,i}, h->{b,c,d,e,f,g,i}, i->{a,d,f,g,h}"},"output":{"Tout":"(a (d b h) (e c) f g i)"},"ucase":47},
{"datain":{"G":"a->{g}, b->{d,h}, d->{b}, g->{a}, h->{b}"},"output":{"Tout":"(a g)"},"ucase":48},
{"datain":{"G":"a->{b,d,e,f,g,h,i}, b->{a,d,g,i}, c->{e,f,h,i}, d->{a,b,e,f,g,h,i}, e->{a,c,d,g,h,i}, f->{a,c,d,g,h,i}, g->{a,b,d,e,f,i}, h->{a,c,d,e,f}, i->{a,b,c,d,e,f,g}"},"output":{"Tout":"(a b d (e c) f g h i)"},"ucase":49}]

