[
    {"datain":{"L":[6,7,8],"T":"(1 2 3 4 5)"},
     "output":{"Tout":"(6 7 8 4 5)"},
     "ucase":0},
    {"datain":{"L":[6,7,8,9,10,11],"T":"(1 2 3 4 5)"},
     "output":{"Tout":"(6 7 8 9 10)"},
     "ucase":1},
    {"datain":{"L":[6,7,8],"T":"(1 (2 3 4) 5)"},
     "output":{"Tout":"(6 (7 8 4) 5)"},
     "ucase":2},
    {"datain":{"L":[6,7,8,9,10,11,12],"T":"(1 (2 3 4) 5)"},
     "output":{"Tout":"(6 (7 8 9) 10)"},
     "ucase":3},
    {"datain":{"L":[12,11,1,9,5,0,5,1,8,7,18,17,19,16,14,8,7,15],"T":"(33 (58 77) (20 74) (48 20) 75)"},
     "output":{"Tout":"(12 (11 1) (9 5) (0 5) 1)"},
     "ucase":4},
    {"datain":{"L":[3,9,17,0,7,6,16,18,14,5,17,0,17,16],"T":"(33 (24 94) (80 2) 45 (54 37 98 20 11))"},
     "output":{"Tout":"(3 (9 17) (0 7) 6 (16 18 14 5 17))"},
     "ucase":5},
    {"datain":{"L":[15,1,5,7,19,14,13,2,16,8,4,11,10,18,6,17,2,4,8],"T":"(10 59 (16 75) 10 48 65)"},
     "output":{"Tout":"(15 1 (5 7) 19 14 13)"},
     "ucase":6},
    {"datain":{"L":[7,19,8,16,13,14,10,16,6,17,4],"T":"(39 5 (57 71 86) (30 40 31) (66 (0 61) 20 10))"},
     "output":{"Tout":"(7 19 (8 16 13) (14 10 16) (6 (17 4) 20 10))"},
     "ucase":7},
    {"datain":{"L":[10,1,0,8,17,3,14,18,15,10,16],"T":"(25 74 (94 (14 69 68)) 32)"},
     "output":{"Tout":"(10 1 (0 (8 17 3)) 14)"},
     "ucase":8},
    {"datain":{"L":[6,13,4,6,4,9,6,9,3,7,17,4,1],"T":"(14 13 87 12 66)"},
     "output":{"Tout":"(6 13 4 6 4)"},
     "ucase":9},
    {"datain":{"L":[3,18,12,17,11,11,8,16,1,3,8,14,9,17,10,16,6],"T":"(64 0 (40 22 71) (29 54) (30 (79 54)))"},
     "output":{"Tout":"(3 18 (12 17 11) (11 8) (16 (1 3)))"},
     "ucase":10},
    {"datain":{"L":[4,1,18,12,1,5,5,19,2,0],"T":"(52 (70 61) 66 40 18 14 82 58 1)"},
     "output":{"Tout":"(4 (1 18) 12 1 5 5 19 2 0)"},
     "ucase":11},
    {"datain":{"L":[7,8,1,1,16,19,13,17,15,6,19,13,5,13,2,11,3],"T":"(91 (87 42) (41 23 73))"},
     "output":{"Tout":"(7 (8 1) (1 16 19))"},
     "ucase":12},
    {"datain":{"L":[5,3,7,17,17,8,4,12,14,12,4,9,1,6,5],"T":"(26 65 7 13 (77 47) 89 93 (70 32) (84 81) 4)"},
     "output":{"Tout":"(5 3 7 17 (17 8) 4 12 (14 12) (4 9) 1)"},
     "ucase":13},
    {"datain":{"L":[6,7,0,6,19,16,10,19,15,5,19,18],"T":"(31 (78 37) (79 (24 74)))"},
     "output":{"Tout":"(6 (7 0) (6 (19 16)))"},
     "ucase":14},
    {"datain":{"L":[1,5,1,7,6,7,12,9,18,9,10,1,13,3,13,18,2,10,9],"T":"(62 (81 93 15) 10 (70 (56 34) 25) (20 57) 45 44)"},
     "output":{"Tout":"(1 (5 1 7) 6 (7 (12 9) 18) (9 10) 1 13)"},
     "ucase":15},
    {"datain":{"L":[3,5,11,18,13,18,12,2,19,12,15,7,5],"T":"(99 77 (56 22) 67 90 53)"},
     "output":{"Tout":"(3 5 (11 18) 13 18 12)"},
     "ucase":16},
    {"datain":{"L":[15,9,7,13,0,0,11,19,7,13,17,12,19,14],"T":"(72 (76 (36 19)) 11 (94 42))"},
     "output":{"Tout":"(15 (9 (7 13)) 0 (0 11))"},
     "ucase":17},
    {"datain":{"L":[14,9,8,15,1,12,13,11,6,17,10,15,15,14],"T":"(15 (28 (93 52) 65 9) (81 49 13))"},
     "output":{"Tout":"(14 (9 (8 15) 1 12) (13 11 6))"},
     "ucase":18},
    {"datain":{"L":[19,0,16,15,6,17,4,1,7,2,17,19,7,0,13,8,16],"T":"(29 (90 (9 7) (91 50)))"},
     "output":{"Tout":"(19 (0 (16 15) (6 17)))"},
     "ucase":19},
    {"datain":{"L":[17,10,0,2,11,1,9,8,14,13,0,2,9,2,8,6,12],"T":"(22 66 81 78 57 13)"},
     "output":{"Tout":"(17 10 0 2 11 1)"},
     "ucase":20},
    {"datain":{"L":[19,15,9,0,7,15,16,12,19,14,5,11,12,7,8],"T":"(20 67 (13 51 35) (32 99) 23)"},
     "output":{"Tout":"(19 15 (9 0 7) (15 16) 12)"},
     "ucase":21},
    {"datain":{"L":[4,9,0,8,0,4,12,1,17,13,16,19,15],"T":"(58 30 (38 62 64) (62 25) (12 16 31))"},
     "output":{"Tout":"(4 9 (0 8 0) (4 12) (1 17 13))"},
     "ucase":22},
    {"datain":{"L":[10,14,7,10,12,13,14,9,14,0,19,9,4],"T":"(54 51 (8 70) 61)"},
     "output":{"Tout":"(10 14 (7 10) 12)"},
     "ucase":23},
    {"datain":{"L":[14,1,6,0,5,8,2,5,13,8,4],"T":"(90 (76 64) (15 (26 17)) (58 89 29) 27 87)"},
     "output":{"Tout":"(14 (1 6) (0 (5 8)) (2 5 13) 8 4)"},
     "ucase":24},
    {"datain":{"L":[11,0,8,17,4,19,2,10,12,14,4,8],"T":"(54 (97 67) 12 8 (84 61 29))"},
     "output":{"Tout":"(11 (0 8) 17 4 (19 2 10))"},
     "ucase":25},
    {"datain":{"L":[4,16,9,4,12,0,15,15,14,6,14,17,9,0,2,6],"T":"(49 (69 21 36 81 64) 97 69 (47 66 57) (15 21))"},
     "output":{"Tout":"(4 (16 9 4 12 0) 15 15 (14 6 14) (17 9))"},
     "ucase":26},
    {"datain":{"L":[4,17,9,13,15,6,6,12,19,7,2,15,4,16,0],"T":"(35 50 53 73 19 (97 2))"},
     "output":{"Tout":"(4 17 9 13 15 (6 6))"},
     "ucase":27},
    {"datain":{"L":[12,9,13,8,2,18,12,5,5,13,4,6,18,1,6,8,0,6],"T":"(49 72 (47 76 42) 54 9 40)"},
     "output":{"Tout":"(12 9 (13 8 2) 18 12 5)"},
     "ucase":28},
    {"datain":{"L":[1,2,10,18,17,4,0,19,6,11,14],"T":"(94 84 88 5 (92 94) 88)"},
     "output":{"Tout":"(1 2 10 18 (17 4) 0)"},
     "ucase":29},
    {"datain":{"L":[4,18,0,1,1,11,14,10,0,11],"T":"(13 (78 45) (79 15) 62 57 59 84 26)"},
     "output":{"Tout":"(4 (18 0) (1 1) 11 14 10 0 11)"},
     "ucase":30},
    {"datain":{"L":[2,2,19,0,17,16,16,18,9,13,4,8,15,10,10,18,4,12,6],"T":"(93 (10 43 2) 16 (52 81) 21)"},
     "output":{"Tout":"(2 (2 19 0) 17 (16 16) 18)"},
     "ucase":31},
    {"datain":{"L":[3,8,3,5,3,2,7,1,13,13,8,16,1],"T":"(96 (90 (65 73 46)) (88 70 19) (34 (52 20)) (24 50 75))"},
     "output":{"Tout":"(3 (8 (3 5 3)) (2 7 1) (13 (13 8)) (16 1 75))"},
     "ucase":32},
    {"datain":{"L":[0,3,2,5,13,11,6,10,1,11,15,10,2,18,13,0,0],"T":"(44 (42 95) 95 (4 98) (44 10 35))"},
     "output":{"Tout":"(0 (3 2) 5 (13 11) (6 10 1))"},
     "ucase":33},
    {"datain":{"L":[3,17,14,8,15,1,8,9,6,6,1,8,7,1,11,17,18,12],"T":"(31 (46 39) 3 (57 (26 81)) (8 (4 38)))"},
     "output":{"Tout":"(3 (17 14) 8 (15 (1 8)) (9 (6 6)))"},
     "ucase":34},
    {"datain":{"L":[19,6,3,13,8,13,7,0,2,19,7,4,13,17,18,14,10,17],"T":"(1 (88 19) (85 (51 31)) 6 47 95 (98 11))"},
     "output":{"Tout":"(19 (6 3) (13 (8 13)) 7 0 2 (19 7))"},
     "ucase":35},
    {"datain":{"L":[9,8,15,2,13,13,14,0,3,15],"T":"(95 (65 20 78) 78 (17 50))"},
     "output":{"Tout":"(9 (8 15 2) 13 (13 14))"},
     "ucase":36},
    {"datain":{"L":[12,12,0,14,14,18,18,12,18,0,8,8,11,18,1,5,1,8,7],"T":"(99 (26 63 64) (32 12) (66 73) 99)"},
     "output":{"Tout":"(12 (12 0 14) (14 18) (18 12) 18)"},
     "ucase":37},
    {"datain":{"L":[15,3,16,12,12,7,18,13,0,13,14,5,11,14,13,16,19],"T":"(45 (73 66 34 37) (94 9 99 (16 97)))"},
     "output":{"Tout":"(15 (3 16 12 12) (7 18 13 (0 13)))"},
     "ucase":38},
    {"datain":{"L":[12,16,3,0,12,16,9,16,19,7,13,0,17,16,16,3,10,17,10],"T":"(69 (30 11 73) 19 (39 65))"},
     "output":{"Tout":"(12 (16 3 0) 12 (16 9))"},
     "ucase":39},
    {"datain":{"L":[12,1,13,4,4,2,17,13,2,9,6,10,13],"T":"(49 (43 65 (99 52) 0))"},
     "output":{"Tout":"(12 (1 13 (4 4) 2))"},
     "ucase":40},
    {"datain":{"L":[16,18,15,4,12,19,5,4,13,7,19,16,3,17,8,6,2,1],"T":"(55 (65 11 48 97) 7 (31 (10 25)) (26 21) 77 43 25)"},
     "output":{"Tout":"(16 (18 15 4 12) 19 (5 (4 13)) (7 19) 16 3 17)"},
     "ucase":41},
    {"datain":{"L":[9,9,1,10,1,6,15,16,6,11,12],"T":"(4 (29 28) (68 46) 55)"},
     "output":{"Tout":"(9 (9 1) (10 1) 6)"},
     "ucase":42},
    {"datain":{"L":[0,16,9,17,5,10,10,6,17,18,4,0,8,7,11,16,8,3,9],"T":"(0 17 (98 44 73 51) 88)"},
     "output":{"Tout":"(0 16 (9 17 5 10) 10)"},
     "ucase":43},
    {"datain":{"L":[8,5,14,0,3,3,12,15,19,6,14,14,19],"T":"(0 (46 18 44) (50 (50 49) (9 2)))"},
     "output":{"Tout":"(8 (5 14 0) (3 (3 12) (15 19)))"},
     "ucase":44},
    {"datain":{"L":[16,15,16,8,1,14,1,2,17,17,17,13,15],"T":"(95 (0 49 13) (72 (38 94)) (60 46))"},
     "output":{"Tout":"(16 (15 16 8) (1 (14 1)) (2 17))"},
     "ucase":45},
    {"datain":{"L":[0,0,2,3,14,6,9,7,18,13,12,3,13,5,12,12],"T":"(94 89 96 (35 32 8) (2 90 31) (17 39))"},
     "output":{"Tout":"(0 0 2 (3 14 6) (9 7 18) (13 12))"},
     "ucase":46},
    {"datain":{"L":[18,3,11,6,9,19,8,1,13,16,18],"T":"(71 61 (14 79) (73 0) (96 12) 53 76)"},
     "output":{"Tout":"(18 3 (11 6) (9 19) (8 1) 13 16)"},
     "ucase":47},
    {"datain":{"L":[4,10,16,13,16,0,13,14,3,11,7],"T":"(41 (39 (22 47) 55) (27 21 14) (67 (33 (69 26))) 58)"},
     "output":{"Tout":"(4 (10 (16 13) 16) (0 13 14) (3 (11 (7 26))) 58)"},
     "ucase":48},
    {"datain":{"L":[5,4,16,4,5,7,5,7,14,19],"T":"(7 (82 (15 77) 29) (23 10 82) (19 48) (30 78 58))"},
     "output":{"Tout":"(5 (4 (16 4) 5) (7 5 7) (14 19) (30 78 58))"},
     "ucase":49},
    {"datain":{"L":[0,9,13,11,8,9,11,1,7,10,1,5,13,15,9,16,0,13],"T":"(28 (59 86) (26 4) (25 65) (77 41 6))"},
     "output":{"Tout":"(0 (9 13) (11 8) (9 11) (1 7 10))"},
     "ucase":50},
    {"datain":{"L":[9,11,8,16,0,17,14,0,10,2,7,19,12,13,13,13],"T":"(9 36 (21 4) (14 74))"},
     "output":{"Tout":"(9 11 (8 16) (0 17))"},
     "ucase":51},
    {"datain":{"L":[18,17,18,8,15,9,18,2,13,11,13,13,2,9,10,8,1,5,12],"T":"(86 38 (25 81) 72)"},
     "output":{"Tout":"(18 17 (18 8) 15)"},
     "ucase":52},
    {"datain":{"L":[12,2,8,3,10,15,16,0,14,11,1,10,1,11,13,2],"T":"(76 63 39 (13 35) 89 67 (70 89))"},
     "output":{"Tout":"(12 2 8 (3 10) 15 16 (0 14))"},
     "ucase":53}
]
