[{"datain":{"A":"0->{0,2,3}, 5->{0,1,3,4}","B":"1->{3}, 2->{1,2,3,4,5}, 3->{0,1,2,4,5}"},"output":{"C":""},"ucase":0},
{"datain":{"A":"1->{0,1,4}","B":"0->{1,2,3,4}, 4->{1,3,4}"},"output":{"C":""},"ucase":1},
{"datain":{"A":"1->{4,8}, 2->{1,2,3,4,5,7}, 5->{1,3,4}, 8->{1,3,5,6,8,9}","B":"0->{0,2,4,6,8,9}, 2->{4,5,6,8}, 5->{0,1,4}, 8->{0,1,2,8}"},"output":{"C":"2->{4,5}, 5->{1,4}, 8->{1,8}"},"ucase":2},
{"datain":{"A":"0->{2,3,5}, 1->{0,1,5}, 2->{3,5}, 3->{0,1}, 4->{0,1,2,3,5}, 5->{3,4,5}","B":"2->{1,4,5}"},"output":{"C":"2->{5}"},"ucase":3},
{"datain":{"A":"0->{1,2,3,4,6}, 1->{0,4,9}, 2->{0,1,2,3,4,5,8,9}, 3->{0,2,3,5,6,7}, 4->{1,2,3,4,5,7,9}, 5->{2,4,6,7}, 6->{1,3,6,8}, 8->{0,1,3,7,8}, 9->{0,1,2,3,6,10}","B":"0->{0,1,2,3,4,5,7,9}, 1->{0,2,3,4,6}, 3->{1,3,4,9}, 5->{0,1,4,5,6}, 6->{0,1,2,4,5,6,7,8,9}, 7->{0,1,2,4,5,6,7}, 9->{2,3,5,7,8}"},"output":{"C":"0->{1,2,3,4}, 1->{0,4}, 3->{3}, 5->{4,6}, 6->{1,6,8}, 9->{2,3}"},"ucase":4},
{"datain":{"A":"0->{1,2,3}, 1->{1,2}, 2->{0,1,3}","B":"0->{1,2}, 2->{1,2}, 3->{1,3}"},"output":{"C":"0->{1,2}, 2->{1}"},"ucase":5},
{"datain":{"A":"2->{2,3,4}, 3->{0,1,2,3}, 4->{0,1,4}","B":"1->{0,1,2,3}, 3->{0,2,3,4}"},"output":{"C":"3->{0,2,3}"},"ucase":6},
{"datain":{"A":"0->{0,3,4,6}, 1->{3,5,6,7}, 2->{0,2,4,5,7}, 3->{0,1,3,4,8}, 7->{0,1,2,3,7}","B":"0->{0,2,5,7}, 2->{0,1,2,7}, 3->{1,3,6}, 4->{0,3,4,7,8}, 6->{1,2,3,5,6,7}, 7->{2,3}, 8->{1,3,4,5,7}"},"output":{"C":"0->{0}, 2->{0,2,7}, 3->{1,3}, 7->{2,3}"},"ucase":7},
{"datain":{"A":"3->{0,1,2,6}, 9->{0,4,5,8,10}, 10->{0,1,4,7,8,9,10,11}","B":"0->{1,2,6,7,8,11}, 1->{0,2,3,6,8,9,10}, 2->{5,6,7,9,10,11}, 3->{0,1,2,3,4,5,7,9,11}, 5->{0,6,7,8,9,10}, 6->{1,3,4,7,8,10,11}, 7->{3,6,11}, 9->{1,3,4,7,8,9}"},"output":{"C":"3->{0,1,2}, 9->{4,8}"},"ucase":8},
{"datain":{"A":"0->{0,4}, 2->{1,3,6}, 3->{3,4}","B":"0->{0,2,3,4,5,6}, 1->{1,3,4,5,6}, 2->{0,2,4,6}, 4->{0,2,3,4,5}, 5->{0,1,3,5,6}, 6->{0,1,3,5,6}"},"output":{"C":"0->{0,4}, 2->{6}"},"ucase":9},
{"datain":{"A":"0->{4}, 3->{0,2,3,4}","B":"2->{1,2,3,4}"},"output":{"C":""},"ucase":10},
{"datain":{"A":"0->{0,1,4,6,7,9,10}, 2->{5,6,7}, 3->{1,2,6,10}, 7->{0,1,3}, 8->{2,5,6,10}","B":"0->{0,1,2,3,10}, 1->{0,1,2,3,4,6,7}, 3->{6}, 4->{3,5,6,7,8,9,10}, 5->{1,3,4,5,6,7,8,10}, 6->{1,3,9}"},"output":{"C":"0->{0,1,10}, 3->{6}"},"ucase":11},
{"datain":{"A":"0->{2,3}, 3->{0,2,4}","B":"0->{4}, 1->{0,2}, 4->{2,4}"},"output":{"C":""},"ucase":12},
{"datain":{"A":"0->{3,4,7,8,9}, 1->{0,4,5,6,8}, 2->{1,3,5,9}, 3->{0,1,4,9}, 4->{1,5,9}, 5->{0,3,4,5,6,7,8,9}, 6->{0,1,4,5,9}, 9->{2,7,9}","B":"2->{0,1,2,3,5,7}, 3->{0,1,3,4,5,7}"},"output":{"C":"2->{1,3,5}, 3->{0,1,4}"},"ucase":13},
{"datain":{"A":"1->{0,1,2,4}, 2->{0,1,2,4}, 3->{0,1,3,4}, 4->{4}","B":"1->{1,2,4}, 2->{4}, 4->{0,1,3,4}"},"output":{"C":"1->{1,2,4}, 2->{4}, 4->{4}"},"ucase":14},
{"datain":{"A":"0->{1,3}, 2->{0}, 3->{2}","B":"3->{2,3}"},"output":{"C":"3->{2}"},"ucase":15},
{"datain":{"A":"1->{1,2,3,5,7}, 5->{2,4,6,7}, 6->{1,3,4,5}","B":"1->{1,2,3,5,7}, 2->{1,2,3,4,6,7}, 5->{0,2,4,7}, 7->{6}"},"output":{"C":"1->{1,2,3,5,7}, 5->{2,4,7}"},"ucase":16},
{"datain":{"A":"0->{0,2,5,9,10}, 1->{0,1,3,5,6,7,10}, 4->{0,1,2,4,7,9,10}, 6->{1,3,7,10}","B":"0->{0,1,3,5,9}, 1->{0,9,10}, 3->{1,2,5,7,8}, 4->{3,4,5,7,8,10}, 5->{0,1,3,5,7,9,10}, 8->{2,6,8,10}"},"output":{"C":"0->{0,5,9}, 1->{0,10}, 4->{4,7,10}"},"ucase":17},
{"datain":{"A":"1->{0,3,7,9,11}, 2->{2,3,5,6,9,10}, 3->{1,7,8,9,10,11}, 8->{1,2,3,5,8,9,11}, 10->{1,2,3,7,8,9,10,11}, 11->{2,4,5,8,10,11}","B":"0->{0,1,2,3,7,9,11}, 5->{0,1,4,6,7,11}, 7->{0,1,4,5,6,9,10,11}, 8->{0,1,4,7,8,9,10}"},"output":{"C":"8->{1,8,9}"},"ucase":18},
{"datain":{"A":"0->{0,1,3,4,5,7}, 1->{3,4,5,7,8}, 5->{0,1,2,3,4,6,7,8}, 6->{0,1,4,6,7,8}, 7->{0,3,5,7,8}","B":"0->{0,2,3,5,7}, 2->{0,3,4,7}, 7->{0,1,2,4,5,8}"},"output":{"C":"0->{0,3,5,7}, 7->{0,5,8}"},"ucase":19},
{"datain":{"A":"1->{0,1,3,4,7}, 2->{0,1,2}, 3->{1,2}, 5->{3,4,6}, 6->{0,5}","B":"6->{0,3,4}, 7->{0,1,2,3,4,5,6}"},"output":{"C":"6->{0}"},"ucase":20},
{"datain":{"A":"2->{1,2,3,4,5,7}, 3->{0,4,6,7}, 4->{0,1,2,4,5}, 7->{1,4,7}","B":"3->{0,1,3,4,5,6,8}, 4->{4,6,7}, 6->{1,2,4,6}, 7->{2,3,5,8}"},"output":{"C":"3->{0,4,6}, 4->{4}"},"ucase":21},
{"datain":{"A":"0->{7,8,11}, 1->{0,2,7,8,9,11}, 2->{0,3,5,6,8,10,11}, 4->{0,2,6,7,11}, 5->{0,1,6,7,8,10}, 6->{3,9,10,11}, 7->{0,2,3,7,9,10,11}, 10->{0,1,2,5,6,7,8,9,11}","B":"2->{3,4,6,11}, 5->{3,4,6,8,10,11}, 6->{2,3,5,6}, 7->{0,1,2,4,6,9,10}, 8->{0,4,6,9}, 11->{1,4,5,6,7,8,10,11}"},"output":{"C":"2->{3,6,11}, 5->{6,8,10}, 6->{3}, 7->{0,2,9,10}"},"ucase":22},
{"datain":{"A":"3->{0,1}","B":"0->{0,1,2}, 1->{0,1,2,3}, 3->{0,1,2}"},"output":{"C":"3->{0,1}"},"ucase":23},
{"datain":{"A":"1->{0,2}, 2->{1,2}, 3->{3}","B":"0->{0,3}, 1->{0,1,2}, 2->{0,1,2}, 3->{0,1,2}"},"output":{"C":"1->{0,2}, 2->{1,2}"},"ucase":24},
{"datain":{"A":"0->{1,3,4}","B":"0->{1,2,3,5}, 2->{2,5}, 3->{3,4,5}, 5->{0,2,3,4}"},"output":{"C":"0->{1,3}"},"ucase":25},
{"datain":{"A":"0->{1,3}, 1->{2,3,4,5}, 2->{2,3,5}, 3->{0,1,2}, 4->{0,3,4}","B":"0->{0,4,5}, 2->{0,4}, 3->{1,4,5}, 4->{1,3}"},"output":{"C":"3->{1}, 4->{3}"},"ucase":26},
{"datain":{"A":"0->{2}, 1->{1}, 2->{2}","B":"0->{0,2}"},"output":{"C":"0->{2}"},"ucase":27},
{"datain":{"A":"0->{2,4,5,6}, 5->{0,1}","B":"1->{1,2,3,4,6}, 4->{0,2,3,6}, 5->{0,2,4,5}, 6->{0,1,3,4,5}"},"output":{"C":"5->{0}"},"ucase":28},
{"datain":{"A":"1->{1,2,5}, 2->{1,2,3,4,5}, 4->{1,2,4,5}","B":"4->{2,3}, 5->{1,2,4,5}"},"output":{"C":"4->{2}"},"ucase":29},
{"datain":{"A":"3->{0,2,4,5,6,7}, 4->{1,6,7,11}, 7->{0,2,5,10,11}, 9->{0,2,3,5,9,10}, 10->{0,1,5,6,9,10,11}","B":"0->{2,5,7,9,10}, 1->{2,5,7,8,11}, 2->{0,2,4,5,7,8}, 3->{3,5,7,8,9,10}, 4->{2,4,6,9,10}, 6->{0,1,3,5,6,10,11}, 7->{2,3,4,11}, 11->{0,2,4,6,7,10}"},"output":{"C":"3->{5,7}, 4->{6}, 7->{2,11}"},"ucase":30},
{"datain":{"A":"3->{0,1,3,5,6,8,9}","B":"0->{0,4,5,7}, 1->{0,4,6,7,9}, 5->{0,1,2,3,5,6,8,9}, 6->{0,3,4,5,6,9,10}, 7->{0,1,2,5,7,9}, 8->{0,3,4,9}, 10->{0,3,4,7,9,10}"},"output":{"C":""},"ucase":31},
{"datain":{"A":"0->{0,1,2}, 2->{1}","B":"1->{2}"},"output":{"C":""},"ucase":32},
{"datain":{"A":"0->{1,3}, 1->{0,1,4}, 2->{4}, 5->{0,2,3,4}","B":"0->{1,2,3,5}, 2->{0}, 5->{1,4,5}"},"output":{"C":"0->{1,3}, 5->{4}"},"ucase":33},
{"datain":{"A":"0->{2}","B":"0->{0}, 2->{0}"},"output":{"C":""},"ucase":34},
{"datain":{"A":"0->{0,2,3,4,5,6,7,9}, 2->{1,6,7,8,9}, 6->{1,3,6,9}, 7->{1,2,5,6,7,8,9}","B":"1->{2,4,8,9}, 5->{2,3,4,5,6,7}, 6->{1,2,3,4,5,6,8}, 7->{3,5,9}, 9->{0,6,9}"},"output":{"C":"6->{1,3,6}, 7->{5,9}"},"ucase":35},
{"datain":{"A":"1->{0,2,8}, 3->{1,2,3,4,9,10,11}, 8->{1,5,7,10,11}","B":"0->{3,5,6,8,10,11}, 3->{1,3,5,6,7,10,11}, 4->{0,1,4,5,6,7,8,9,10}, 5->{0,1,3,5,7,8,9,11}, 7->{0,2,5,10}, 8->{2,7,9,10}, 9->{0,2,3,4,5,8,11}, 11->{1,3,6,8,9}"},"output":{"C":"3->{1,3,10,11}, 8->{7,10}"},"ucase":36},
{"datain":{"A":"0->{0,1,2,6}, 3->{1,3}, 4->{3,5,7}, 5->{0,3,4,5,7,8}, 6->{1,2,5,6,7,8}, 8->{0,1,2,3,4,6,8}","B":"2->{0,2,5,6,7}, 8->{2,4,6}"},"output":{"C":"8->{2,4,6}"},"ucase":37},
{"datain":{"A":"1->{0,1,3,5}, 5->{1,3,5,6}, 6->{0,1,5}","B":"4->{0,1,3,4}, 6->{0,5}"},"output":{"C":"6->{0,5}"},"ucase":38},
{"datain":{"A":"0->{0,1,2,4,5,6}, 1->{0,1,4,7}, 2->{0,3,8,9}, 7->{0,3,5}","B":"0->{0,2,3,4,6,9}, 1->{0,4,5,6,8,9}, 5->{6,9}, 7->{0,3,8}"},"output":{"C":"0->{0,2,4,6}, 1->{0,4}, 7->{0,3}"},"ucase":39},
{"datain":{"A":"0->{0,1,3,4}, 1->{0,1,2}, 2->{1}, 3->{0,1,2,4}","B":"0->{3,4}, 3->{2,4}"},"output":{"C":"0->{3,4}, 3->{2,4}"},"ucase":40},
{"datain":{"A":"1->{1,2,5,6,7}, 5->{0,1,3,5}","B":"3->{1,2,3,5,7}, 7->{0,1,2,4,5}"},"output":{"C":""},"ucase":41},
{"datain":{"A":"1->{0,3}","B":"0->{0,1,3}, 1->{0,2}, 2->{1,2,3}"},"output":{"C":"1->{0}"},"ucase":42},
{"datain":{"A":"1->{0,2,4,6,7,8,9}, 2->{0,1,2,5}, 4->{5,7,8,9}, 6->{0,1,2,6,9}, 8->{0,1,3,5,6,7,8,9}","B":"1->{0,2,4,6,8}, 2->{4,5,6,7,8}, 3->{3,5,6,8,9}, 7->{0,1,2,3,9}"},"output":{"C":"1->{0,2,4,6,8}, 2->{5}"},"ucase":43},
{"datain":{"A":"0->{0,1}","B":"0->{1,2}, 1->{2}, 2->{0,1}"},"output":{"C":"0->{1}"},"ucase":44},
{"datain":{"A":"1->{0,4,7}, 3->{1,2,3,6,7}, 4->{0,2,4,6,7,8}, 8->{1,7}","B":"0->{0,1,3,4,6,7}, 3->{0,2,3,4,5,6,7,8}, 4->{1,3,4}, 8->{2,3,4,5}"},"output":{"C":"3->{2,3,6,7}, 4->{4}"},"ucase":45},
{"datain":{"A":"2->{0,1,2,3,4,6,8}, 4->{0,2,4,5,6,7,8}, 5->{0,2,4}, 6->{2,3,4,5}, 7->{0,1,2,3,4}, 8->{0,5,6,7}","B":"0->{0,2,4,6,8}, 3->{3,5,6,7,8}, 4->{2,3,4,7,8}, 5->{0,1,3,4,7,8}, 7->{0,2,3,4,6,7,8}"},"output":{"C":"4->{2,4,7,8}, 5->{0,4}, 7->{0,2,3,4}"},"ucase":46},
{"datain":{"A":"0->{0,2}","B":"2->{1,2}"},"output":{"C":""},"ucase":47},
{"datain":{"A":"0->{1,2}, 2->{0,2}","B":"0->{0}, 1->{0,1}, 2->{0,1,2}"},"output":{"C":"2->{0,2}"},"ucase":48},
{"datain":{"A":"1->{6,7}, 2->{0,3,7,8}, 4->{0,1,4,7,8,9}, 5->{2,3,4,6}, 7->{0,2,3,4,6,9}","B":"0->{4,5,9}, 2->{1,3,6,9}, 3->{4,6,9}, 4->{0,1,2,8}, 7->{4,5,7,8}, 8->{1,2,3,4,5,6,7,8}, 9->{1,2,3,4,5,6,7,9}"},"output":{"C":"2->{3}, 4->{0,1,8}, 7->{4}"},"ucase":49},
{"datain":{"A":"0->{}, 3->{0,1}","B":"0->{0,1,2}, 1->{0,1,2,3}, 3->{0,2}"},"output":{"C":"3->{0}"},"ucase":50}]

