[{"datain":{"L":[9,9,14,10,4,19,19,15,13]},"output":{"S":[]},"ucase":0},{"datain":{"L":[11,9,8,4,6,2,16,6,2,0,18]},"output":{"S":[]},"ucase":1},{"datain":{"L":[10,17,15,17,11,6,6,13,5,6,9,1,10,16,14]},"output":{"S":[]},"ucase":2},{"datain":{"L":[5,15,6,0,4,6,18,0,0,13]},"output":{"S":[]},"ucase":3},{"datain":{"L":[14,4,4,18,2,15,17,2]},"output":{"S":[]},"ucase":4},{"datain":{"L":[12,12,8,18,16,10,11,17,13]},"output":{"S":[]},"ucase":5},{"datain":{"L":[13,11,11,17,3,19,1,7,11,9]},"output":{"S":[]},"ucase":6},{"datain":{"L":[0,0,4,16,6,6,8,4,14,0,5,7,1,13,19]},"output":{"S":[]},"ucase":7},{"datain":{"L":[3,16,4,8,14,1,3,17,1,13,15,7,13,2]},"output":{"S":[]},"ucase":8},{"datain":{"L":[13,13,13,17,13,13,9,17,5,3,3,7,5]},"output":{"S":[]},"ucase":9},{"datain":{"L":[6,4,16,14,16,6,13,19,17,7,3]},"output":{"S":[]},"ucase":10},{"datain":{"L":[5,15,1,15,17,11,3,1]},"output":{"S":[]},"ucase":11},{"datain":{"L":[7,9,9,5,5,10,13,5,11,7]},"output":{"S":[]},"ucase":12},{"datain":{"L":[11,9,11,13,18,8,6,7,15,3,13,7,13,15]},"output":{"S":[]},"ucase":13},{"datain":{"L":[5,15,1,13,3,17,9,13,10,12,4,5]},"output":{"S":[]},"ucase":14},{"datain":{"L":[11,13,19,11,3,5,7,1]},"output":{"S":[]},"ucase":15},{"datain":{"L":[13,4,14,16,1,9,15,5,17,9,13,9,10,0]},"output":{"S":[]},"ucase":16},{"datain":{"L":[4,18,8,16,11,5,7,15,5,5,5,13]},"output":{"S":[]},"ucase":17},{"datain":{"L":[6,16,8,2,12,10,16,15]},"output":{"S":[]},"ucase":18},{"datain":{"L":[8,18,6,4,11,3,1,19,5,9,17,8]},"output":{"S":[]},"ucase":19},{"datain":{"L":[10,16,4,2,14,12,14,4,5]},"output":{"S":[]},"ucase":20},{"datain":{"L":[10,8,18,2,2,18,14,14,10,7,1,3]},"output":{"S":[]},"ucase":21},{"datain":{"L":[9,11,3,11,9,9,19,16,0,4]},"output":{"S":[]},"ucase":22},{"datain":{"L":[14,10,2,10,16,0,0,3,1,17,19,17,17,13,5]},"output":{"S":[]},"ucase":23},{"datain":{"L":[18,10,18,13,5,17,3,1]},"output":{"S":[]},"ucase":24},{"datain":{"L":[6,16,16,11,9,8,1,7,6,16]},"output":{"S":[]},"ucase":25},{"datain":{"L":[12,14,16,2,12,14,10,3,10,0,9,13,14]},"output":{"S":[]},"ucase":26},{"datain":{"L":[0,14,4,0,16,4,18,15,13]},"output":{"S":[]},"ucase":27},{"datain":{"L":[19,4,10,4,14,14,0,8,12,19]},"output":{"S":[]},"ucase":28},{"datain":{"L":[14,1,13,6,10,9,4,16,12,2,8,7,1]},"output":{"S":[]},"ucase":29},{"datain":{"L":[19,6,18,16,8,8,17,18,0,8,4,10,4]},"output":{"S":[]},"ucase":30},{"datain":{"L":[10,15,19,3,1,5,15,9,9,10,1,1,2,3,1]},"output":{"S":[]},"ucase":31},{"datain":{"L":[12,4,14,19,19,7,19,19]},"output":{"S":[]},"ucase":32},{"datain":{"L":[12,18,5,13,11,14,10,5,3,9,12]},"output":{"S":[]},"ucase":33},{"datain":{"L":[4,12,2,0,15,19,5,9,15,15]},"output":{"S":[]},"ucase":34},{"datain":{"L":[7,9,0,4,16,8,2,4]},"output":{"S":[]},"ucase":35},{"datain":{"L":[8,10,4,10,10,16,18,8,17,15,17,9,3,18]},"output":{"S":[]},"ucase":36},{"datain":{"L":[3,1,7,11,7,9,1,3,7]},"output":{"S":[]},"ucase":37},{"datain":{"L":[11,17,5,9,18,15,7,15,19,19,5,9]},"output":{"S":[]},"ucase":38},{"datain":{"L":[9,1,18,3,3,5,3,19,13,13]},"output":{"S":[]},"ucase":39},{"datain":{"L":[2,11,17,5,7,9,13,17,19,11,13,7,18,11,12]},"output":{"S":[]},"ucase":40},{"datain":{"L":[3,13,3,7,4,9,9,1]},"output":{"S":[]},"ucase":41},{"datain":{"L":[15,1,5,7,15,3,8,0,18,6,6,6,14,3,7]},"output":{"S":[]},"ucase":42},{"datain":{"L":[10,5,15,9,2,4,6,16,8,6,8,14,16,4]},"output":{"S":[]},"ucase":43},{"datain":{"L":[5,12,16,14,16,8,18,18,3,17,6,6]},"output":{"S":[]},"ucase":44},{"datain":{"L":[13,7,15,15,19,5,16,10,8,8]},"output":{"S":[]},"ucase":45},{"datain":{"L":[7,7,7,15,19,15,7,7,3]},"output":{"S":[]},"ucase":46},{"datain":{"L":[10,14,0,2,18,18,10,12,8,7,11,17,15,3,15]},"output":{"S":[]},"ucase":47},{"datain":{"L":[3,1,7,6,8,16,1,13,16]},"output":{"S":[]},"ucase":48},{"datain":{"L":[8,8,6,6,12,16,4,2,8]},"output":{"S":[]},"ucase":49}]
