[
    {"datain":{"S":[[0],[0,4],[4],[4,7,9],[4,9]],"U":[0,4,7,9],"costos":[32,14,30,8,50]},
     "output":{"ret":22},
     "ucase":0},
    {"datain":{"S":[[2,4,5,7],[2,4,5,8],[2,4,7],[4],[4,7],[5,8],[8]],"U":[2,4,5,7,8],"costos":[7,90,21,35,60,5,72]},
     "output":{"ret":12},
     "ucase":1},
    {"datain":{"S":[[0,5,7],[2,4,7],[4,7],[5,8],[8]],"U":[0,2,4,5,7,8],"costos":[9,54,10,28,54]},
     "output":{"ret":91},
     "ucase":2},
    {"datain":{"S":[[1],[1,2,6,8,9],[1,9],[2,9],[6,8],[8,9],[9]],"U":[1,2,6,8,9],"costos":[16,36,7,45,81,80,56]},
     "output":{"ret":36},
     "ucase":3},
    {"datain":{"S":[[0,1,2,6,9],[0,3,4,6,8],[1,4,6,8],[2,4,6]],"U":[0,1,2,3,4,6,8,9],"costos":[21,54,21,45]},
     "output":{"ret":75},
     "ucase":4},
    {"datain":{"S":[[1,2,3,5],[1,2,3,5,8],[1,2,3,8],[2],[5,8]],"U":[1,2,3,5,8],"costos":[21,48,70,72,27]},
     "output":{"ret":48},
     "ucase":5},
    {"datain":{"S":[[0,4,5],[0,5,8],[0,9],[4,5,8],[4,5,8,9],[8,9]],"U":[0,4,5,8,9],"costos":[30,3,36,9,5,20]},
     "output":{"ret":8},
     "ucase":6},
    {"datain":{"S":[[2,4,8],[2,8],[4,5],[4,5,8]],"U":[2,4,5,8],"costos":[9,35,6,81]},
     "output":{"ret":15},
     "ucase":7},
    {"datain":{"S":[[],[1],[1,7],[1,9],[7,9],[9]],"U":[1,7,9],"costos":[18,42,72,70,5,2]},
     "output":{"ret":47},
     "ucase":8},
    {"datain":{"S":[[0,3],[0,7],[3],[3,7],[6]],"U":[0,3,6,7],"costos":[100,72,18,20,10]},
     "output":{"ret":100},
     "ucase":9},
    {"datain":{"S":[[0,1,5],[0,1,5,8],[0,2,5,6,7,8],[1,2,6,8],[1,5],[2,6,8],[5,7]],"U":[0,1,2,5,6,7,8],"costos":[12,4,72,63,5,56,7]},
     "output":{"ret":67},
     "ucase":10},
    {"datain":{"S":[[],[7],[7,8],[8]],"U":[7,8],"costos":[45,32,8,9]},
     "output":{"ret":8},
     "ucase":11},
    {"datain":{"S":[[4,5,6],[4,5,6,7],[4,7,9],[5,6,7],[5,7,9],[6,9]],"U":[4,5,6,7,9],"costos":[18,3,30,48,35,28]},
     "output":{"ret":31},
     "ucase":12},
    {"datain":{"S":[[3,5,7],[3,7,9],[5],[5,9],[7]],"U":[3,5,7,9],"costos":[25,40,24,54,10]},
     "output":{"ret":64},
     "ucase":13},
    {"datain":{"S":[[0,1,6,9],[0,1,7,9],[0,6,8,9],[1,6],[1,8],[6,9],[9]],"U":[0,1,6,7,8,9],"costos":[6,21,20,5,24,5,12]},
     "output":{"ret":41},
     "ucase":14},
    {"datain":{"S":[[1,2,5,6,7,9],[1,4,9],[4,7,9],[5,6,7,9],[7,9]],"U":[1,2,4,5,6,7,9],"costos":[45,18,63,18,20]},
     "output":{"ret":63},
     "ucase":15},
    {"datain":{"S":[[],[2,4],[2,4,7],[2,7],[4],[4,7]],"U":[2,4,7],"costos":[40,4,4,12,16,42]},
     "output":{"ret":4},
     "ucase":16},
    {"datain":{"S":[[1,3,4,6,7],[2,7,8],[3,4,6,7],[6,8]],"U":[1,2,3,4,6,7,8],"costos":[7,18,90,6]},
     "output":{"ret":25},
     "ucase":17},
    {"datain":{"S":[[],[1,6],[1,7,8],[3,6,7],[6,7],[6,8],[8]],"U":[1,3,6,7,8],"costos":[24,12,81,30,42,63,45]},
     "output":{"ret":87},
     "ucase":18},
    {"datain":{"S":[[1,5],[1,5,6],[1,5,8],[5,6,8]],"U":[1,5,6,8],"costos":[40,24,14,5]},
     "output":{"ret":19},
     "ucase":19},
    {"datain":{"S":[[0,1,2],[0,1,2,7],[0,7,8],[1,7,8]],"U":[0,1,2,7,8],"costos":[90,7,35,10]},
     "output":{"ret":17},
     "ucase":20},
    {"datain":{"S":[[0],[0,2],[0,2,5],[2],[9]],"U":[0,2,5,9],"costos":[4,28,18,8,12]},
     "output":{"ret":30},
     "ucase":21},
    {"datain":{"S":[[0,1,2,4,5,7,8,9],[0,1,2,4,8],[0,1,3,5,7,8],[0,1,5],[1,3,5,9],[1,5,7,9],[2,5,7,9],[2,5,8]],"U":[0,1,2,3,4,5,7,8,9],"costos":[2,6,4,18,2,80,2,24]},
     "output":{"ret":4},
     "ucase":22},
    {"datain":{"S":[[1,3],[1,3,9],[6,8,9],[6,9]],"U":[1,3,6,8,9],"costos":[32,24,16,30]},
     "output":{"ret":40},
     "ucase":23},
    {"datain":{"S":[[0,1,2,8],[0,1,5],[0,2,7],[2,7]],"U":[0,1,2,5,7,8],"costos":[21,6,24,20]},
     "output":{"ret":47},
     "ucase":24},
    {"datain":{"S":[[3],[3,5,8],[3,8],[5]],"U":[3,5,8],"costos":[20,32,40,6]},
     "output":{"ret":32},
     "ucase":25},
    {"datain":{"S":[[],[8],[8,9]],"U":[8,9],"costos":[12,20,56]},
     "output":{"ret":56},
     "ucase":26},
    {"datain":{"S":[[1,2,4,6],[1,4],[1,4,6,9],[1,4,9],[1,5,6],[1,6,9],[2,4,6],[4,5]],"U":[1,2,4,5,6,9],"costos":[20,80,1,9,70,4,36,72]},
     "output":{"ret":91},
     "ucase":27},
    {"datain":{"S":[[0,2,4,6,7],[0,2,4,6,7,9],[0,4,5,6],[0,5,6,7],[0,6,8],[2,4,7],[2,5,7,8],[4,7]],"U":[0,2,4,5,6,7,8,9],"costos":[72,24,49,30,8,32,12,12]},
     "output":{"ret":36},
     "ucase":28},
    {"datain":{"S":[[3,4,9],[3,9],[4,6,9],[4,7],[7],[9]],"U":[3,4,6,7,9],"costos":[63,32,7,21,40,9]},
     "output":{"ret":60},
     "ucase":29},
    {"datain":{"S":[[3,4],[3,4,5],[3,4,5,6],[3,5],[4],[4,6]],"U":[3,4,5,6],"costos":[90,2,20,54,27,3]},
     "output":{"ret":5},
     "ucase":30},
    {"datain":{"S":[[1,3,4,7,9],[1,3,7,8,9],[3,4,7],[3,4,7,8]],"U":[1,3,4,7,8,9],"costos":[30,50,56,6]},
     "output":{"ret":36},
     "ucase":31},
    {"datain":{"S":[[0,1,2],[0,1,2,8],[0,1,8,9],[0,6,9],[1,2,6],[1,2,8],[2,6,9],[9]],"U":[0,1,2,6,8,9],"costos":[72,90,8,9,8,4,56,12]},
     "output":{"ret":13},
     "ucase":32},
    {"datain":{"S":[[0,1],[0,4,6],[1,3,6],[4,6]],"U":[0,1,3,4,6],"costos":[35,50,6,8]},
     "output":{"ret":49},
     "ucase":33},
    {"datain":{"S":[[1,2,5,6],[1,2,5,6,8,9],[1,2,6,8],[5]],"U":[1,2,5,6,8,9],"costos":[54,2,40,3]},
     "output":{"ret":2},
     "ucase":34},
    {"datain":{"S":[[],[1],[1,2,8],[1,6],[2],[2,6],[6]],"U":[1,2,6,8],"costos":[90,9,18,3,20,32,1]},
     "output":{"ret":19},
     "ucase":35},
    {"datain":{"S":[[0,3,4,5,6,9],[0,3,5,6,9],[0,3,6,9],[3,4,6,9],[6,9]],"U":[0,3,4,5,6,9],"costos":[63,7,10,6,70]},
     "output":{"ret":13},
     "ucase":36},
    {"datain":{"S":[[0],[0,2,4],[2],[4]],"U":[0,2,4],"costos":[40,25,7,3]},
     "output":{"ret":25},
     "ucase":37},
    {"datain":{"S":[[0,6],[4,5,6],[5,6,8],[6,9]],"U":[0,2,3,4,5,6,8,9],"costos":[56,63,64,49]},
     "output":{"ret":2147483647},
     "ucase":38},
    {"datain":{"S":[[1,6,8],[1,8],[1,8,9],[6,8],[6,8,9],[6,9]],"U":[1,6,8,9],"costos":[9,14,10,50,63,9]},
     "output":{"ret":18},
     "ucase":39},
    {"datain":{"S":[[1,3,5,7],[3,5],[7]],"U":[1,2,3,5,7,8],"costos":[5,10,36]},
     "output":{"ret":2147483647},
     "ucase":40},
    {"datain":{"S":[[0],[0,1,4],[0,3,4],[0,4],[1,3,4,7],[4,7]],"U":[0,1,3,4,7],"costos":[80,48,8,72,10,18]},
     "output":{"ret":18},
     "ucase":41},
    {"datain":{"S":[[0,1,4,7],[0,2,7],[0,4,5,7],[1,2,4,5,7],[1,4,6]],"U":[0,1,2,4,5,6,7],"costos":[49,70,48,35,4]},
     "output":{"ret":87},
     "ucase":42},
    {"datain":{"S":[[],[0,1,3],[0,1,3,6],[0,3],[0,3,6],[1,6]],"U":[0,1,3,6],"costos":[20,15,10,10,20,18]},
     "output":{"ret":10},
     "ucase":43},
    {"datain":{"S":[[0,4],[0,9],[1,4,9],[1,9],[4,9]],"U":[0,1,2,4,9],"costos":[2,64,9,90,72]},
     "output":{"ret":2147483647},
     "ucase":44},
    {"datain":{"S":[[0,3,5,9],[0,3,6,7,9],[0,9],[3],[3,6,7,9]],"U":[0,3,5,6,7,9],"costos":[30,6,24,80,10]},
     "output":{"ret":36},
     "ucase":45},
    {"datain":{"S":[[0,7],[7]],"U":[0,1,7],"costos":[35,18]},
     "output":{"ret":2147483647},
     "ucase":46},
    {"datain":{"S":[[0,1,2,3,7],[0,4,7],[1,4],[2,3,4],[2,4],[3]],"U":[0,1,2,3,4,7],"costos":[80,32,6,10,50,10]},
     "output":{"ret":48},
     "ucase":47},
    {"datain":{"S":[[0,2,3,7],[0,3],[0,3,7],[0,4],[2,4,7]],"U":[0,2,3,4,7],"costos":[8,9,60,30,28]},
     "output":{"ret":36},
     "ucase":48},
    {"datain":{"S":[[0,1,5,7],[0,1,7],[0,2],[0,2,5,7],[1,8],[2,5,7,8],[7,8]],"U":[0,1,2,5,7,8],"costos":[50,3,12,63,30,63,32]},
     "output":{"ret":66},
     "ucase":49}
]
