[{"datain":{"C":["a","c","e","f","g","h"],"W":[10,20,10,5,30,25]},"output":{"Tout":"(. (. c h) (. (. e (. f a)) g))"}},
{"datain":{"C":["c","f","g","h","i","j"],"W":[5,30,10,20,15,20]},"output":{"Tout":"(. (. h j) (. f (. i (. c g))))"}},
{"datain":{"C":["a","b","d","j","m","n","o"],"W":[15,15,5,15,10,15,25]},"output":{"Tout":"(. (. (. d m) o) (. (. a b) (. j n)))"}},
{"datain":{"C":["a","b","d","e","g","j","k"],"W":[20,5,15,5,10,20,25]},"output":{"Tout":"(. (. j (. g (. b e))) (. k (. d a)))"}},
{"datain":{"C":["a","c","d","e","f","g"],"W":[15,15,25,5,15,25]},"output":{"Tout":"(. (. (. e a) d) (. g (. c f)))"}},
{"datain":{"C":["a","b","c","d","e","f"],"W":[20,10,15,15,20,20]},"output":{"Tout":"(. (. e f) (. (. b c) (. d a)))"}},
{"datain":{"C":["a","d","e","i","j","k","l"],"W":[10,5,10,10,25,25,15]},"output":{"Tout":"(. (. (. e i) j) (. k (. l (. d a))))"}},
{"datain":{"C":["b","d","h","k","l","m"],"W":[10,5,25,25,25,10]},"output":{"Tout":"(. (. h k) (. l (. m (. d b))))"}},
{"datain":{"C":["a","c","d","e","f","h","i","j","k"],"W":[5,10,5,5,15,10,15,30,5]},"output":{"Tout":"(. (. (. c h) (. (. a d) (. e k))) (. j (. f i)))"}},
{"datain":{"C":["c","g","j","k","l"],"W":[30,20,5,25,20]},"output":{"Tout":"(. (. l k) (. (. j g) c))"}},
{"datain":{"C":["a","c","g","i","l","m"],"W":[10,5,30,10,20,25]},"output":{"Tout":"(. (. l m) (. (. i (. c a)) g))"}},
{"datain":{"C":["c","d","f","i","j"],"W":[20,15,5,30,30]},"output":{"Tout":"(. (. c (. f d)) (. i j))"}},
{"datain":{"C":["a","d","e","f","h","k","l"],"W":[10,10,10,10,25,30,5]},"output":{"Tout":"(. (. (. d e) h) (. (. f (. l a)) k))"}},
{"datain":{"C":["a","b","c","d","h","i","j"],"W":[10,25,5,20,5,5,30]},"output":{"Tout":"(. (. d b) (. (. (. c h) (. i a)) j))"}},
{"datain":{"C":["a","b","c","d","g","j","k"],"W":[10,10,5,5,30,10,30]},"output":{"Tout":"(. (. (. a b) (. j (. c d))) (. g k))"}},
{"datain":{"C":["c","d","g","j","k"],"W":[5,30,30,30,5]},"output":{"Tout":"(. (. (. c k) d) (. g j))"}},
{"datain":{"C":["a","d","e","g","j","k"],"W":[20,20,10,10,30,10]},"output":{"Tout":"(. (. d (. e g)) (. j (. k a)))"}},
{"datain":{"C":["b","c","g","h"],"W":[15,30,25,30]},"output":{"Tout":"(. (. b g) (. c h))"}},
{"datain":{"C":["d","j","n","o","r","v","w"],"W":[5,5,10,20,15,25,20]},"output":{"Tout":"(. (. w (. n (. d j))) (. v (. r o)))"}},
{"datain":{"C":["a","b","e","g","h"],"W":[25,20,5,20,30]},"output":{"Tout":"(. (. g a) (. (. e b) h))"}},
{"datain":{"C":["b","c","d","h","i"],"W":[5,25,30,30,10]},"output":{"Tout":"(. (. (. b i) c) (. d h))"}},
{"datain":{"C":["a","b","c","e","i","j"],"W":[5,25,10,5,30,25]},"output":{"Tout":"(. (. (. c (. a e)) b) (. j i))"}},
{"datain":{"C":["c","d","f","g","h"],"W":[25,15,15,30,15]},"output":{"Tout":"(. (. h c) (. g (. d f)))"}},
{"datain":{"C":["a","b","c","d","e"],"W":[25,30,5,15,25]},"output":{"Tout":"(. (. (. c d) a) (. e b))"}},
{"datain":{"C":["b","c","e","g","o","p","q","r"],"W":[15,20,10,5,5,10,15,20]},"output":{"Tout":"(. (. r (. e p)) (. (. (. g o) b) (. q c)))"}},
{"datain":{"C":["b","c","d","e","g","k","l"],"W":[10,5,15,25,5,25,15]},"output":{"Tout":"(. (. (. b (. c g)) e) (. k (. d l)))"}},
{"datain":{"C":["e","h","j","o","p"],"W":[10,15,20,30,25]},"output":{"Tout":"(. (. j p) (. (. e h) o))"}},
{"datain":{"C":["c","e","h","i","j"],"W":[15,15,20,30,20]},"output":{"Tout":"(. (. h j) (. i (. c e)))"}},
{"datain":{"C":["b","c","h","i","j"],"W":[15,15,25,15,30]},"output":{"Tout":"(. (. i h) (. j (. b c)))"}},
{"datain":{"C":["b","d","e","f"],"W":[30,10,30,30]},"output":{"Tout":"(. (. d b) (. e f))"}},
{"datain":{"C":["c","e","f","i","j","k","l"],"W":[15,5,10,20,15,20,15]},"output":{"Tout":"(. (. i k) (. (. c j) (. l (. e f))))"}},
{"datain":{"C":["a","b","d","g","i","j"],"W":[15,25,20,5,25,10]},"output":{"Tout":"(. (. d b) (. i (. a (. g j))))"}},
{"datain":{"C":["k","n","p","q","r"],"W":[15,30,20,10,25]},"output":{"Tout":"(. (. p r) (. (. q k) n))"}},
{"datain":{"C":["a","d","e","h","k","l","m"],"W":[10,20,10,15,10,30,5]},"output":{"Tout":"(. (. d (. e k)) (. l (. h (. m a))))"}},
{"datain":{"C":["a","d","f","i","j"],"W":[10,20,30,20,20]},"output":{"Tout":"(. (. i j) (. f (. a d)))"}},
{"datain":{"C":["b","c","d","f","h","i"],"W":[5,10,10,30,30,15]},"output":{"Tout":"(. (. (. b c) (. d i)) (. f h))"}},
{"datain":{"C":["a","d","f","i","j","k"],"W":[5,20,5,25,25,20]},"output":{"Tout":"(. (. k i) (. j (. (. a f) d)))"}},
{"datain":{"C":["a","c","d","e","f"],"W":[10,5,25,30,30]},"output":{"Tout":"(. (. (. c a) d) (. e f))"}},
{"datain":{"C":["b","c","e","g","i","j"],"W":[5,15,25,10,30,15]},"output":{"Tout":"(. (. (. b g) e) (. i (. c j)))"}},
{"datain":{"C":["a","b","d","e","f"],"W":[25,5,30,20,20]},"output":{"Tout":"(. (. f a) (. (. b e) d))"}},
{"datain":{"C":["c","d","h","i","j"],"W":[20,20,20,15,25]},"output":{"Tout":"(. (. d h) (. j (. i c)))"}},
{"datain":{"C":["b","c","d","g","h","i"],"W":[15,5,15,20,20,25]},"output":{"Tout":"(. (. h (. c b)) (. i (. d g)))"}},
{"datain":{"C":["d","e","j","l","m"],"W":[30,25,10,15,20]},"output":{"Tout":"(. (. m e) (. (. j l) d))"}},
{"datain":{"C":["e","f","h","j","k"],"W":[20,25,10,25,20]},"output":{"Tout":"(. (. k f) (. j (. h e)))"}},
{"datain":{"C":["b","d","f","g"],"W":[30,25,15,30]},"output":{"Tout":"(. (. f d) (. b g))"}},
{"datain":{"C":["b","f","g","h"],"W":[25,25,25,25]},"output":{"Tout":"(. (. b f) (. g h))"}},
{"datain":{"C":["a","f","g","h"],"W":[30,30,25,15]},"output":{"Tout":"(. (. h g) (. a f))"}},
{"datain":{"C":["a","d","h","i","j"],"W":[20,25,20,20,15]},"output":{"Tout":"(. (. h i) (. d (. j a)))"}},
{"datain":{"C":["a","b","c","d","f","g"],"W":[5,15,20,20,30,10]},"output":{"Tout":"(. (. c d) (. f (. b (. a g))))"}},
{"datain":{"C":["b","c","d","e","f"],"W":[5,25,25,15,30]},"output":{"Tout":"(. (. (. b e) c) (. d f))"}}]

