[
    {"datain":{"T1":"(5 2 3)","T2":"(6 2 3)"},
     "output":{"retval":-1},
     "ucase":0},
    {"datain":{"T1":"(7 2 3)","T2":"(6 2 3)"},
     "output":{"retval":1},
     "ucase":1},
    {"datain":{"T1":"(6 2 3)","T2":"(6 2 3)"},
     "output":{"retval":0},
     "ucase":2},
    {"datain":{"T1":"(6 2 .)","T2":"(6 2 3)"},
     "output":{"retval":-1},
     "ucase":3},
    {"datain":{"T1":"(6 2 3)","T2":"(6 2 .)"},
     "output":{"retval":1},
     "ucase":4},
    {"datain":{"T1":"(6 2 3)","T2":"(6 2 5)"},
     "output":{"retval":-1},
     "ucase":5},
    {"datain":{"T1":"(6 2 3)","T2":"(6 2 2)"},
     "output":{"retval":1},
     "ucase":6},
    {"datain":{"T1":"(6 2 (3 1 2))","T2":"(6 2 3)"},
     "output":{"retval":1},
     "ucase":7},
    {"datain":{"T1":"(6 2 3)","T2":"(6 2 (3 1 2))"},
     "output":{"retval":-1},
     "ucase":8},
    {"datain":{"T1":"(3 9 4)","T2":"(3 4 9)"},
     "output":{"retval":5},
     "ucase":9},
    {"datain":{"T1":"(8 (0 . 7) (9 7 .))","T2":"(8 (0 7 .) (9 . 7))"},
     "output":{"retval":-1},
     "ucase":10},
    {"datain":{"T1":"(0 7 (0 . 0))","T2":"(0 (0 0 .) 7)"},
     "output":{"retval":7},
     "ucase":11},
    {"datain":{"T1":"(8 (4 . 0) 8)","T2":"(8 (4 . 0) 8)"},
     "output":{"retval":0},
     "ucase":12},
    {"datain":{"T1":"(5 (8 (5 8 .) .) 3)","T2":"(5 3 (8 (5 8 .) .))"},
     "output":{"retval":5},
     "ucase":13},
    {"datain":{"T1":"(7 (2 5 (5 . 3)) 0)","T2":"(7 (2 5 (5 . 3)) 0)"},
     "output":{"retval":0},
     "ucase":14},
    {"datain":{"T1":"(0 9 (7 . 5))","T2":"(0 9 (7 5 .))"},
     "output":{"retval":-1},
     "ucase":15},
    {"datain":{"T1":"(5 8 (5 7 .))","T2":"(5 (5 . 7) 8)"},
     "output":{"retval":3},
     "ucase":16},
    {"datain":{"T1":"(9 (2 6 (4 . 2)) (3 2 (1 . 7)))","T2":"(9 (3 (1 . 7) 2) (2 (4 . 2) 6))"},
     "output":{"retval":-1},
     "ucase":17},
    {"datain":{"T1":"(3 (2 8 .) 5)","T2":"(3 (2 8 .) 5)"},
     "output":{"retval":0},
     "ucase":18},
    {"datain":{"T1":"(8 (8 9 6) 1)","T2":"(8 1 (8 9 6))"},
     "output":{"retval":7},
     "ucase":19},
    {"datain":{"T1":"(0 0 (3 . 7))","T2":"(0 0 (3 . 7))"},
     "output":{"retval":0},
     "ucase":20},
    {"datain":{"T1":"(6 (0 . 9) 3)","T2":"(6 (0 9 .) 3)"},
     "output":{"retval":-1},
     "ucase":21},
    {"datain":{"T1":"(6 (0 (8 4 .) .) 3)","T2":"(6 (0 . (8 . 4)) 3)"},
     "output":{"retval":1},
     "ucase":22},
    {"datain":{"T1":"(0 7 9)","T2":"(0 7 9)"},
     "output":{"retval":0},
     "ucase":23},
    {"datain":{"T1":"(4 (4 . (5 (3 5 .) .)) (7 . 3))","T2":"(4 (7 3 .) (4 . (5 (3 5 .) .)))"},
     "output":{"retval":-3},
     "ucase":24},
    {"datain":{"T1":"(9 (7 . 3) (2 2 .))","T2":"(9 (7 3 .) (2 . 2))"},
     "output":{"retval":-1},
     "ucase":25},
    {"datain":{"T1":"(1 (1 (2 . 3) (4 5 .)) 2)","T2":"(1 (1 (2 . 3) (4 5 .)) 2)"},
     "output":{"retval":0},
     "ucase":26},
    {"datain":{"T1":"(2 (1 (8 4 .) .) (0 6 .))","T2":"(2 (1 (8 . 4) .) (0 6 .))"},
     "output":{"retval":1},
     "ucase":27},
    {"datain":{"T1":"(6 1 (9 . 7))","T2":"(6 (9 . 7) 1)"},
     "output":{"retval":-8},
     "ucase":28},
    {"datain":{"T1":"(9 (6 1 2) (3 5 .))","T2":"(9 (6 1 2) (3 5 .))"},
     "output":{"retval":0},
     "ucase":29},
    {"datain":{"T1":"(6 5 8)","T2":"(6 5 8)"},
     "output":{"retval":0},
     "ucase":30},
    {"datain":{"T1":"(4 (2 (5 2 .) 4) (4 . (1 4 .)))","T2":"(4 (2 (5 2 .) 4) (4 . (1 4 .)))"},
     "output":{"retval":0},
     "ucase":31},
    {"datain":{"T1":"(0 8 6)","T2":"(0 8 6)"},
     "output":{"retval":0},
     "ucase":32},
    {"datain":{"T1":"(4 5 (0 4 .))","T2":"(4 (0 4 .) 5)"},
     "output":{"retval":5},
     "ucase":33},
    {"datain":{"T1":"(5 (4 4 .) 3)","T2":"(5 (4 4 .) 3)"},
     "output":{"retval":0},
     "ucase":34},
    {"datain":{"T1":"(1 (1 (4 1 .) .) (9 0 (8 0 9)))","T2":"(1 (1 . (4 . 1)) (9 (8 0 9) 0))"},
     "output":{"retval":1},
     "ucase":35},
    {"datain":{"T1":"(0 5 (4 . 8))","T2":"(0 (4 8 .) 5)"},
     "output":{"retval":1},
     "ucase":36},
    {"datain":{"T1":"(1 7 (8 3 .))","T2":"(1 (8 3 .) 7)"},
     "output":{"retval":-1},
     "ucase":37},
    {"datain":{"T1":"(1 (5 . 1) 8)","T2":"(1 (5 1 .) 8)"},
     "output":{"retval":-1},
     "ucase":38},
    {"datain":{"T1":"(6 (2 . 3) 2)","T2":"(6 (2 3 .) 2)"},
     "output":{"retval":-1},
     "ucase":39},
    {"datain":{"T1":"(6 (6 7 .) 1)","T2":"(6 (6 7 .) 1)"},
     "output":{"retval":0},
     "ucase":40},
    {"datain":{"T1":"(0 (6 5 .) 9)","T2":"(0 9 (6 5 .))"},
     "output":{"retval":-3},
     "ucase":41},
    {"datain":{"T1":"(3 (8 (3 9 .) .) 1)","T2":"(3 (8 . (3 9 .)) 1)"},
     "output":{"retval":1},
     "ucase":42},
    {"datain":{"T1":"(8 (9 8 .) (8 . 1))","T2":"(8 (9 . 8) (8 . 1))"},
     "output":{"retval":1},
     "ucase":43},
    {"datain":{"T1":"(6 (2 5 7) (1 (5 6 .) 1))","T2":"(6 (1 1 (5 6 .)) (2 5 7))"},
     "output":{"retval":1},
     "ucase":44},
    {"datain":{"T1":"(0 7 2)","T2":"(0 7 2)"},
     "output":{"retval":0},
     "ucase":45},
    {"datain":{"T1":"(0 6 (8 5 .))","T2":"(0 6 (8 . 5))"},
     "output":{"retval":1},
     "ucase":46},
    {"datain":{"T1":"(4 7 8)","T2":"(4 7 8)"},
     "output":{"retval":0},
     "ucase":47},
    {"datain":{"T1":"(4 6 3)","T2":"(4 6 3)"},
     "output":{"retval":0},
     "ucase":48},
    {"datain":{"T1":"(3 6 (6 (6 . (0 . (7 4 .))) .))","T2":"(3 6 (6 (6 (0 (7 . 4) .) .) .))"},
     "output":{"retval":-1},
     "ucase":49},
    {"datain":{"T1":"(6 2 (9 (3 6 .) .))","T2":"(6 (9 (3 . 6) .) 2)"},
     "output":{"retval":-7},
     "ucase":50},
    {"datain":{"T1":"(7 9 1)","T2":"(7 1 9)"},
     "output":{"retval":8},
     "ucase":51},
    {"datain":{"T1":"(1 (9 (6 (7 (6 6 .) .) .) .) (7 . 4))","T2":"(1 (9 (6 (7 (6 6 .) .) .) .) (7 4 .))"},
     "output":{"retval":-1},
     "ucase":52},
    {"datain":{"T1":"(5 (8 (7 9 .) (5 . (4 . 0))) (8 . 3))","T2":"(5 (8 (7 9 .) (5 . (4 . 0))) (8 . 3))"},
     "output":{"retval":0},
     "ucase":53},
    {"datain":{"T1":"(2 6 (6 . 3))","T2":"(2 (6 3 .) 6)"},
     "output":{"retval":-1},
     "ucase":54},
    {"datain":{"T1":"(0 (5 . 9) 4)","T2":"(0 4 (5 . 9))"},
     "output":{"retval":1},
     "ucase":55},
    {"datain":{"T1":"(0 (2 . 9) (1 4 .))","T2":"(0 (1 4 .) (2 . 9))"},
     "output":{"retval":1},
     "ucase":56},
    {"datain":{"T1":"(2 2 (8 9 5))","T2":"(2 2 (8 9 5))"},
     "output":{"retval":0},
     "ucase":57},
    {"datain":{"T1":"(6 (5 . 7) (7 . (5 . 4)))","T2":"(6 (5 7 .) (7 . (5 4 .)))"},
     "output":{"retval":-1},
     "ucase":58}
]
