[
    {"datain":{"VL":[[1,2,-1,-2,3,4,-3,-4],[5,6,-5,-6,7,8,-7,-8],[-9,-10]]},
     "output":{"L":[1,2,5,6,-1,-2,-5,-6,-9,-10,3,4,7,8,-3,-4,-7,-8]},
     "ucase":0},
    {"datain":{"VL":[[0,4,-2,4,1],[-1,-4,-4,-3,-1],[-4,4,1,3,-2],[0,3,-2,4,-5],[-5,-5,-1,-3,-2]]},
     "output":{"L":[0,4,0,3,-2,-1,-4,-4,-3,-1,-4,-2,-5,-5,-1,-3,-2,4,1,4,1,3,4,-2,-5]},
     "ucase":0},
    {"datain":{"VL":[[-1,-1,-1,3],[-5,3,1,2],[0,2,4,-3],[-3,0,4,-3]]},
     "output":{"L":[0,2,4,-1,-1,-1,-5,-3,-3,3,3,1,2,0,4,-3]},
     "ucase":1},
    {"datain":{"VL":[[2,-1,3],[-3,3,-3],[0,-1,-2]]},
     "output":{"L":[2,0,-1,-3,-1,-2,3,3,-3]},
     "ucase":2},
    {"datain":{"VL":[[-3,4,-3],[2,-4,3],[3,0,-4]]},
     "output":{"L":[2,3,0,-3,-4,-4,4,3,-3]},
     "ucase":3},
    {"datain":{"VL":[[3,1,4],[4,-3,0],[-1,4,-1]]},
     "output":{"L":[3,1,4,4,-3,-1,0,4,-1]},
     "ucase":4},
    {"datain":{"VL":[[-2,-2,2,-1,3],[-5,3,-5,-2,-2],[-5,2,2,1,1],[2,-3,-5,-2,-1],[-5,2,0,1,4]]},
     "output":{"L":[2,-2,-2,-5,-5,-3,-5,-2,-1,-5,2,3,2,2,1,1,2,0,1,4,-1,-5,-2,-2,3]},
     "ucase":5},
    {"datain":{"VL":[[-4,4,4],[2,-5,1],[4,2,-4]]},
     "output":{"L":[2,4,2,-4,-5,-4,4,4,1]},
     "ucase":6},
    {"datain":{"VL":[[3,-4,-2],[4,-5,2],[-1,3,-1]]},
     "output":{"L":[3,4,-4,-2,-5,-1,2,3,-1]},
     "ucase":7},
    {"datain":{"VL":[[3,4,3,-2,2],[4,-1,4,-2,2],[-1,-2,4,2,3],[-2,-3,-3,-3,4],[4,-3,-4,4,4]]},
     "output":{"L":[3,4,3,4,4,-2,-1,-1,-2,-2,-3,-3,-3,-3,-4,2,4,4,2,3,4,4,4,-2,2]},
     "ucase":8},
    {"datain":{"VL":[[1,-4,2,0,0],[-1,-3,1,2,-3],[4,3,4,-3,-1],[-4,-5,-5,3,2],[-5,0,3,-1,-5]]},
     "output":{"L":[1,4,3,4,-4,-1,-3,-3,-1,-4,-5,-5,-5,2,0,0,1,2,3,2,0,3,-3,-1,-5]},
     "ucase":9},
    {"datain":{"VL":[[-4,2,0,2],[1,-2,3,-2],[3,4,-1,-3],[-1,-4,-4,1]]},
     "output":{"L":[1,3,4,-4,-2,-1,-3,-1,-4,-4,2,0,2,3,1,-2]},
     "ucase":10},
    {"datain":{"VL":[[-5,1,-5,2,-1],[4,0,2,-4,4],[3,-5,-2,2,4],[-2,4,-2,-4,0],[0,-2,1,-2,1]]},
     "output":{"L":[4,0,2,3,0,-5,-4,-5,-2,-2,-2,1,4,2,4,4,1,-5,-2,-4,-2,2,0,1,-1]},
     "ucase":11},
    {"datain":{"VL":[[-4,-2,-5,-1],[-2,3,-1,4],[-2,-5,0,2],[4,3,-1,-1]]},
     "output":{"L":[4,3,-4,-2,-5,-1,-2,-2,-5,-1,-1,3,0,2,-1,4]},
     "ucase":12},
    {"datain":{"VL":[[0,-1,2,0,0],[4,-5,4,-5,-5],[-4,-3,0,2,-2],[-5,-4,0,-1,-5],[-2,-3,3,-3,1]]},
     "output":{"L":[0,4,-1,-5,-4,-3,-5,-4,-2,-3,2,0,0,4,0,2,0,3,-5,-5,-2,-1,-5,-3,1]},
     "ucase":13},
    {"datain":{"VL":[[-4,1,-3,4,2],[4,4,-1,-3,-5],[-5,2,3,0,-2],[-3,-2,0,4,4],[-4,-3,2,2,-2]]},
     "output":{"L":[4,4,-4,-1,-3,-5,-5,-3,-2,-4,-3,1,2,3,0,0,4,4,2,2,-3,-2,-2,4,2]},
     "ucase":14},
    {"datain":{"VL":[[-5,2,2,-3,4],[-2,4,3,-5,-5],[-5,-4,-2,3,0],[2,-3,2,-3,0],[3,4,-5,2,1]]},
     "output":{"L":[2,3,4,-5,-2,-5,-4,-2,-3,-5,2,2,4,3,3,0,2,2,1,-3,-5,-5,-3,4,0]},
     "ucase":15},
    {"datain":{"VL":[[3,0,3,2,-3],[4,4,2,-5,0],[3,0,-4,4,4],[0,-2,0,2,2],[-5,2,-2,3,1]]},
     "output":{"L":[3,0,3,2,4,4,2,3,0,0,-3,-5,-4,-2,-5,0,4,4,0,2,2,2,-2,3,1]},
     "ucase":16},
    {"datain":{"VL":[[3,-5,3,4],[-3,1,-5,3],[3,2,4,3],[0,-4,4,4]]},
     "output":{"L":[3,3,2,4,3,0,-5,-3,-4,3,4,1,4,4,-5,3]},
     "ucase":17},
    {"datain":{"VL":[[2,-4,-3,3],[-2,-1,-5,-4],[2,-2,-3,-5],[-5,1,-1,-5]]},
     "output":{"L":[2,2,-4,-3,-2,-1,-5,-4,-2,-3,-5,-5,3,1,-1,-5]},
     "ucase":18},
    {"datain":{"VL":[[2,-5,-1,4],[0,-2,3,-2],[0,-4,-5,3],[-4,-5,-4,4]]},
     "output":{"L":[2,0,0,-5,-1,-2,-4,-5,-4,-5,-4,4,3,3,4,-2]},
     "ucase":19},
    {"datain":{"VL":[[-1,-2,1,-1],[1,-1,0,1],[2,-4,-4,4],[2,-1,2,0]]},
     "output":{"L":[1,2,2,-1,-2,-1,-4,-4,-1,1,0,1,4,2,0,-1]},
     "ucase":20},
    {"datain":{"VL":[[4,0,3,-5],[1,-4,3,1],[-2,4,-1,4],[3,-5,4,-2]]},
     "output":{"L":[4,0,3,1,3,-5,-4,-2,-5,3,1,4,4,-1,-2,4]},
     "ucase":21},
    {"datain":{"VL":[[-2,-3,-5,-2,-1],[4,0,0,2,-3],[0,-4,-2,1,-1],[0,-5,0,-4,4],[0,0,-1,-5,3]]},
     "output":{"L":[4,0,0,2,0,0,0,0,-2,-3,-5,-2,-1,-3,-4,-2,-5,-1,-5,1,0,3,-1,-4,4]},
     "ucase":22},
    {"datain":{"VL":[[-4,2,2,-1,-2],[-4,1,0,3,1],[-5,-1,-1,3,-5],[-5,1,-4,0,-2],[-3,-2,3,-1,3]]},
     "output":{"L":[-4,-4,-5,-1,-1,-5,-3,-2,2,2,1,0,3,1,3,1,3,-1,-2,-5,-4,-1,0,3,-2]},
     "ucase":23},
    {"datain":{"VL":[[-5,0,-3,2,3],[-5,4,-1,-2,0],[-5,4,-3,0,4],[-4,4,-5,0,-3],[-4,-1,-2,4,-3]]},
     "output":{"L":[-5,-5,-5,-4,-4,-1,-2,0,4,4,4,4,-3,-1,-2,-3,-5,-3,2,3,0,0,4,0,-3]},
     "ucase":24},
    {"datain":{"VL":[[-4,0,1],[-4,-2,1],[-1,-5,1]]},
     "output":{"L":[-4,-4,-2,-1,-5,0,1,1,1]},
     "ucase":25},
    {"datain":{"VL":[[2,-3,-5,-2],[0,0,-5,-4],[-1,-4,-5,4],[-5,2,0,-3]]},
     "output":{"L":[2,0,0,-3,-5,-2,-5,-4,-1,-4,-5,-5,4,2,0,-3]},
     "ucase":26},
    {"datain":{"VL":[[-4,-1,2,2,-3],[-5,2,1,-1,-3],[2,1,-2,1,0],[-5,-3,1,-4,4],[1,-5,3,1,-2]]},
     "output":{"L":[2,1,1,-4,-1,-5,-2,-5,-3,-5,2,2,2,1,1,0,1,3,1,-3,-1,-3,-4,-2,4]},
     "ucase":27},
    {"datain":{"VL":[[-4,-1,-3,4],[-2,-3,-1,-2],[2,3,-3,3],[1,2,-3,0]]},
     "output":{"L":[2,3,1,2,-4,-1,-3,-2,-3,-1,-2,-3,-3,4,3,0]},
     "ucase":28},
    {"datain":{"VL":[[1,-5,0,0,-5],[2,1,4,-5,3],[2,4,0,-1,-1],[3,-1,4,-1,-2],[1,-5,1,-3,-4]]},
     "output":{"L":[1,2,1,4,2,4,0,3,1,-5,-5,-1,-1,-1,-5,0,0,3,4,1,-5,-1,-2,-3,-4]},
     "ucase":29},
    {"datain":{"VL":[[4,4,0],[-1,0,-4],[-4,-2,-3]]},
     "output":{"L":[4,4,0,-1,-4,-2,-3,0,-4]},
     "ucase":30},
    {"datain":{"VL":[[3,1,-3,2],[2,1,-4,-4],[-4,3,3,3],[0,-4,-4,2]]},
     "output":{"L":[3,1,2,1,0,-3,-4,-4,-4,-4,-4,2,3,3,3,2]},
     "ucase":31},
    {"datain":{"VL":[[1,4,-2],[3,4,0],[0,-5,-3]]},
     "output":{"L":[1,4,3,4,0,0,-2,-5,-3]},
     "ucase":32},
    {"datain":{"VL":[[4,-3,-1,1,-4],[4,-5,1,-4,-5],[-3,-4,-3,-4,0],[-5,0,0,-2,-5],[2,0,-5,-5,1]]},
     "output":{"L":[4,4,2,0,-3,-1,-5,-3,-4,-3,-4,-5,-5,-5,1,1,0,0,0,1,-4,-4,-5,-2,-5]},
     "ucase":33},
    {"datain":{"VL":[[4,-4,-2,-5,-4],[1,-4,-2,4,-5],[-2,4,3,-5,-2],[4,1,-5,1,-3],[-3,2,2,-2,-2]]},
     "output":{"L":[4,1,4,1,-4,-2,-5,-4,-4,-2,-2,-5,-3,4,4,3,1,2,2,-5,-5,-2,-3,-2,-2]},
     "ucase":34},
    {"datain":{"VL":[[-2,0,0,2],[0,-1,-5,-3],[2,-1,-3,3],[-5,1,-4,-5]]},
     "output":{"L":[0,2,-2,-1,-5,-3,-1,-3,-5,0,0,2,3,1,-4,-5]},
     "ucase":35},
    {"datain":{"VL":[[-1,3,4,0,4],[-5,-4,3,-2,-5],[-3,3,0,2,0],[-4,-2,-3,-3,3],[-5,-2,-5,4,1]]},
     "output":{"L":[-1,-5,-4,-3,-4,-2,-3,-3,-5,-2,-5,3,4,0,4,3,3,0,2,0,3,4,1,-2,-5]},
     "ucase":36},
    {"datain":{"VL":[[1,4,-2],[0,-1,-4],[3,-5,-5]]},
     "output":{"L":[1,4,0,3,-2,-1,-4,-5,-5]},
     "ucase":37},
    {"datain":{"VL":[[0,2,-3,2,4],[3,-5,-1,3,-1],[-2,-2,1,2,0],[-4,-1,-5,2,4],[1,3,4,1,4]]},
     "output":{"L":[0,2,3,1,3,4,1,4,-3,-5,-1,-2,-2,-4,-1,-5,2,4,3,1,2,0,2,4,-1]},
     "ucase":38},
    {"datain":{"VL":[[-4,3,2,1],[-1,-4,-3,-1],[-3,-5,-4,-1],[-3,1,0,0]]},
     "output":{"L":[-4,-1,-4,-3,-1,-3,-5,-4,-1,-3,3,2,1,1,0,0]},
     "ucase":39},
    {"datain":{"VL":[[2,2,-2,4],[-3,-4,1,-1],[-2,3,-3,2],[2,-4,-5,3]]},
     "output":{"L":[2,2,2,-2,-3,-4,-2,-4,-5,4,1,3,3,-1,-3,2]},
     "ucase":40},
    {"datain":{"VL":[[2,-5,-4,4],[1,1,2,1],[-2,0,3,-3],[-4,4,-2,-2]]},
     "output":{"L":[2,1,1,2,1,-5,-4,-2,-4,4,0,3,4,-3,-2,-2]},
     "ucase":41},
    {"datain":{"VL":[[0,3,4],[-2,-3,-3],[-5,2,-1]]},
     "output":{"L":[0,3,4,-2,-3,-3,-5,2,-1]},
     "ucase":42},
    {"datain":{"VL":[[3,-4,4,-1,-5],[-2,-3,-2,-5,2],[1,-5,-3,-3,3],[-1,-4,4,1,-5],[-4,1,2,-5,3]]},
     "output":{"L":[3,1,-4,-2,-3,-2,-5,-5,-3,-3,-1,-4,-4,4,2,3,4,1,1,2,-1,-5,-5,-5,3]},
     "ucase":43},
    {"datain":{"VL":[[0,2,-2],[-5,2,1],[3,-3,0]]},
     "output":{"L":[0,2,3,-2,-5,-3,2,1,0]},
     "ucase":44},
    {"datain":{"VL":[[3,0,-3,0,2],[-5,4,1,4,4],[1,0,3,1,-4],[-3,1,0,-4,-4],[0,4,-2,-1,4]]},
     "output":{"L":[3,0,1,0,3,1,0,4,-3,-5,-4,-3,-2,-1,0,2,4,1,4,4,1,0,4,-4,-4]},
     "ucase":45},
    {"datain":{"VL":[[2,3,-2,-1],[0,-1,0,-4],[-3,3,-4,-2],[-3,2,-1,-4]]},
     "output":{"L":[2,3,0,-2,-1,-1,-3,-3,0,3,2,-4,-4,-2,-1,-4]},
     "ucase":46},
    {"datain":{"VL":[[1,1,-3,1],[-2,-1,-2,2],[-2,-1,0,2],[2,-2,0,-4]]},
     "output":{"L":[1,1,2,-3,-2,-1,-2,-2,-1,-2,1,2,0,2,0,-4]},
     "ucase":47},
    {"datain":{"VL":[[0,0,-5,-3],[-4,1,4,3],[-5,-5,-2,-5],[-5,-5,0,-3]]},
     "output":{"L":[0,0,-5,-3,-4,-5,-5,-2,-5,-5,-5,1,4,3,0,-3]},
     "ucase":48},
    {"datain":{"VL":[[4,4,-1,1],[-4,-1,-3,3],[-2,-3,3,0],[2,2,4,-1]]},
     "output":{"L":[4,4,2,2,4,-1,-4,-1,-3,-2,-3,-1,1,3,3,0]},
     "ucase":49}
]
