[
    {"datain":{"S":[5,9,3,9,16,14,11,11]},
     "output":{"Sout":[11,11,14,16,9,3,9,5]},
     "ucase":0},
    {"datain":{"S":[6,12,6,6,3,17,1]},
     "output":{"Sout":[1,17,3,6,6,12,6]},
     "ucase":1},
    {"datain":{"S":[1,14,12,3,5,1,10,15,4]},
     "output":{"Sout":[4,15,10,1,5,3,12,14,1]},
     "ucase":2},
    {"datain":{"S":[16,7,7,8,4,18,17,8]},
     "output":{"Sout":[8,17,18,4,8,7,7,16]},
     "ucase":3},
    {"datain":{"S":[4,11,15,15,2]},
     "output":{"Sout":[2,15,15,11,4]},
     "ucase":4},
    {"datain":{"S":[12,16,5,0,5]},
     "output":{"Sout":[5,0,5,16,12]},
     "ucase":5},
    {"datain":{"S":[18,4,6,7,10,3,11,9]},
     "output":{"Sout":[9,11,3,10,7,6,4,18]},
     "ucase":6},
    {"datain":{"S":[12,10,19,2,12,14]},
     "output":{"Sout":[14,12,2,19,10,12]},
     "ucase":7},
    {"datain":{"S":[18,18,1,15,6]},
     "output":{"Sout":[6,15,1,18,18]},
     "ucase":8},
    {"datain":{"S":[17,9,7,12,3,6,3]},
     "output":{"Sout":[3,6,3,12,7,9,17]},
     "ucase":9},
    {"datain":{"S":[16,0,9,15,12,12,10]},
     "output":{"Sout":[10,12,12,15,9,0,16]},
     "ucase":10},
    {"datain":{"S":[1,15,13,16,5,9,2]},
     "output":{"Sout":[2,9,5,16,13,15,1]},
     "ucase":11},
    {"datain":{"S":[10,7,16,8,8,3,3]},
     "output":{"Sout":[3,3,8,8,16,7,10]},
     "ucase":12},
    {"datain":{"S":[4,10,11,16,19,6]},
     "output":{"Sout":[6,19,16,11,10,4]},
     "ucase":13},
    {"datain":{"S":[8,1,3,9,10,17,14,8]},
     "output":{"Sout":[8,14,17,10,9,3,1,8]},
     "ucase":14},
    {"datain":{"S":[9,4,15,11,8,11,13,9,9]},
     "output":{"Sout":[9,9,13,11,8,11,15,4,9]},
     "ucase":15},
    {"datain":{"S":[9,6,14,17,5,18,15]},
     "output":{"Sout":[15,18,5,17,14,6,9]},
     "ucase":16},
    {"datain":{"S":[6,13,15,11,6,10]},
     "output":{"Sout":[10,6,11,15,13,6]},
     "ucase":17},
    {"datain":{"S":[4,9,1,2,13]},
     "output":{"Sout":[13,2,1,9,4]},
     "ucase":18},
    {"datain":{"S":[4,15,9,19,13,6]},
     "output":{"Sout":[6,13,19,9,15,4]},
     "ucase":19},
    {"datain":{"S":[13,16,16,9,2,4,5,11]},
     "output":{"Sout":[11,5,4,2,9,16,16,13]},
     "ucase":20},
    {"datain":{"S":[5,13,0,8,19,4,14,17,5]},
     "output":{"Sout":[5,17,14,4,19,8,0,13,5]},
     "ucase":21},
    {"datain":{"S":[18,17,1,11,11]},
     "output":{"Sout":[11,11,1,17,18]},
     "ucase":22},
    {"datain":{"S":[7,11,4,12,0,9,9,10]},
     "output":{"Sout":[10,9,9,0,12,4,11,7]},
     "ucase":23},
    {"datain":{"S":[9,2,9,16,5,5,7]},
     "output":{"Sout":[7,5,5,16,9,2,9]},
     "ucase":24},
    {"datain":{"S":[4,7,3,13,15,5,15,19,19]},
     "output":{"Sout":[19,19,15,5,15,13,3,7,4]},
     "ucase":25},
    {"datain":{"S":[1,15,10,4,0,1,3,4,14]},
     "output":{"Sout":[14,4,3,1,0,4,10,15,1]},
     "ucase":26},
    {"datain":{"S":[17,3,13,7,17,1,6,13,19]},
     "output":{"Sout":[19,13,6,1,17,7,13,3,17]},
     "ucase":27},
    {"datain":{"S":[8,10,0,10,19,17]},
     "output":{"Sout":[17,19,10,0,10,8]},
     "ucase":28},
    {"datain":{"S":[19,11,18,13,6,9,18]},
     "output":{"Sout":[18,9,6,13,18,11,19]},
     "ucase":29},
    {"datain":{"S":[2,13,5,12,19,4,9,12,0]},
     "output":{"Sout":[0,12,9,4,19,12,5,13,2]},
     "ucase":30},
    {"datain":{"S":[11,5,15,1,7,8,13]},
     "output":{"Sout":[13,8,7,1,15,5,11]},
     "ucase":31},
    {"datain":{"S":[15,11,14,9,15,16]},
     "output":{"Sout":[16,15,9,14,11,15]},
     "ucase":32},
    {"datain":{"S":[9,2,15,1,13,13,10]},
     "output":{"Sout":[10,13,13,1,15,2,9]},
     "ucase":33},
    {"datain":{"S":[9,14,11,12,15,16,13,8,5]},
     "output":{"Sout":[5,8,13,16,15,12,11,14,9]},
     "ucase":34},
    {"datain":{"S":[8,12,18,13,12]},
     "output":{"Sout":[12,13,18,12,8]},
     "ucase":35},
    {"datain":{"S":[11,14,6,6,18,6,6,13,18]},
     "output":{"Sout":[18,13,6,6,18,6,6,14,11]},
     "ucase":36},
    {"datain":{"S":[18,15,18,9,7]},
     "output":{"Sout":[7,9,18,15,18]},
     "ucase":37},
    {"datain":{"S":[15,3,4,6,4,11,12,17,15]},
     "output":{"Sout":[15,17,12,11,4,6,4,3,15]},
     "ucase":38},
    {"datain":{"S":[4,12,10,3,1,17,10,12,8]},
     "output":{"Sout":[8,12,10,17,1,3,10,12,4]},
     "ucase":39},
    {"datain":{"S":[19,7,10,17,19,15,16,14]},
     "output":{"Sout":[14,16,15,19,17,10,7,19]},
     "ucase":40},
    {"datain":{"S":[16,7,15,3,15,5,6,8,4]},
     "output":{"Sout":[4,8,6,5,15,3,15,7,16]},
     "ucase":41},
    {"datain":{"S":[6,5,2,12,3,10,6,17]},
     "output":{"Sout":[17,6,10,3,12,2,5,6]},
     "ucase":42},
    {"datain":{"S":[7,5,1,12,18,4]},
     "output":{"Sout":[4,18,12,1,5,7]},
     "ucase":43},
    {"datain":{"S":[3,2,16,5,6,10]},
     "output":{"Sout":[10,6,5,16,2,3]},
     "ucase":44},
    {"datain":{"S":[17,9,5,17,8,16,1,18]},
     "output":{"Sout":[18,1,16,8,17,5,9,17]},
     "ucase":45},
    {"datain":{"S":[5,6,17,18,16,5,2]},
     "output":{"Sout":[2,5,16,18,17,6,5]},
     "ucase":46},
    {"datain":{"S":[11,18,14,8,11]},
     "output":{"Sout":[11,8,14,18,11]},
     "ucase":47},
    {"datain":{"S":[5,15,2,17,7,5,3]},
     "output":{"Sout":[3,5,7,17,2,15,5]},
     "ucase":48},
    {"datain":{"S":[0,0,1,2,8]},
     "output":{"Sout":[8,2,1,0,0]},
     "ucase":49}
]
