[
    {"datain":{"L":[4,-3,-5,-4,-5,-1,4,-1,-5,-5,1,-5,3,3,0,2,2]},
     "output":{"VL":[[4],[-3,-5,-4,-5,-1],[4],[-1,-5,-5],[1],[-5],[3,3,0,2,2]]},
     "ucase":0},
    {"datain":{"L":[0,4,-2,4,1,-1,-4,-4,-3,-1,-4,4,1]},
     "output":{"VL":[[0,4],[-2],[4,1],[-1,-4,-4,-3,-1,-4],[4,1]]},
     "ucase":1},
    {"datain":{"L":[2,-1,3,-3,3,-3,0,-1,-2,0]},
     "output":{"VL":[[2],[-1],[3],[-3],[3],[-3],[0],[-1,-2],[0]]},
     "ucase":2},
    {"datain":{"L":[-1,2,-4,-5,4,-5,-5,1,-5,2]},
     "output":{"VL":[[-1],[2],[-4,-5],[4],[-5,-5],[1],[-5],[2]]},
     "ucase":3},
    {"datain":{"L":[2,3,-4,3,1,0,1,2,-1,3,4,-1,-2,4,-1,3]},
     "output":{"VL":[[2,3],[-4],[3,1,0,1,2],[-1],[3,4],[-1,-2],[4],[-1],[3]]},
     "ucase":4},
    {"datain":{"L":[-2,2,1,3,2,-1,1,4,-2,0]},
     "output":{"VL":[[-2],[2,1,3,2],[-1],[1,4],[-2],[0]]},
     "ucase":5},
    {"datain":{"L":[-5,4,-3,-3,2,0,-1,4,-2,4,0,1,-4]},
     "output":{"VL":[[-5],[4],[-3,-3],[2,0],[-1],[4],[-2],[4,0,1],[-4]]},
     "ucase":6},
    {"datain":{"L":[0,2,1,-4,4,1,-4,1,2,-2,-4,4,-4,-2,-3]},
     "output":{"VL":[[0,2,1],[-4],[4,1],[-4],[1,2],[-2,-4],[4],[-4,-2,-3]]},
     "ucase":7},
    {"datain":{"L":[-2,-2,0,-1,3,-2,-1,-2,4,-5,4,4,-2,1,3]},
     "output":{"VL":[[-2,-2],[0],[-1],[3],[-2,-1,-2],[4],[-5],[4,4],[-2],[1,3]]},
     "ucase":8},
    {"datain":{"L":[4,1,-1,2,0,3,0,-4,1,-1,4,-1]},
     "output":{"VL":[[4,1],[-1],[2,0,3,0],[-4],[1],[-1],[4],[-1]]},
     "ucase":9},
    {"datain":{"L":[4,-5,3,3,-1,3,-5,4,-2,-5]},
     "output":{"VL":[[4],[-5],[3,3],[-1],[3],[-5],[4],[-2,-5]]},
     "ucase":10},
    {"datain":{"L":[-4,0,-1,-1,-3,0,1,-3,4,3,-4,-1,3,-5,4]},
     "output":{"VL":[[-4],[0],[-1,-1,-3],[0,1],[-3],[4,3],[-4,-1],[3],[-5],[4]]},
     "ucase":11},
    {"datain":{"L":[-1,-5,4,-1,3,-1,-4,3,4,-1,-2,-3,-4,-4,-3,4,-3]},
     "output":{"VL":[[-1,-5],[4],[-1],[3],[-1,-4],[3,4],[-1,-2,-3,-4,-4,-3],[4],[-3]]},
     "ucase":12},
    {"datain":{"L":[-2,-3,-3,-4,-5,2,0,2,-5,4,-1]},
     "output":{"VL":[[-2,-3,-3,-4,-5],[2,0,2],[-5],[4],[-1]]},
     "ucase":13},
    {"datain":{"L":[-1,2,-2,-2,0,0,0,4,4,3,-5,-3,1,1,3,-3,4,3,1]},
     "output":{"VL":[[-1],[2],[-2,-2],[0,0,0,4,4,3],[-5,-3],[1,1,3],[-3],[4,3,1]]},
     "ucase":14},
    {"datain":{"L":[2,-2,-2,2,2,-4,1,-2,4,1,-5,0,-2,-3]},
     "output":{"VL":[[2],[-2,-2],[2,2],[-4],[1],[-2],[4,1],[-5],[0],[-2,-3]]},
     "ucase":15},
    {"datain":{"L":[-3,-4,-2,-2,-5,-3,1,0,-5,1,3,-5]},
     "output":{"VL":[[-3,-4,-2,-2,-5,-3],[1,0],[-5],[1,3],[-5]]},
     "ucase":16},
    {"datain":{"L":[3,-5,-5,2,0,-1,3,0,3,1,1,0,0,-4]},
     "output":{"VL":[[3],[-5,-5],[2,0],[-1],[3,0,3,1,1,0,0],[-4]]},
     "ucase":17},
    {"datain":{"L":[0,-4,-1,4,0,1,-3,1,1,-2,-5]},
     "output":{"VL":[[0],[-4,-1],[4,0,1],[-3],[1,1],[-2,-5]]},
     "ucase":18},
    {"datain":{"L":[-2,0,-5,2,0,-1,-3,4,-1,-5,4,1,4,-2,-5]},
     "output":{"VL":[[-2],[0],[-5],[2,0],[-1,-3],[4],[-1,-5],[4,1,4],[-2,-5]]},
     "ucase":19},
    {"datain":{"L":[-5,-3,4,-5,1,-1,-1,-1,-2,-5,4]},
     "output":{"VL":[[-5,-3],[4],[-5],[1],[-1,-1,-1,-2,-5],[4]]},
     "ucase":20},
    {"datain":{"L":[-2,1,-5,3,3,0,3,-4,-1,-1,-5,3,3,1]},
     "output":{"VL":[[-2],[1],[-5],[3,3,0,3],[-4,-1,-1,-5],[3,3,1]]},
     "ucase":21},
    {"datain":{"L":[-5,3,-2,-4,-3,4,-1,4,1,2,-3,3]},
     "output":{"VL":[[-5],[3],[-2,-4,-3],[4],[-1],[4,1,2],[-3],[3]]},
     "ucase":22},
    {"datain":{"L":[-4,-5,3,1,-3,-2,2,2,-2,-4,-4,3,3,-5,-2,-1,-3]},
     "output":{"VL":[[-4,-5],[3,1],[-3,-2],[2,2],[-2,-4,-4],[3,3],[-5,-2,-1,-3]]},
     "ucase":23},
    {"datain":{"L":[1,0,-3,-3,-2,-5,1,2,-2,-2,1,4,3]},
     "output":{"VL":[[1,0],[-3,-3,-2,-5],[1,2],[-2,-2],[1,4,3]]},
     "ucase":24},
    {"datain":{"L":[-2,-3,3,2,-1,-1,4,-3,-5,3,-3,-4,-2,1,3,2,0]},
     "output":{"VL":[[-2,-3],[3,2],[-1,-1],[4],[-3,-5],[3],[-3,-4,-2],[1,3,2,0]]},
     "ucase":25},
    {"datain":{"L":[0,1,2,3,1,0,-3,-3,-1,1,-5,-4]},
     "output":{"VL":[[0,1,2,3,1,0],[-3,-3,-1],[1],[-5,-4]]},
     "ucase":26},
    {"datain":{"L":[1,1,2,-4,-4,0,2,-3,-3,2,-1,-2,1,0,3,4,-5,0,-2]},
     "output":{"VL":[[1,1,2],[-4,-4],[0,2],[-3,-3],[2],[-1,-2],[1,0,3,4],[-5],[0],[-2]]},
     "ucase":27},
    {"datain":{"L":[-4,-5,4,-3,0,-5,3,3,4,-4,2]},
     "output":{"VL":[[-4,-5],[4],[-3],[0],[-5],[3,3,4],[-4],[2]]},
     "ucase":28},
    {"datain":{"L":[-1,-5,-5,-5,3,4,0,2,-3,-1,-3,-1,3,0,1,4,-2,1,-5]},
     "output":{"VL":[[-1,-5,-5,-5],[3,4,0,2],[-3,-1,-3,-1],[3,0,1,4],[-2],[1],[-5]]},
     "ucase":29},
    {"datain":{"L":[1,-5,3,-1,0,-4,-5,3,-2,0,-3,2,1,3,4,-2,3,2,1]},
     "output":{"VL":[[1],[-5],[3],[-1],[0],[-4,-5],[3],[-2],[0],[-3],[2,1,3,4],[-2],[3,2,1]]},
     "ucase":30},
    {"datain":{"L":[-3,3,0,3,-2,-4,4,-3,4,-2,4]},
     "output":{"VL":[[-3],[3,0,3],[-2,-4],[4],[-3],[4],[-2],[4]]},
     "ucase":31},
    {"datain":{"L":[3,4,2,4,0,3,3,0,2,-5,-3,2,2,-2,-2,0,-5]},
     "output":{"VL":[[3,4,2,4,0,3,3,0,2],[-5,-3],[2,2],[-2,-2],[0],[-5]]},
     "ucase":32},
    {"datain":{"L":[-3,-5,0,-5,-4,2,1,-5,-3,2,1,1,-2,1,1]},
     "output":{"VL":[[-3,-5],[0],[-5,-4],[2,1],[-5,-3],[2,1,1],[-2],[1,1]]},
     "ucase":33},
    {"datain":{"L":[-1,4,-3,3,1,2,-3,4,1,-1]},
     "output":{"VL":[[-1],[4],[-3],[3,1,2],[-3],[4,1],[-1]]},
     "ucase":34},
    {"datain":{"L":[-1,-5,-5,0,-2,-5,-1,4,-1,-2,-1]},
     "output":{"VL":[[-1,-5,-5],[0],[-2,-5,-1],[4],[-1,-2,-1]]},
     "ucase":35},
    {"datain":{"L":[0,-1,-3,-5,2,2,-3,3,-1,-3,-1,-3,-5,3,1,1,-3]},
     "output":{"VL":[[0],[-1,-3,-5],[2,2],[-3],[3],[-1,-3,-1,-3,-5],[3,1,1],[-3]]},
     "ucase":36},
    {"datain":{"L":[-4,-1,-3,4,-2,-3,-1,-2,2,3,-3,3,1,2,-3,0,-1,4]},
     "output":{"VL":[[-4,-1,-3],[4],[-2,-3,-1,-2],[2,3],[-3],[3,1,2],[-3],[0],[-1],[4]]},
     "ucase":37},
    {"datain":{"L":[-5,3,-3,1,4,-4,0,-5,4,1,-1,-4,2,-1]},
     "output":{"VL":[[-5],[3],[-3],[1,4],[-4],[0],[-5],[4,1],[-1,-4],[2],[-1]]},
     "ucase":38},
    {"datain":{"L":[-5,-4,0,-1,-2,3,0,4,-4,0,-5,3,0,-5,-4,1]},
     "output":{"VL":[[-5,-4],[0],[-1,-2],[3,0,4],[-4],[0],[-5],[3,0],[-5,-4],[1]]},
     "ucase":39},
    {"datain":{"L":[-5,2,0,3,0,-2,4,-3,1,-1,1,-3,-3,3,-3,3,-4]},
     "output":{"VL":[[-5],[2,0,3,0],[-2],[4],[-3],[1],[-1],[1],[-3,-3],[3],[-3],[3],[-4]]},
     "ucase":40},
    {"datain":{"L":[3,1,-2,0,-5,-5,3,4,4,2]},
     "output":{"VL":[[3,1],[-2],[0],[-5,-5],[3,4,4,2]]},
     "ucase":41},
    {"datain":{"L":[4,-3,-1,1,-4,4,-5,1,-4,-5,-3,-4,-3,-4,0,-5,0,0,-2]},
     "output":{"VL":[[4],[-3,-1],[1],[-4],[4],[-5],[1],[-4,-5,-3,-4,-3,-4],[0],[-5],[0,0],[-2]]},
     "ucase":42},
    {"datain":{"L":[2,4,-4,3,-1,2,0,4,4,1,-2,-3,-1]},
     "output":{"VL":[[2,4],[-4],[3],[-1],[2,0,4,4,1],[-2,-3,-1]]},
     "ucase":43},
    {"datain":{"L":[2,-3,4,4,4,-1,4,0,-2,-4,3,1,1,-5,2]},
     "output":{"VL":[[2],[-3],[4,4,4],[-1],[4,0],[-2,-4],[3,1,1],[-5],[2]]},
     "ucase":44},
    {"datain":{"L":[1,-5,-1,0,-3,0,2,0,3,-4]},
     "output":{"VL":[[1],[-5,-1],[0],[-3],[0,2,0,3],[-4]]},
     "ucase":45},
    {"datain":{"L":[2,-1,4,-4,-1,3,-2,3,-4,-3,-3]},
     "output":{"VL":[[2],[-1],[4],[-4,-1],[3],[-2],[3],[-4,-3,-3]]},
     "ucase":46},
    {"datain":{"L":[1,-5,3,0,0,3,-5,4,-5,-4,4,-3,-1,-3,3]},
     "output":{"VL":[[1],[-5],[3,0,0,3],[-5],[4],[-5,-4],[4],[-3,-1,-3],[3]]},
     "ucase":47},
    {"datain":{"L":[0,1,4,-1,3,3,1,0,-2,3]},
     "output":{"VL":[[0,1,4],[-1],[3,3,1,0],[-2],[3]]},
     "ucase":48},
    {"datain":{"L":[-1,-3,-2,-2,-5,-5,1,-5,-4,0,2,3,-1]},
     "output":{"VL":[[-1,-3,-2,-2,-5,-5],[1],[-5,-4],[0,2,3],[-1]]},
     "ucase":49}
]
