[
    {"datain":{"T":"(5 (10 8 (9 2)) (7 3))","n1":8,"n2":7},
     "output":{"m1":2,"m2":1},
     "ucase":0},
    {"datain":{"T":"(5 (10 8 (9 2)) (7 3))","n1":10,"n2":10},
     "output":{"m1":0,"m2":0},
     "ucase":1},
    {"datain":{"T":"(5 (10 8 (9 2)) (7 3))","n1":9,"n2":5},
     "output":{"m1":2,"m2":0},
     "ucase":2},
    {"datain":{"T":"(0 5 (7  8 9 (1 6)))","n1":8,"n2":6},
     "output":{"m1":1,"m2":2},
     "ucase":3},
    {"datain":{"T":"(0 5 (7  8 9 (1 6)))","n1":6,"n2":7},
     "output":{"m1":2,"m2":0},
     "ucase":4},
    {"datain":{"T":"(5 (10 8 (9 2)) (7 3))","n1":2,"n2":8},
     "output":{"m1":2,"m2":1},
     "ucase":5},
    {"datain":{"T":"(0 1 2 (3 4) 5 (6 7))","n1":6,"n2":6},
     "output":{"m1":0,"m2":0},
     "ucase":6},
    {"datain":{"T":"(0 1 2 (3 4))","n1":4,"n2":4},
     "output":{"m1":0,"m2":0},
     "ucase":7},
    {"datain":{"T":"(0 1 2 (3 4) (5 6) (7 8 9 10) (11 12))","n1":4,"n2":7},
     "output":{"m1":2,"m2":1},
     "ucase":8},
    {"datain":{"T":"(0 (1 2) 3 (4 5 6) 7 8 9)","n1":8,"n2":7},
     "output":{"m1":1,"m2":1},
     "ucase":9},
    {"datain":{"T":"(0 (1 2 3 4) (5 6))","n1":3,"n2":0},
     "output":{"m1":2,"m2":0},
     "ucase":10},
    {"datain":{"T":"(0 (1 2 3) 4 (5 6 (7 8) 9 10))","n1":1,"n2":3},
     "output":{"m1":0,"m2":1},
     "ucase":11},
    {"datain":{"T":"(0 (1 (2 (3 4) 5)))","n1":4,"n2":4},
     "output":{"m1":0,"m2":0},
     "ucase":12},
    {"datain":{"T":"(0 (1 2 3 4 (5 6)))","n1":6,"n2":3},
     "output":{"m1":2,"m2":1},
     "ucase":13},
    {"datain":{"T":"(0 (1 (2 3)) (4 (5 6)))","n1":3,"n2":1},
     "output":{"m1":2,"m2":0},
     "ucase":14},
    {"datain":{"T":"(0 (1 2) (3 4) (5 (6 7)))","n1":6,"n2":5},
     "output":{"m1":1,"m2":0},
     "ucase":15},
    {"datain":{"T":"(0 (1 2) 3 (4 5) 6 7 (8 9))","n1":8,"n2":9},
     "output":{"m1":0,"m2":1},
     "ucase":16},
    {"datain":{"T":"(0 (1 (2 3)) (4 5) (6 7 8) (9 10) 11)","n1":4,"n2":10},
     "output":{"m1":1,"m2":2},
     "ucase":17},
    {"datain":{"T":"(0 (1 (2 (3 4)) (5 (6 (7 8 9)))))","n1":9,"n2":7},
     "output":{"m1":1,"m2":0},
     "ucase":18},
    {"datain":{"T":"(0 (1 2) (3 4))","n1":0,"n2":2},
     "output":{"m1":0,"m2":2},
     "ucase":19},
    {"datain":{"T":"(0 (1 2 (3 4) 5) (6 7) 8 9 (10 11))","n1":3,"n2":1},
     "output":{"m1":1,"m2":0},
     "ucase":20},
    {"datain":{"T":"(0 (1 2 3 4 5) (6 7))","n1":5,"n2":1},
     "output":{"m1":1,"m2":0},
     "ucase":21},
    {"datain":{"T":"(0 (1 2) 3 4 5 6 7 (8 9))","n1":9,"n2":2},
     "output":{"m1":2,"m2":2},
     "ucase":22},
    {"datain":{"T":"(0 (1 2 (3 (4 5) 6) 7 8))","n1":5,"n2":4},
     "output":{"m1":1,"m2":0},
     "ucase":23},
    {"datain":{"T":"(0 1 2 3 4 5)","n1":1,"n2":3},
     "output":{"m1":1,"m2":1},
     "ucase":24},
    {"datain":{"T":"(0 (1 (2 3) (4 5) (6 7) (8 (9 10)) (11 12) 13))","n1":13,"n2":0},
     "output":{"m1":2,"m2":0},
     "ucase":25},
    {"datain":{"T":"(0 (1 2 3) (4 (5 6) 7) 8 9 10 (11 12 13))","n1":8,"n2":9},
     "output":{"m1":1,"m2":1},
     "ucase":26},
    {"datain":{"T":"(0 (1 2) 3 (4 5) 6 7)","n1":2,"n2":4},
     "output":{"m1":2,"m2":1},
     "ucase":27},
    {"datain":{"T":"(0 (1 2) (3 4) (5 6) 7)","n1":4,"n2":5},
     "output":{"m1":2,"m2":1},
     "ucase":28},
    {"datain":{"T":"(0 1 2 3 4)","n1":3,"n2":0},
     "output":{"m1":1,"m2":0},
     "ucase":29},
    {"datain":{"T":"(0 1 2 3 4 5 (6 7) 8 9)","n1":4,"n2":6},
     "output":{"m1":1,"m2":1},
     "ucase":30},
    {"datain":{"T":"(0 1 2 (3 4) 5 6 (7 8))","n1":1,"n2":0},
     "output":{"m1":1,"m2":0},
     "ucase":31},
    {"datain":{"T":"(0 (1 2) (3 4 5 6 7) (8 (9 10)) 11)","n1":8,"n2":5},
     "output":{"m1":1,"m2":2},
     "ucase":32},
    {"datain":{"T":"(0 (1 (2 3)) (4 5) 6)","n1":6,"n2":6},
     "output":{"m1":0,"m2":0},
     "ucase":33},
    {"datain":{"T":"(0 (1 2 3) (4 5) 6 (7 (8 9) 10) 11 (12 13))","n1":2,"n2":10},
     "output":{"m1":2,"m2":2},
     "ucase":34},
    {"datain":{"T":"(0 (1 2 3 (4 5)))","n1":5,"n2":0},
     "output":{"m1":3,"m2":0},
     "ucase":35},
    {"datain":{"T":"(0 (1 2 (3 4)) (5 6))","n1":5,"n2":4},
     "output":{"m1":1,"m2":3},
     "ucase":36},
    {"datain":{"T":"(0 (1 2) (3 4) 5 6)","n1":6,"n2":0},
     "output":{"m1":1,"m2":0},
     "ucase":37},
    {"datain":{"T":"(0 (1 2) 3 4 5)","n1":0,"n2":3},
     "output":{"m1":0,"m2":1},
     "ucase":38},
    {"datain":{"T":"(0 (1 2) 3 (4 5) (6 7) (8 9 (10 11) 12) 13)","n1":11,"n2":2},
     "output":{"m1":3,"m2":2},
     "ucase":39},
    {"datain":{"T":"(0 (1 (2 3) 4) 5 (6 7 8 9) 10 11 12 13)","n1":6,"n2":9},
     "output":{"m1":0,"m2":1},
     "ucase":40},
    {"datain":{"T":"(0 1 2 (3 4 (5 6)) (7 8) 9)","n1":9,"n2":8},
     "output":{"m1":1,"m2":2},
     "ucase":41},
    {"datain":{"T":"(0 (1 (2 3 (4 5)) 6) (7 8) 9)","n1":8,"n2":3},
     "output":{"m1":2,"m2":3},
     "ucase":42},
    {"datain":{"T":"(0 1 (2 (3 4 5)) (6 (7 8) 9))","n1":2,"n2":4},
     "output":{"m1":0,"m2":2},
     "ucase":43},
    {"datain":{"T":"(0 1 2 (3 4 5) (6 7 8) 9)","n1":9,"n2":9},
     "output":{"m1":0,"m2":0},
     "ucase":44},
    {"datain":{"T":"(0 (1 2) (3 4) (5 6) (7 8))","n1":3,"n2":4},
     "output":{"m1":0,"m2":1},
     "ucase":45},
    {"datain":{"T":"(0 (1 (2 (3 4 5)) 6))","n1":0,"n2":1},
     "output":{"m1":0,"m2":1},
     "ucase":46},
    {"datain":{"T":"(0 (1 2 3 4 5) (6 7 8 (9 10)) (11 (12 13)))","n1":10,"n2":10},
     "output":{"m1":0,"m2":0},
     "ucase":47},
    {"datain":{"T":"(0 1 (2 3) 4)","n1":2,"n2":2},
     "output":{"m1":0,"m2":0},
     "ucase":48},
    {"datain":{"T":"(0 (1 2) (3 4 (5 6) 7) 8 (9 10) (11 12 13))","n1":4,"n2":2},
     "output":{"m1":2,"m2":2},
     "ucase":49},
    {"datain":{"T":"(0 1 2 (3 4) (5 6 7) 8 (9 10 11) 12 13)","n1":0,"n2":9},
     "output":{"m1":0,"m2":1},
     "ucase":50},
    {"datain":{"T":"(0 1 2 (3 4))","n1":2,"n2":0},
     "output":{"m1":1,"m2":0},
     "ucase":51},
    {"datain":{"T":"(0 (1 2 3) (4 (5 (6 (7 8)))) (9 10 11 12))","n1":10,"n2":7},
     "output":{"m1":2,"m2":4},
     "ucase":52},
    {"datain":{"T":"(0 (1 (2 3) (4 5)) (6 7 8 9 (10 11 12) 13))","n1":6,"n2":6},
     "output":{"m1":0,"m2":0},
     "ucase":53},
    {"datain":{"T":"(0 1 2 3 4)","n1":4,"n2":2},
     "output":{"m1":1,"m2":1},
     "ucase":54},
    {"datain":{"T":"(0 (1 2 3) (4 (5 6)) (7 8))","n1":0,"n2":0},
     "output":{"m1":0,"m2":0},
     "ucase":55}
]
