[
    {"datain":{"G":"zinjai->{gdb,gcc,gtk,xterm}, pseint->{gtk,glut}, gtk->{Xorg}, glut->{mesa}, mesa->{Xorg}, xterm->{Xorg}, Xorg->{}, gcc->{}, gdb->{}","L":"{xterm,pseint}"},
     "output":{"G":"pseint->{gtk,glut}, gtk->{Xorg}, glut->{mesa}, mesa->{Xorg}, xterm->{Xorg}, Xorg->{}"},
     "ucase":0},
    {"datain":{"G":"zinjai->{gdb,gcc,gtk,xterm}, pseint->{gtk,glut}, gtk->{Xorg}, glut->{mesa}, mesa->{Xorg}, xterm->{Xorg}, Xorg->{}, gcc->{}, gdb->{}","L":"{zinjai}"},
     "output":{"G":"zinjai->{gdb,gcc,gtk,xterm}, gtk->{Xorg}, xterm->{Xorg}, Xorg->{}, gcc->{}, gdb->{}"},
     "ucase":1},
    {"datain":{"G":"zinjai->{gdb,gcc,gtk,xterm}, pseint->{gtk,g:ut}, gtk->{Xorg}, glut->{mesa}, mesa->{Xorg}, xterm->{Xorg}, Xorg->{}, gcc->{}, gdb->{}","L":"{gcc,gdb}"},
     "output":{"G":"gcc->{}, gdb->{}"},
     "ucase":2},
    {"datain":{"G":"zinjai->{gdb,gcc,gtk,xterm}, gtk->{Xorg}, xdot->{python,gtk,graphviz}, xterm->{Xorg}, Xorg->{}, gcc->{}, gdb->{}, graphviz->{}, python->{}","L":"{zinjai,xdot}"},
     "output":{"G":"zinjai->{gdb,gcc,gtk,xterm}, gtk->{Xorg}, xdot->{python,gtk,graphviz}, xterm->{Xorg}, Xorg->{}, gcc->{}, gdb->{}, graphviz->{}, python->{}"},
     "ucase":3},
    {"datain":{"G":"aaa->{aaa,fff}, bbb->{}, ccc->{ccc,ggg}, ddd->{ccc}, eee->{ddd}, fff->{bbb}, ggg->{bbb,fff}, hhh->{hhh}","L":"{ggg,ccc,bbb}"},
     "output":{"G":"bbb->{}, ccc->{ccc,ggg}, fff->{bbb}, ggg->{bbb,fff}"},
     "ucase":4},
    {"datain":{"G":"aaa->{hhh,fff,aaa,eee,ggg}, bbb->{bbb,hhh,ccc,jjj}, ccc->{ggg,jjj}, ddd->{bbb,iii,fff,aaa}, eee->{fff,eee,ggg}, fff->{fff,aaa}, ggg->{ggg}, hhh->{bbb,aaa,eee}, iii->{bbb,fff,ccc}, jjj->{bbb}","L":"{bbb}"},
     "output":{"G":"aaa->{hhh,fff,aaa,eee,ggg}, bbb->{bbb,hhh,ccc,jjj}, ccc->{ggg,jjj}, eee->{fff,eee,ggg}, fff->{fff,aaa}, ggg->{ggg}, hhh->{bbb,aaa,eee}, jjj->{bbb}"},
     "ucase":5},
    {"datain":{"G":"aaa->{fff,bbb}, bbb->{hhh,aaa,fff,kkk,ggg}, ccc->{aaa,fff,ccc,jjj}, ddd->{jjj,bbb}, eee->{aaa,kkk}, fff->{fff,jjj,ggg}, ggg->{hhh,ccc}, hhh->{jjj}, iii->{hhh}, jjj->{hhh,jjj,iii}, kkk->{hhh,fff,kkk,jjj,bbb}","L":"{kkk,jjj,fff,iii,aaa}"},
     "output":{"G":"aaa->{fff,bbb}, bbb->{hhh,aaa,fff,kkk,ggg}, ccc->{aaa,fff,ccc,jjj}, fff->{fff,jjj,ggg}, ggg->{hhh,ccc}, hhh->{jjj}, iii->{hhh}, jjj->{hhh,jjj,iii}, kkk->{hhh,fff,kkk,jjj,bbb}"},
     "ucase":6},
    {"datain":{"G":"aaa->{fff}, bbb->{bbb,eee}, ccc->{eee}, ddd->{eee}, eee->{fff,bbb}, fff->{aaa,bbb,eee}","L":"{aaa,ddd}"},
     "output":{"G":"aaa->{fff}, bbb->{bbb,eee}, ddd->{eee}, eee->{fff,bbb}, fff->{aaa,bbb,eee}"},
     "ucase":7},
    {"datain":{"G":"aaa->{ddd,ccc,eee}, bbb->{ccc}, ccc->{}, ddd->{fff,ddd}, eee->{bbb}, fff->{fff,ccc,bbb}","L":"{ccc}"},
     "output":{"G":"ccc->{}"},
     "ucase":8},
    {"datain":{"G":"aaa->{ccc,ddd,eee}, bbb->{ccc,ggg,eee}, ccc->{ccc,bbb,eee}, ddd->{ccc,iii,hhh}, eee->{ccc,iii,bbb,aaa,ddd}, fff->{ggg}, ggg->{ddd}, hhh->{ccc,hhh}, iii->{iii,bbb}","L":"{aaa,ddd,fff,eee}"},
     "output":{"G":"aaa->{ccc,ddd,eee}, bbb->{ccc,ggg,eee}, ccc->{ccc,bbb,eee}, ddd->{ccc,iii,hhh}, eee->{ccc,iii,bbb,aaa,ddd}, fff->{ggg}, ggg->{ddd}, hhh->{ccc,hhh}, iii->{iii,bbb}"},
     "ucase":9},
    {"datain":{"G":"aaa->{fff,aaa,ggg,eee}, bbb->{eee}, ccc->{bbb,jjj,lll}, ddd->{fff,bbb,eee}, eee->{aaa,lll}, fff->{fff,ccc,jjj}, ggg->{iii,ccc,eee}, hhh->{kkk,fff,aaa,ddd}, iii->{aaa}, jjj->{hhh,ggg,ddd,eee}, kkk->{kkk,aaa,lll,ddd}, lll->{lll}","L":"{iii,hhh,fff,ccc,jjj,ggg}"},
     "output":{"G":"aaa->{fff,aaa,ggg,eee}, bbb->{eee}, ccc->{bbb,jjj,lll}, ddd->{fff,bbb,eee}, eee->{aaa,lll}, fff->{fff,ccc,jjj}, ggg->{iii,ccc,eee}, hhh->{kkk,fff,aaa,ddd}, iii->{aaa}, jjj->{hhh,ggg,ddd,eee}, kkk->{kkk,aaa,lll,ddd}, lll->{lll}"},
     "ucase":10},
    {"datain":{"G":"aaa->{}, bbb->{ddd,ccc}, ccc->{aaa,bbb,ccc}, ddd->{aaa,bbb}, eee->{aaa}, fff->{eee}","L":"{fff}"},
     "output":{"G":"aaa->{}, eee->{aaa}, fff->{eee}"},
     "ucase":11},
    {"datain":{"G":"aaa->{eee,iii,aaa}, bbb->{eee,ggg,ddd,iii}, ccc->{fff,ccc,aaa}, ddd->{hhh,ggg,iii}, eee->{eee,jjj}, fff->{eee}, ggg->{fff,ccc,ddd,aaa}, hhh->{bbb,ddd}, iii->{ddd}, jjj->{ggg,iii}","L":"{iii}"},
     "output":{"G":"aaa->{eee,iii,aaa}, bbb->{eee,ggg,ddd,iii}, ccc->{fff,ccc,aaa}, ddd->{hhh,ggg,iii}, eee->{eee,jjj}, fff->{eee}, ggg->{fff,ccc,ddd,aaa}, hhh->{bbb,ddd}, iii->{ddd}, jjj->{ggg,iii}"},
     "ucase":12},
    {"datain":{"G":"aaa->{ddd,fff}, bbb->{aaa}, ccc->{bbb,aaa}, ddd->{ddd,eee,aaa,fff}, eee->{ccc,aaa}, fff->{bbb,eee,fff}","L":"{aaa,bbb,fff}"},
     "output":{"G":"aaa->{ddd,fff}, bbb->{aaa}, ccc->{bbb,aaa}, ddd->{ddd,eee,aaa,fff}, eee->{ccc,aaa}, fff->{bbb,eee,fff}"},
     "ucase":13},
    {"datain":{"G":"aaa->{hhh,aaa}, bbb->{}, ccc->{}, ddd->{ggg,eee,ddd}, eee->{ggg,ddd,bbb}, fff->{}, ggg->{hhh,ggg,ddd,ccc}, hhh->{ggg,ccc}","L":"{ggg,eee,hhh,ccc}"},
     "output":{"G":"bbb->{}, ccc->{}, ddd->{ggg,eee,ddd}, eee->{ggg,ddd,bbb}, ggg->{hhh,ggg,ddd,ccc}, hhh->{ggg,ccc}"},
     "ucase":14},
    {"datain":{"G":"aaa->{}, bbb->{ccc,aaa}, ccc->{ccc,aaa,eee,hhh}, ddd->{bbb,ggg,aaa}, eee->{ddd,ggg,aaa,hhh}, fff->{ccc,bbb,fff}, ggg->{bbb,ggg}, hhh->{ddd,iii,bbb,hhh}, iii->{iii,bbb,ggg,aaa}","L":"{ggg}"},
     "output":{"G":"aaa->{}, bbb->{ccc,aaa}, ccc->{ccc,aaa,eee,hhh}, ddd->{bbb,ggg,aaa}, eee->{ddd,ggg,aaa,hhh}, ggg->{bbb,ggg}, hhh->{ddd,iii,bbb,hhh}, iii->{iii,bbb,ggg,aaa}"},
     "ucase":15},
    {"datain":{"G":"aaa->{ccc,aaa,hhh}, bbb->{hhh}, ccc->{}, ddd->{bbb,hhh}, eee->{fff}, fff->{}, ggg->{}, hhh->{hhh}","L":"{bbb,ddd}"},
     "output":{"G":"bbb->{hhh}, ddd->{bbb,hhh}, hhh->{hhh}"},
     "ucase":16},
    {"datain":{"G":"aaa->{}, bbb->{ccc,eee,hhh}, ccc->{}, ddd->{ccc,bbb}, eee->{ggg}, fff->{jjj,fff}, ggg->{}, hhh->{eee,jjj,hhh}, iii->{ggg,eee,aaa,hhh,bbb}, jjj->{ddd,hhh,bbb,kkk}, kkk->{aaa,jjj,fff,bbb,kkk}","L":"{eee}"},
     "output":{"G":"eee->{ggg}, ggg->{}"},
     "ucase":17},
    {"datain":{"G":"aaa->{hhh,jjj,bbb,iii,eee,ccc,fff}, bbb->{ddd,eee,lll,ccc}, ccc->{hhh,aaa}, ddd->{aaa,ccc,fff}, eee->{bbb}, fff->{hhh,iii,fff}, ggg->{hhh,jjj,bbb,kkk,iii}, hhh->{jjj,lll,ccc,fff}, iii->{ddd,iii,aaa,lll,ccc}, jjj->{hhh,lll}, kkk->{bbb,kkk,iii,lll,ccc,fff}, lll->{kkk,aaa,ccc,fff}","L":"{ddd}"},
     "output":{"G":"aaa->{hhh,jjj,bbb,iii,eee,ccc,fff}, bbb->{ddd,eee,lll,ccc}, ccc->{hhh,aaa}, ddd->{aaa,ccc,fff}, eee->{bbb}, fff->{hhh,iii,fff}, hhh->{jjj,lll,ccc,fff}, iii->{ddd,iii,aaa,lll,ccc}, jjj->{hhh,lll}, kkk->{bbb,kkk,iii,lll,ccc,fff}, lll->{kkk,aaa,ccc,fff}"},
     "ucase":18},
    {"datain":{"G":"aaa->{bbb,eee}, bbb->{bbb}, ccc->{}, ddd->{}, eee->{ddd,bbb,ccc}","L":"{eee}"},
     "output":{"G":"bbb->{bbb}, ccc->{}, ddd->{}, eee->{ddd,bbb,ccc}"},
     "ucase":19},
    {"datain":{"G":"aaa->{eee}, bbb->{ddd,aaa,ccc,ggg}, ccc->{aaa}, ddd->{iii}, eee->{fff,iii,ddd,aaa,ccc}, fff->{hhh}, ggg->{eee,bbb}, hhh->{aaa,eee,hhh}, iii->{}","L":"{bbb,ddd,hhh,ccc}"},
     "output":{"G":"aaa->{eee}, bbb->{ddd,aaa,ccc,ggg}, ccc->{aaa}, ddd->{iii}, eee->{fff,iii,ddd,aaa,ccc}, fff->{hhh}, ggg->{eee,bbb}, hhh->{aaa,eee,hhh}, iii->{}"},
     "ucase":20},
    {"datain":{"G":"aaa->{ddd,aaa}, bbb->{ccc}, ccc->{bbb,aaa}, ddd->{}, eee->{ddd}","L":"{bbb,ddd}"},
     "output":{"G":"aaa->{ddd,aaa}, bbb->{ccc}, ccc->{bbb,aaa}, ddd->{}"},
     "ucase":21},
    {"datain":{"G":"aaa->{kkk,lll,hhh}, bbb->{ccc,jjj,lll}, ccc->{mmm,iii,bbb,kkk}, ddd->{nnn,ggg,iii,kkk,hhh}, eee->{ddd,aaa,bbb,fff,hhh}, fff->{ddd,ggg,bbb,jjj,fff}, ggg->{aaa,kkk,hhh}, hhh->{aaa,bbb,jjj}, iii->{nnn,ggg,bbb,jjj,eee,hhh}, jjj->{ddd,nnn,ggg,aaa,bbb,fff,lll}, kkk->{mmm,fff}, lll->{aaa}, mmm->{kkk,lll}, nnn->{iii}","L":"{mmm,hhh,aaa}"},
     "output":{"G":"aaa->{kkk,lll,hhh}, bbb->{ccc,jjj,lll}, ccc->{mmm,iii,bbb,kkk}, ddd->{nnn,ggg,iii,kkk,hhh}, eee->{ddd,aaa,bbb,fff,hhh}, fff->{ddd,ggg,bbb,jjj,fff}, ggg->{aaa,kkk,hhh}, hhh->{aaa,bbb,jjj}, iii->{nnn,ggg,bbb,jjj,eee,hhh}, jjj->{ddd,nnn,ggg,aaa,bbb,fff,lll}, kkk->{mmm,fff}, lll->{aaa}, mmm->{kkk,lll}, nnn->{iii}"},
     "ucase":22},
    {"datain":{"G":"aaa->{eee,aaa}, bbb->{bbb,aaa}, ccc->{ggg,fff,jjj,aaa}, ddd->{bbb}, eee->{fff,ddd}, fff->{ggg,eee,ddd}, ggg->{eee,ddd}, hhh->{kkk}, iii->{ggg,jjj,aaa}, jjj->{ddd,iii,kkk}, kkk->{ccc,iii,hhh}","L":"{hhh,ccc,eee,kkk}"},
     "output":{"G":"aaa->{eee,aaa}, bbb->{bbb,aaa}, ccc->{ggg,fff,jjj,aaa}, ddd->{bbb}, eee->{fff,ddd}, fff->{ggg,eee,ddd}, ggg->{eee,ddd}, hhh->{kkk}, iii->{ggg,jjj,aaa}, jjj->{ddd,iii,kkk}, kkk->{ccc,iii,hhh}"},
     "ucase":23},
    {"datain":{"G":"aaa->{ccc,jjj,ggg}, bbb->{hhh,aaa,ggg,kkk,ddd}, ccc->{fff}, ddd->{ccc,fff}, eee->{ccc,eee,fff}, fff->{bbb,ggg}, ggg->{hhh,aaa,ddd}, hhh->{hhh,jjj,bbb}, iii->{fff}, jjj->{ccc,eee,aaa}, kkk->{hhh,eee,bbb}","L":"{ccc,hhh,aaa,ddd,bbb}"},
     "output":{"G":"aaa->{ccc,jjj,ggg}, bbb->{hhh,aaa,ggg,kkk,ddd}, ccc->{fff}, ddd->{ccc,fff}, eee->{ccc,eee,fff}, fff->{bbb,ggg}, ggg->{hhh,aaa,ddd}, hhh->{hhh,jjj,bbb}, jjj->{ccc,eee,aaa}, kkk->{hhh,eee,bbb}"},
     "ucase":24},
    {"datain":{"G":"aaa->{iii}, bbb->{iii}, ccc->{ddd,fff,hhh}, ddd->{aaa,ggg}, eee->{bbb,ccc}, fff->{ddd,aaa,hhh}, ggg->{ddd,fff,eee,aaa,iii}, hhh->{aaa,hhh,ccc,iii}, iii->{fff,jjj,iii}, jjj->{aaa}","L":"{aaa,iii,ddd,ccc}"},
     "output":{"G":"aaa->{iii}, bbb->{iii}, ccc->{ddd,fff,hhh}, ddd->{aaa,ggg}, eee->{bbb,ccc}, fff->{ddd,aaa,hhh}, ggg->{ddd,fff,eee,aaa,iii}, hhh->{aaa,hhh,ccc,iii}, iii->{fff,jjj,iii}, jjj->{aaa}"},
     "ucase":25},
    {"datain":{"G":"aaa->{ddd,eee}, bbb->{ddd,fff,ccc,jjj}, ccc->{ccc}, ddd->{eee,fff}, eee->{eee,jjj,bbb}, fff->{ddd,iii,fff,ccc}, ggg->{aaa,fff}, hhh->{fff,ccc}, iii->{ggg,hhh,jjj,bbb}, jjj->{eee,ccc,bbb}","L":"{ddd,hhh,eee,fff}"},
     "output":{"G":"aaa->{ddd,eee}, bbb->{ddd,fff,ccc,jjj}, ccc->{ccc}, ddd->{eee,fff}, eee->{eee,jjj,bbb}, fff->{ddd,iii,fff,ccc}, ggg->{aaa,fff}, hhh->{fff,ccc}, iii->{ggg,hhh,jjj,bbb}, jjj->{eee,ccc,bbb}"},
     "ucase":26},
    {"datain":{"G":"aaa->{fff,kkk,eee}, bbb->{aaa}, ccc->{fff}, ddd->{eee}, eee->{aaa,fff,ccc,kkk,hhh,lll,ddd,ggg}, fff->{fff,hhh,iii,jjj,ggg}, ggg->{aaa,kkk,hhh,eee}, hhh->{ccc,bbb}, iii->{mmm,hhh,lll,bbb,ddd}, jjj->{aaa}, kkk->{aaa,kkk}, lll->{ddd,jjj,ggg}, mmm->{fff,iii,ddd}","L":"{jjj,eee}"},
     "output":{"G":"aaa->{fff,kkk,eee}, bbb->{aaa}, ccc->{fff}, ddd->{eee}, eee->{aaa,fff,ccc,kkk,hhh,lll,ddd,ggg}, fff->{fff,hhh,iii,jjj,ggg}, ggg->{aaa,kkk,hhh,eee}, hhh->{ccc,bbb}, iii->{mmm,hhh,lll,bbb,ddd}, jjj->{aaa}, kkk->{aaa,kkk}, lll->{ddd,jjj,ggg}, mmm->{fff,iii,ddd}"},
     "ucase":27},
    {"datain":{"G":"aaa->{}, bbb->{ggg,bbb}, ccc->{iii,eee,kkk,ddd,fff,jjj}, ddd->{ggg,eee,fff}, eee->{eee,kkk,fff}, fff->{ggg,eee,hhh,bbb}, ggg->{iii,hhh,bbb}, hhh->{kkk,hhh,lll,jjj,bbb}, iii->{iii,eee,kkk}, jjj->{ggg,kkk}, kkk->{ggg,ddd,jjj}, lll->{}","L":"{eee,jjj}"},
     "output":{"G":"bbb->{ggg,bbb}, ddd->{ggg,eee,fff}, eee->{eee,kkk,fff}, fff->{ggg,eee,hhh,bbb}, ggg->{iii,hhh,bbb}, hhh->{kkk,hhh,lll,jjj,bbb}, iii->{iii,eee,kkk}, jjj->{ggg,kkk}, kkk->{ggg,ddd,jjj}, lll->{}"},
     "ucase":28},
    {"datain":{"G":"aaa->{iii,hhh,fff}, bbb->{iii,eee,ggg,hhh}, ccc->{hhh,bbb}, ddd->{ggg,aaa}, eee->{eee,ddd,aaa}, fff->{eee,ccc}, ggg->{eee,aaa,bbb}, hhh->{eee,fff}, iii->{hhh,fff}","L":"{eee,ddd,bbb}"},
     "output":{"G":"aaa->{iii,hhh,fff}, bbb->{iii,eee,ggg,hhh}, ccc->{hhh,bbb}, ddd->{ggg,aaa}, eee->{eee,ddd,aaa}, fff->{eee,ccc}, ggg->{eee,aaa,bbb}, hhh->{eee,fff}, iii->{hhh,fff}"},
     "ucase":29},
    {"datain":{"G":"aaa->{eee,ggg}, bbb->{aaa,ggg,ddd}, ccc->{bbb,ddd}, ddd->{ddd}, eee->{aaa}, fff->{ggg,ccc}, ggg->{}, hhh->{bbb,ggg}","L":"{eee,ccc,ggg}"},
     "output":{"G":"aaa->{eee,ggg}, bbb->{aaa,ggg,ddd}, ccc->{bbb,ddd}, ddd->{ddd}, eee->{aaa}, ggg->{}"},
     "ucase":30},
    {"datain":{"G":"aaa->{ddd,fff}, bbb->{ccc,fff}, ccc->{eee,fff}, ddd->{bbb,ccc}, eee->{ddd,bbb,ccc}, fff->{bbb}","L":"{eee,aaa,fff}"},
     "output":{"G":"aaa->{ddd,fff}, bbb->{ccc,fff}, ccc->{eee,fff}, ddd->{bbb,ccc}, eee->{ddd,bbb,ccc}, fff->{bbb}"},
     "ucase":31},
    {"datain":{"G":"aaa->{bbb}, bbb->{ddd,fff,mmm,eee,hhh}, ccc->{ggg,fff,ccc}, ddd->{bbb,hhh,ccc,lll}, eee->{bbb,fff,mmm,aaa,lll}, fff->{bbb,ddd,jjj,aaa,lll}, ggg->{}, hhh->{bbb,ggg,jjj,mmm,aaa,lll}, iii->{jjj,mmm}, jjj->{ggg,iii,jjj,eee,lll}, kkk->{ggg,eee}, lll->{bbb,ggg,fff,kkk,eee,lll}, mmm->{ggg,hhh,lll}","L":"{ggg,lll,hhh,bbb,eee}"},
     "output":{"G":"aaa->{bbb}, bbb->{ddd,fff,mmm,eee,hhh}, ccc->{ggg,fff,ccc}, ddd->{bbb,hhh,ccc,lll}, eee->{bbb,fff,mmm,aaa,lll}, fff->{bbb,ddd,jjj,aaa,lll}, ggg->{}, hhh->{bbb,ggg,jjj,mmm,aaa,lll}, iii->{jjj,mmm}, jjj->{ggg,iii,jjj,eee,lll}, kkk->{ggg,eee}, lll->{bbb,ggg,fff,kkk,eee,lll}, mmm->{ggg,hhh,lll}"},
     "ucase":32},
    {"datain":{"G":"aaa->{fff}, bbb->{}, ccc->{ggg,aaa}, ddd->{fff,ggg}, eee->{}, fff->{ccc}, ggg->{ggg}","L":"{ccc,eee}"},
     "output":{"G":"aaa->{fff}, ccc->{ggg,aaa}, eee->{}, fff->{ccc}, ggg->{ggg}"},
     "ucase":33},
    {"datain":{"G":"aaa->{jjj,ddd,fff,ccc,ggg}, bbb->{eee,fff}, ccc->{hhh,aaa,jjj,ddd}, ddd->{aaa,kkk,ddd,fff,ggg}, eee->{jjj,kkk,iii}, fff->{aaa,kkk,fff,bbb}, ggg->{eee,aaa,iii,ccc}, hhh->{hhh}, iii->{eee,hhh,aaa,kkk,iii,ggg}, jjj->{eee,iii,ggg}, kkk->{aaa,kkk}","L":"{iii,kkk,hhh}"},
     "output":{"G":"aaa->{jjj,ddd,fff,ccc,ggg}, bbb->{eee,fff}, ccc->{hhh,aaa,jjj,ddd}, ddd->{aaa,kkk,ddd,fff,ggg}, eee->{jjj,kkk,iii}, fff->{aaa,kkk,fff,bbb}, ggg->{eee,aaa,iii,ccc}, hhh->{hhh}, iii->{eee,hhh,aaa,kkk,iii,ggg}, jjj->{eee,iii,ggg}, kkk->{aaa,kkk}"},
     "ucase":34},
    {"datain":{"G":"aaa->{ddd,fff,eee}, bbb->{hhh}, ccc->{ddd,aaa,jjj}, ddd->{ccc,aaa,jjj,bbb}, eee->{}, fff->{fff,hhh}, ggg->{jjj}, hhh->{fff,aaa,jjj}, iii->{iii,fff,hhh}, jjj->{ggg,ccc,jjj,eee,hhh}","L":"{ggg,jjj,iii,hhh,ddd}"},
     "output":{"G":"aaa->{ddd,fff,eee}, bbb->{hhh}, ccc->{ddd,aaa,jjj}, ddd->{ccc,aaa,jjj,bbb}, eee->{}, fff->{fff,hhh}, ggg->{jjj}, hhh->{fff,aaa,jjj}, iii->{iii,fff,hhh}, jjj->{ggg,ccc,jjj,eee,hhh}"},
     "ucase":35},
    {"datain":{"G":"aaa->{}, bbb->{ccc}, ccc->{}, ddd->{eee,ddd}, eee->{ddd}","L":"{eee}"},
     "output":{"G":"ddd->{eee,ddd}, eee->{ddd}"},
     "ucase":36},
    {"datain":{"G":"aaa->{aaa,ggg,kkk}, bbb->{ccc,eee}, ccc->{ddd,fff,ggg}, ddd->{ccc,jjj,kkk}, eee->{iii,bbb,ddd,lll,jjj,mmm}, fff->{iii,ccc,ggg}, ggg->{ccc,kkk}, hhh->{ggg}, iii->{bbb,aaa,lll,mmm}, jjj->{ggg,kkk}, kkk->{fff,ggg,eee,mmm,kkk}, lll->{lll}, mmm->{ddd,eee,mmm}","L":"{lll,aaa,ccc,jjj}"},
     "output":{"G":"aaa->{aaa,ggg,kkk}, bbb->{ccc,eee}, ccc->{ddd,fff,ggg}, ddd->{ccc,jjj,kkk}, eee->{iii,bbb,ddd,lll,jjj,mmm}, fff->{iii,ccc,ggg}, ggg->{ccc,kkk}, iii->{bbb,aaa,lll,mmm}, jjj->{ggg,kkk}, kkk->{fff,ggg,eee,mmm,kkk}, lll->{lll}, mmm->{ddd,eee,mmm}"},
     "ucase":37},
    {"datain":{"G":"aaa->{kkk,hhh,ggg}, bbb->{nnn,eee,hhh,iii}, ccc->{fff,hhh,ggg}, ddd->{mmm}, eee->{aaa,ccc}, fff->{hhh,ggg,jjj}, ggg->{ccc,iii,mmm}, hhh->{hhh,lll,mmm}, iii->{nnn,eee,bbb,ccc,ggg}, jjj->{aaa,kkk,lll,jjj}, kkk->{aaa,eee,ddd}, lll->{hhh,jjj}, mmm->{nnn,aaa,ccc}, nnn->{nnn,aaa,bbb,jjj}","L":"{lll,fff,ddd,hhh,iii}"},
     "output":{"G":"aaa->{kkk,hhh,ggg}, bbb->{nnn,eee,hhh,iii}, ccc->{fff,hhh,ggg}, ddd->{mmm}, eee->{aaa,ccc}, fff->{hhh,ggg,jjj}, ggg->{ccc,iii,mmm}, hhh->{hhh,lll,mmm}, iii->{nnn,eee,bbb,ccc,ggg}, jjj->{aaa,kkk,lll,jjj}, kkk->{aaa,eee,ddd}, lll->{hhh,jjj}, mmm->{nnn,aaa,ccc}, nnn->{nnn,aaa,bbb,jjj}"},
     "ucase":38},
    {"datain":{"G":"aaa->{iii,nnn,aaa,jjj,bbb}, bbb->{mmm,jjj,bbb,ggg}, ccc->{nnn,ddd,ggg}, ddd->{iii,nnn,eee}, eee->{fff,ccc,jjj,bbb,eee,lll}, fff->{fff,nnn,mmm,bbb,eee,ggg,lll,kkk}, ggg->{jjj,bbb,lll}, hhh->{nnn,mmm,hhh}, iii->{hhh,ddd,aaa,jjj}, jjj->{mmm,ccc,ddd,ggg,kkk}, kkk->{fff,aaa,lll}, lll->{fff,ddd,aaa}, mmm->{iii,fff,ccc,hhh,bbb,ggg}, nnn->{mmm,ccc,jjj,bbb}","L":"{fff,lll}"},
     "output":{"G":"aaa->{iii,nnn,aaa,jjj,bbb}, bbb->{mmm,jjj,bbb,ggg}, ccc->{nnn,ddd,ggg}, ddd->{iii,nnn,eee}, eee->{fff,ccc,jjj,bbb,eee,lll}, fff->{fff,nnn,mmm,bbb,eee,ggg,lll,kkk}, ggg->{jjj,bbb,lll}, hhh->{nnn,mmm,hhh}, iii->{hhh,ddd,aaa,jjj}, jjj->{mmm,ccc,ddd,ggg,kkk}, kkk->{fff,aaa,lll}, lll->{fff,ddd,aaa}, mmm->{iii,fff,ccc,hhh,bbb,ggg}, nnn->{mmm,ccc,jjj,bbb}"},
     "ucase":39},
    {"datain":{"G":"aaa->{kkk,aaa,eee,jjj,iii}, bbb->{kkk,aaa,hhh,jjj}, ccc->{kkk,ddd}, ddd->{ggg,hhh}, eee->{ggg,ddd}, fff->{kkk,aaa,eee,hhh,iii}, ggg->{aaa,fff,jjj}, hhh->{kkk,ddd,hhh,jjj,iii}, iii->{bbb,iii}, jjj->{kkk,ddd}, kkk->{ddd,eee,bbb}","L":"{ddd,kkk,bbb,iii}"},
     "output":{"G":"aaa->{kkk,aaa,eee,jjj,iii}, bbb->{kkk,aaa,hhh,jjj}, ddd->{ggg,hhh}, eee->{ggg,ddd}, fff->{kkk,aaa,eee,hhh,iii}, ggg->{aaa,fff,jjj}, hhh->{kkk,ddd,hhh,jjj,iii}, iii->{bbb,iii}, jjj->{kkk,ddd}, kkk->{ddd,eee,bbb}"},
     "ucase":40},
    {"datain":{"G":"aaa->{ccc,mmm}, bbb->{jjj,lll,fff,eee,kkk,ggg}, ccc->{bbb,ccc}, ddd->{lll,fff,nnn,bbb,ddd,mmm}, eee->{jjj,fff,ddd}, fff->{fff,bbb,kkk,ddd}, ggg->{lll,bbb,aaa,ccc,ggg}, hhh->{lll,fff,bbb}, iii->{lll,aaa,mmm}, jjj->{jjj,lll,nnn,bbb,aaa}, kkk->{kkk}, lll->{jjj,hhh,iii,ccc}, mmm->{lll,fff,aaa}, nnn->{fff,hhh,bbb,mmm,ggg}","L":"{kkk,nnn}"},
     "output":{"G":"aaa->{ccc,mmm}, bbb->{jjj,lll,fff,eee,kkk,ggg}, ccc->{bbb,ccc}, ddd->{lll,fff,nnn,bbb,ddd,mmm}, eee->{jjj,fff,ddd}, fff->{fff,bbb,kkk,ddd}, ggg->{lll,bbb,aaa,ccc,ggg}, hhh->{lll,fff,bbb}, iii->{lll,aaa,mmm}, jjj->{jjj,lll,nnn,bbb,aaa}, kkk->{kkk}, lll->{jjj,hhh,iii,ccc}, mmm->{lll,fff,aaa}, nnn->{fff,hhh,bbb,mmm,ggg}"},
     "ucase":41},
    {"datain":{"G":"aaa->{bbb,eee}, bbb->{}, ccc->{}, ddd->{ddd}, eee->{ddd,bbb}, fff->{ccc}","L":"{fff,ddd}"},
     "output":{"G":"ccc->{}, ddd->{ddd}, fff->{ccc}"},
     "ucase":42},
    {"datain":{"G":"aaa->{ddd}, bbb->{ccc}, ccc->{ddd}, ddd->{aaa}, eee->{ddd,aaa,ccc}","L":"{bbb,ccc}"},
     "output":{"G":"aaa->{ddd}, bbb->{ccc}, ccc->{ddd}, ddd->{aaa}"},
     "ucase":43},
    {"datain":{"G":"aaa->{aaa,ddd}, bbb->{bbb,aaa}, ccc->{ccc,ggg,hhh,aaa}, ddd->{eee,fff,hhh,ddd}, eee->{hhh}, fff->{eee,hhh}, ggg->{bbb}, hhh->{aaa,ddd}","L":"{ggg,aaa,eee,ddd}"},
     "output":{"G":"aaa->{aaa,ddd}, bbb->{bbb,aaa}, ddd->{eee,fff,hhh,ddd}, eee->{hhh}, fff->{eee,hhh}, ggg->{bbb}, hhh->{aaa,ddd}"},
     "ucase":44},
    {"datain":{"G":"aaa->{aaa,ccc}, bbb->{ccc,eee}, ccc->{}, ddd->{aaa,ddd}, eee->{aaa,bbb}, fff->{fff,aaa}, ggg->{ggg}","L":"{fff,ccc}"},
     "output":{"G":"aaa->{aaa,ccc}, ccc->{}, fff->{fff,aaa}"},
     "ucase":45},
    {"datain":{"G":"aaa->{ggg,fff,bbb,hhh,iii}, bbb->{aaa,ccc}, ccc->{jjj,eee}, ddd->{ddd,ccc}, eee->{}, fff->{eee,ddd,ccc}, ggg->{hhh}, hhh->{jjj,eee}, iii->{ggg,jjj,bbb,iii}, jjj->{ccc,hhh}","L":"{iii,fff,eee,ggg}"},
     "output":{"G":"aaa->{ggg,fff,bbb,hhh,iii}, bbb->{aaa,ccc}, ccc->{jjj,eee}, ddd->{ddd,ccc}, eee->{}, fff->{eee,ddd,ccc}, ggg->{hhh}, hhh->{jjj,eee}, iii->{ggg,jjj,bbb,iii}, jjj->{ccc,hhh}"},
     "ucase":46},
    {"datain":{"G":"aaa->{ddd,ccc,ggg,eee}, bbb->{fff}, ccc->{iii,bbb}, ddd->{hhh,ggg}, eee->{hhh,eee}, fff->{fff,ggg}, ggg->{ggg}, hhh->{jjj}, iii->{ccc}, jjj->{iii,bbb,ccc,jjj}","L":"{ccc,ggg}"},
     "output":{"G":"bbb->{fff}, ccc->{iii,bbb}, fff->{fff,ggg}, ggg->{ggg}, iii->{ccc}"},
     "ucase":47},
    {"datain":{"G":"aaa->{bbb,aaa}, bbb->{jjj}, ccc->{ddd,eee,fff}, ddd->{aaa}, eee->{bbb,ddd,iii,ccc}, fff->{bbb,jjj,ggg}, ggg->{eee}, hhh->{fff,hhh}, iii->{jjj}, jjj->{aaa}","L":"{jjj,ggg,ccc,bbb}"},
     "output":{"G":"aaa->{bbb,aaa}, bbb->{jjj}, ccc->{ddd,eee,fff}, ddd->{aaa}, eee->{bbb,ddd,iii,ccc}, fff->{bbb,jjj,ggg}, ggg->{eee}, iii->{jjj}, jjj->{aaa}"},
     "ucase":48},
    {"datain":{"G":"aaa->{eee,ddd,ggg}, bbb->{fff}, ccc->{eee,ggg}, ddd->{eee,bbb,aaa,ddd,hhh,ggg}, eee->{ddd,hhh,fff,ggg}, fff->{}, ggg->{ccc}, hhh->{}","L":"{aaa,hhh}"},
     "output":{"G":"aaa->{eee,ddd,ggg}, bbb->{fff}, ccc->{eee,ggg}, ddd->{eee,bbb,aaa,ddd,hhh,ggg}, eee->{ddd,hhh,fff,ggg}, fff->{}, ggg->{ccc}, hhh->{}"},
     "ucase":49},
    {"datain":{"G":"aaa->{}, bbb->{}, ccc->{ddd}, ddd->{ddd,ccc}, eee->{}","L":"{bbb}"},
     "output":{"G":"bbb->{}"},
     "ucase":50},
    {"datain":{"G":"aaa->{fff}, bbb->{ggg}, ccc->{ccc,eee,lll,bbb,iii}, ddd->{jjj,fff,ddd,ggg}, eee->{kkk,ccc,fff,hhh,ddd}, fff->{aaa,iii}, ggg->{mmm,kkk,jjj}, hhh->{jjj,fff,bbb,ddd}, iii->{aaa,bbb,ddd}, jjj->{aaa,ddd,iii}, kkk->{mmm,ccc,eee,bbb,iii}, lll->{ccc}, mmm->{mmm,fff,aaa}","L":"{fff,eee}"},
     "output":{"G":"aaa->{fff}, bbb->{ggg}, ccc->{ccc,eee,lll,bbb,iii}, ddd->{jjj,fff,ddd,ggg}, eee->{kkk,ccc,fff,hhh,ddd}, fff->{aaa,iii}, ggg->{mmm,kkk,jjj}, hhh->{jjj,fff,bbb,ddd}, iii->{aaa,bbb,ddd}, jjj->{aaa,ddd,iii}, kkk->{mmm,ccc,eee,bbb,iii}, lll->{ccc}, mmm->{mmm,fff,aaa}"},
     "ucase":51},
    {"datain":{"G":"aaa->{ggg,lll,hhh}, bbb->{aaa,mmm,kkk,lll}, ccc->{ddd,jjj,mmm,ggg}, ddd->{aaa,bbb,jjj,mmm,ggg,lll}, eee->{}, fff->{ddd,nnn,hhh}, ggg->{aaa,fff,hhh}, hhh->{ddd,bbb,fff,lll}, iii->{fff,nnn,mmm,ggg}, jjj->{aaa,ddd,bbb,fff,jjj,lll,hhh}, kkk->{nnn,ggg,hhh}, lll->{eee,bbb}, mmm->{aaa,eee,ccc,kkk}, nnn->{ddd,fff}","L":"{bbb,iii,ddd,ccc,lll,nnn}"},
     "output":{"G":"aaa->{ggg,lll,hhh}, bbb->{aaa,mmm,kkk,lll}, ccc->{ddd,jjj,mmm,ggg}, ddd->{aaa,bbb,jjj,mmm,ggg,lll}, eee->{}, fff->{ddd,nnn,hhh}, ggg->{aaa,fff,hhh}, hhh->{ddd,bbb,fff,lll}, iii->{fff,nnn,mmm,ggg}, jjj->{aaa,ddd,bbb,fff,jjj,lll,hhh}, kkk->{nnn,ggg,hhh}, lll->{eee,bbb}, mmm->{aaa,eee,ccc,kkk}, nnn->{ddd,fff}"},
     "ucase":52},
    {"datain":{"G":"aaa->{ggg}, bbb->{fff,ccc}, ccc->{bbb}, ddd->{ddd}, eee->{ddd,hhh}, fff->{ddd}, ggg->{fff}, hhh->{eee,ccc}","L":"{ggg,bbb}"},
     "output":{"G":"bbb->{fff,ccc}, ccc->{bbb}, ddd->{ddd}, fff->{ddd}, ggg->{fff}"},
     "ucase":53}
]
