[
    {"datain":{"T":"(1 (2 3 4 (5 6)) 7 8)"},
     "output":{"p":"1.80"},
     "ucase":0},
    {"datain":{"T":"(1 (2 3 4 (5 6)) (7 8))"},
     "output":{"p":"2.25"},
     "ucase":1},
    {"datain":{"T":"(1 (2 3 4 (5 6)) 7 (8 9))"},
     "output":{"p":"2.00"},
     "ucase":2},
    {"datain":{"T":"(1)"},
     "output":{"p":"0.00"},
     "ucase":3},
    {"datain":{"T":"(23 78 52 (69 50) 28 (79 13))"},
     "output":{"p":"1.40"},
     "ucase":4},
    {"datain":{"T":"(27 (26 (86 37)) (69 11) (46 (84 37) 1 45 (99 5)))"},
     "output":{"p":"2.50"},
     "ucase":5},
    {"datain":{"T":"(59 (77 (15 95 (21 7)) 10 48))"},
     "output":{"p":"2.75"},
     "ucase":6},
    {"datain":{"T":"(79 68 (42 41 90) 7 (70 24) (45 46))"},
     "output":{"p":"1.67"},
     "ucase":7},
    {"datain":{"T":"(89 34 84 64 (7 1))"},
     "output":{"p":"1.25"},
     "ucase":8},
    {"datain":{"T":"(29 (20 70) (50 37) (81 48))"},
     "output":{"p":"2.00"},
     "ucase":9},
    {"datain":{"T":"(7 (68 (61 (10 26 18) 95 41)) (98 52 51 (54 15)))"},
     "output":{"p":"3.00"},
     "ucase":10},
    {"datain":{"T":"(7 (64 (46 96 99)) 44 (74 (48 (20 3))))"},
     "output":{"p":"2.75"},
     "ucase":11},
    {"datain":{"T":"(93 79 51 (8 (93 98)) (79 7 86 (18 10)))"},
     "output":{"p":"2.00"},
     "ucase":12},
    {"datain":{"T":"(60 63 16 31 (79 42 43))"},
     "output":{"p":"1.40"},
     "ucase":13},
    {"datain":{"T":"(94 35 18 30 77 11 95 52)"},
     "output":{"p":"1.00"},
     "ucase":14},
    {"datain":{"T":"(62 (81 93 15) 10 (70 (56 34) 25) (20 57) 45 44)"},
     "output":{"p":"1.75"},
     "ucase":15},
    {"datain":{"T":"(19 (88 3) (20 79 79 14))"},
     "output":{"p":"2.00"},
     "ucase":16},
    {"datain":{"T":"(74 (2 57) (82 84) 31 (60 9) 83 (61 47 30) 1)"},
     "output":{"p":"1.62"},
     "ucase":17},
    {"datain":{"T":"(8 (94 29 49) (51 71))"},
     "output":{"p":"2.00"},
     "ucase":18},
    {"datain":{"T":"(67 (56 (13 8 77) (65 87 81) (16 52)))"},
     "output":{"p":"3.00"},
     "ucase":19},
    {"datain":{"T":"(93 (43 96 1 96) (56 62 (23 18) 14))"},
     "output":{"p":"2.17"},
     "ucase":20},
    {"datain":{"T":"(72 (83 84) (94 6) (70 50) 9 (2 (30 45)) 59)"},
     "output":{"p":"1.83"},
     "ucase":21},
    {"datain":{"T":"(1 93 56 73 71 82 3 92)"},
     "output":{"p":"1.00"},
     "ucase":22},
    {"datain":{"T":"(7 (29 8 67 99) (47 (5 7)) (19 77) 41)"},
     "output":{"p":"2.00"},
     "ucase":23},
    {"datain":{"T":"(72 (53 82) 74 (65 42 52) 11 54)"},
     "output":{"p":"1.50"},
     "ucase":24},
    {"datain":{"T":"(76 73 (82 15 40) 93 (88 77) 94)"},
     "output":{"p":"1.50"},
     "ucase":25},
    {"datain":{"T":"(3 22 (17 12 30) (24 98 99) (41 95))"},
     "output":{"p":"1.83"},
     "ucase":26},
    {"datain":{"T":"(89 41 86 (77 11) 5 22 75)"},
     "output":{"p":"1.17"},
     "ucase":27},
    {"datain":{"T":"(98 (92 12 14) (64 12))"},
     "output":{"p":"2.00"},
     "ucase":28},
    {"datain":{"T":"(39 (38 (26 35)) (38 (27 93) 41) (53 37) (21 44))"},
     "output":{"p":"2.40"},
     "ucase":29},
    {"datain":{"T":"(25 60 (19 94 2) 24)"},
     "output":{"p":"1.50"},
     "ucase":30},
    {"datain":{"T":"(62 (66 43 64) (73 70 94 65) 24 (83 23 33))"},
     "output":{"p":"1.88"},
     "ucase":31},
    {"datain":{"T":"(29 (29 59) 23 (14 23) 95 13)"},
     "output":{"p":"1.40"},
     "ucase":32},
    {"datain":{"T":"(99 (87 77) (85 73) 48)"},
     "output":{"p":"1.67"},
     "ucase":33},
    {"datain":{"T":"(84 (78 13) 66 23)"},
     "output":{"p":"1.33"},
     "ucase":34},
    {"datain":{"T":"(93 (68 (56 85) (45 87 (64 83) (54 71))))"},
     "output":{"p":"3.50"},
     "ucase":35},
    {"datain":{"T":"(0 61 (32 20) (74 81) 32)"},
     "output":{"p":"1.50"},
     "ucase":36},
    {"datain":{"T":"(94 (5 (86 8) (41 67)) (81 (76 (43 23))) 94)"},
     "output":{"p":"2.75"},
     "ucase":37},
    {"datain":{"T":"(76 (21 (29 (81 (86 (5 96 98 28)))) (42 91 70) 29))"},
     "output":{"p":"4.33"},
     "ucase":38},
    {"datain":{"T":"(92 (99 96 (99 27) 63 44 (32 51)))"},
     "output":{"p":"2.40"},
     "ucase":39},
    {"datain":{"T":"(25 83 22 4 (15 47) 63 97 (56 52 49))"},
     "output":{"p":"1.38"},
     "ucase":40},
    {"datain":{"T":"(86 23 24 (84 (12 7)) 40 71)"},
     "output":{"p":"1.40"},
     "ucase":41},
    {"datain":{"T":"(34 (79 (57 (84 (61 49) (18 89) 71) (41 36 81))))"},
     "output":{"p":"4.40"},
     "ucase":42},
    {"datain":{"T":"(52 (20 54) (92 (2 51)) 90)"},
     "output":{"p":"2.00"},
     "ucase":43},
    {"datain":{"T":"(23 67 38 (89 54) 50 42 (29 44 62))"},
     "output":{"p":"1.43"},
     "ucase":44},
    {"datain":{"T":"(42 (50 14) (64 48 90) (0 72 23))"},
     "output":{"p":"2.00"},
     "ucase":45},
    {"datain":{"T":"(17 69 (73 64 51))"},
     "output":{"p":"1.67"},
     "ucase":46},
    {"datain":{"T":"(2 51 (94 74) (13 14) (81 12))"},
     "output":{"p":"1.75"},
     "ucase":47},
    {"datain":{"T":"(69 (30 11 73) 19 (39 65))"},
     "output":{"p":"1.75"},
     "ucase":48},
    {"datain":{"T":"(71 33 (98 39 72 44) 90 (58 (0 14)))"},
     "output":{"p":"1.83"},
     "ucase":49},
    {"datain":{"T":"(0 38 (88 63) (69 53) (92 (42 53 31)) (24 (78 7) 37))"},
     "output":{"p":"2.29"},
     "ucase":50},
    {"datain":{"T":"(38 (97 59) 15 (49 86) 39)"},
     "output":{"p":"1.50"},
     "ucase":51},
    {"datain":{"T":"(9 57 18 (49 67 7) (43 49))"},
     "output":{"p":"1.60"},
     "ucase":52},
    {"datain":{"T":"(27 73 (62 13 35 22) (48 25) 96)"},
     "output":{"p":"1.67"},
     "ucase":53}
]
