[
    {"datain":{"S":[1,2,3]},
     "output":{"retval":true},
     "ucase":0},
    {"datain":{"S":[1,2,3,4]},
     "output":{"retval":true},
     "ucase":1},
    {"datain":{"S":[1,2,3,4,5]},
     "output":{"retval":false},
     "ucase":2},
    {"datain":{"S":[1,2,3,4,5,6]},
     "output":{"retval":false},
     "ucase":3},
    {"datain":{"S":[1,2,3,4,5,6,7]},
     "output":{"retval":true},
     "ucase":4},
    {"datain":{"S":[-3,-2,-1,0,1,3]},
     "output":{"retval":true},
     "ucase":5},
    {"datain":{"S":[-3,-1,0,2]},
     "output":{"retval":true},
     "ucase":6},
    {"datain":{"S":[-4,-3,-2,0,1]},
     "output":{"retval":true},
     "ucase":7},
    {"datain":{"S":[-3,-2,-1,0,2,3]},
     "output":{"retval":false},
     "ucase":8},
    {"datain":{"S":[-3,-2,-1,1,2]},
     "output":{"retval":false},
     "ucase":9},
    {"datain":{"S":[-3,-1,0,1,2,3]},
     "output":{"retval":true},
     "ucase":10},
    {"datain":{"S":[-3,-1,0,1,2]},
     "output":{"retval":false},
     "ucase":11},
    {"datain":{"S":[-2,1,2]},
     "output":{"retval":false},
     "ucase":12},
    {"datain":{"S":[-2,0,1,2]},
     "output":{"retval":false},
     "ucase":13},
    {"datain":{"S":[-3,-1,0,3,4]},
     "output":{"retval":false},
     "ucase":14},
    {"datain":{"S":[-3,-2,-1,1,2]},
     "output":{"retval":false},
     "ucase":15},
    {"datain":{"S":[-2,-1,0,1,2,3]},
     "output":{"retval":false},
     "ucase":16},
    {"datain":{"S":[-4,-2,-1,2]},
     "output":{"retval":false},
     "ucase":17},
    {"datain":{"S":[-2,0,2]},
     "output":{"retval":true},
     "ucase":18},
    {"datain":{"S":[-3,-1,0,2]},
     "output":{"retval":true},
     "ucase":19},
    {"datain":{"S":[-1,0,2]},
     "output":{"retval":false},
     "ucase":20},
    {"datain":{"S":[-4,-2,1,2,3]},
     "output":{"retval":true},
     "ucase":21},
    {"datain":{"S":[-3,-2,-1,2,3]},
     "output":{"retval":false},
     "ucase":22},
    {"datain":{"S":[-1,0,2]},
     "output":{"retval":false},
     "ucase":23},
    {"datain":{"S":[-4,-3,1,2]},
     "output":{"retval":true},
     "ucase":24},
    {"datain":{"S":[-4,-3,-1,0,2,3,4]},
     "output":{"retval":false},
     "ucase":25},
    {"datain":{"S":[-4,-3,1,2,3,4]},
     "output":{"retval":false},
     "ucase":26},
    {"datain":{"S":[-3,-2,-1,1,2]},
     "output":{"retval":false},
     "ucase":27},
    {"datain":{"S":[-4,-3,0,2,3]},
     "output":{"retval":true},
     "ucase":28},
    {"datain":{"S":[-3,-2,-1,0,1,2]},
     "output":{"retval":false},
     "ucase":29},
    {"datain":{"S":[-3,-2,0,1,2]},
     "output":{"retval":true},
     "ucase":30},
    {"datain":{"S":[-4,-3,-2,-1,2]},
     "output":{"retval":true},
     "ucase":31},
    {"datain":{"S":[-3,-2,-1,0,1,3]},
     "output":{"retval":true},
     "ucase":32},
    {"datain":{"S":[-4,-1,0,1,2]},
     "output":{"retval":true},
     "ucase":33},
    {"datain":{"S":[-4,-3,-1,0,1]},
     "output":{"retval":false},
     "ucase":34},
    {"datain":{"S":[-3,-2,0,3]},
     "output":{"retval":false},
     "ucase":35},
    {"datain":{"S":[-4,-3,-2,-1,0,2,4]},
     "output":{"retval":true},
     "ucase":36},
    {"datain":{"S":[-2,0,1,3]},
     "output":{"retval":true},
     "ucase":37},
    {"datain":{"S":[-3,-2,-1,0]},
     "output":{"retval":true},
     "ucase":38},
    {"datain":{"S":[-3,-2,0,1]},
     "output":{"retval":true},
     "ucase":39},
    {"datain":{"S":[-3,-2,-1,0,1,3]},
     "output":{"retval":true},
     "ucase":40},
    {"datain":{"S":[-2,-1,2]},
     "output":{"retval":false},
     "ucase":41},
    {"datain":{"S":[-4,-3,-2,1,2,3]},
     "output":{"retval":false},
     "ucase":42},
    {"datain":{"S":[-4,-2,-1,0,1]},
     "output":{"retval":true},
     "ucase":43},
    {"datain":{"S":[-3,-2,0,2]},
     "output":{"retval":false},
     "ucase":44},
    {"datain":{"S":[-2,-1,0,1,2]},
     "output":{"retval":true},
     "ucase":45},
    {"datain":{"S":[-3,-2,-1,0,1,4]},
     "output":{"retval":false},
     "ucase":46},
    {"datain":{"S":[-3,-2,-1,1,2,3]},
     "output":{"retval":true},
     "ucase":47},
    {"datain":{"S":[-2,-1,0]},
     "output":{"retval":false},
     "ucase":48},
    {"datain":{"S":[-4,-2,-1,0,2,3]},
     "output":{"retval":true},
     "ucase":49},
    {"datain":{"S":[-3,-2,-1,0,1]},
     "output":{"retval":false},
     "ucase":50},
    {"datain":{"S":[-3,-2,-1,1,2]},
     "output":{"retval":false},
     "ucase":51},
    {"datain":{"S":[-2,-1,0]},
     "output":{"retval":false},
     "ucase":52},
    {"datain":{"S":[-2,1]},
     "output":{"retval":false},
     "ucase":53},
    {"datain":{"S":[-2,0]},
     "output":{"retval":false},
     "ucase":54}
]
