[
   {
      "datain": {
         "L": [
            3,
            10,
            3,
            4,
            11,
            1,
            1,
            11,
            6,
            4
         ]
      },
      "output": {
         "T": "(3 1 (10 (4 . 6) 11))"
      },
      "ucase": 0
   },
   {
      "datain": {
         "L": [
            7,
            34,
            76,
            63,
            32,
            18,
            77,
            2,
            63,
            68,
            10
         ]
      },
      "output": {
         "T": "(7 2 (34 (32 (18 10 .) .) (76 (63 . 68) 77)))"
      },
      "ucase": 1
   },
   {
      "datain": {
         "L": [
            34,
            44,
            54,
            22,
            34,
            17,
            52,
            64
         ]
      },
      "output": {
         "T": "(34 (22 17 .) (44 . (54 52 64)))"
      },
      "ucase": 2
   },
   {
      "datain": {
         "L": [
            6,
            33
         ]
      },
      "output": {
         "T": "(6 . 33)"
      },
      "ucase": 3
   },
   {
      "datain": {
         "L": [
            80
         ]
      },
      "output": {
         "T": "80"
      },
      "ucase": 4
   },
   {
      "datain": {
         "L": [
            26,
            17,
            66,
            16,
            4,
            63,
            12
         ]
      },
      "output": {
         "T": "(26 (17 (16 (4 . 12) .) .) (66 63 .))"
      },
      "ucase": 5
   },
   {
      "datain": {
         "L": []
      },
      "output": {
         "T": "."
      },
      "ucase": 6
   },
   {
      "datain": {
         "L": [
            58,
            1,
            2,
            49,
            6,
            51,
            13,
            18,
            3,
            54,
            57,
            1,
            20
         ]
      },
      "output": {
         "T": "(58 (1 . (2 . (49 (6 3 (13 . (18 . 20))) (51 . (54 . 57))))) .)"
      },
      "ucase": 7
   },
   {
      "datain": {
         "L": [
            30,
            15,
            3,
            20,
            29,
            13,
            33
         ]
      },
      "output": {
         "T": "(30 (15 (3 . 13) (20 . 29)) 33)"
      },
      "ucase": 8
   },
   {
      "datain": {
         "L": [
            50,
            0
         ]
      },
      "output": {
         "T": "(50 0 .)"
      },
      "ucase": 9
   },
   {
      "datain": {
         "L": []
      },
      "output": {
         "T": "."
      },
      "ucase": 10
   },
   {
      "datain": {
         "L": [
            2,
            1,
            2,
            0,
            0,
            2,
            0,
            1,
            2
         ]
      },
      "output": {
         "T": "(2 (1 0 .) .)"
      },
      "ucase": 11
   },
   {
      "datain": {
         "L": [
            0,
            0,
            1,
            0,
            1,
            0
         ]
      },
      "output": {
         "T": "(0 . 1)"
      },
      "ucase": 12
   },
   {
      "datain": {
         "L": [
            0,
            0,
            1,
            0,
            1,
            1,
            0,
            0,
            1,
            0,
            1,
            0
         ]
      },
      "output": {
         "T": "(0 . 1)"
      },
      "ucase": 13
   },
   {
      "datain": {
         "L": [
            11,
            15,
            18,
            23,
            6,
            12,
            24,
            21,
            14,
            12,
            16,
            26
         ]
      },
      "output": {
         "T": "(11 6 (15 (12 . 14) (18 16 (23 21 (24 . 26)))))"
      },
      "ucase": 14
   },
   {
      "datain": {
         "L": [
            37,
            60,
            52,
            17,
            2,
            47,
            35,
            45,
            46,
            16,
            72
         ]
      },
      "output": {
         "T": "(37 (17 (2 . 16) 35) (60 (52 (47 (45 . 46) .) .) 72))"
      },
      "ucase": 15
   },
   {
      "datain": {
         "L": []
      },
      "output": {
         "T": "."
      },
      "ucase": 16
   },
   {
      "datain": {
         "L": []
      },
      "output": {
         "T": "."
      },
      "ucase": 17
   },
   {
      "datain": {
         "L": [
            11,
            6,
            12,
            2,
            10,
            10,
            14,
            7,
            12
         ]
      },
      "output": {
         "T": "(11 (6 2 (10 7 .)) (12 . 14))"
      },
      "ucase": 18
   },
   {
      "datain": {
         "L": [
            17,
            22,
            19,
            23,
            19,
            9,
            15
         ]
      },
      "output": {
         "T": "(17 (9 . 15) (22 19 23))"
      },
      "ucase": 19
   },
   {
      "datain": {
         "L": [
            1,
            0,
            8,
            20,
            26,
            46
         ]
      },
      "output": {
         "T": "(1 0 (8 . (20 . (26 . 46))))"
      },
      "ucase": 20
   },
   {
      "datain": {
         "L": []
      },
      "output": {
         "T": "."
      },
      "ucase": 21
   },
   {
      "datain": {
         "L": [
            51,
            54,
            16,
            25,
            37,
            26,
            16,
            27
         ]
      },
      "output": {
         "T": "(51 (16 . (25 . (37 (26 . 27) .))) 54)"
      },
      "ucase": 22
   },
   {
      "datain": {
         "L": [
            28,
            31,
            4,
            6,
            17,
            9,
            0,
            0,
            28,
            22,
            24,
            22,
            0
         ]
      },
      "output": {
         "T": "(28 (4 0 (6 . (17 9 (22 . 24)))) 31)"
      },
      "ucase": 23
   },
   {
      "datain": {
         "L": [
            51,
            42,
            9,
            60,
            50,
            55,
            48,
            31
         ]
      },
      "output": {
         "T": "(51 (42 (9 . 31) (50 48 .)) (60 55 .))"
      },
      "ucase": 24
   },
   {
      "datain": {
         "L": [
            4,
            3,
            1,
            6,
            1,
            4,
            8,
            3,
            1,
            3,
            11,
            13,
            0
         ]
      },
      "output": {
         "T": "(4 (3 (1 0 .) .) (6 . (8 . (11 . 13))))"
      },
      "ucase": 25
   },
   {
      "datain": {
         "L": [
            18,
            9
         ]
      },
      "output": {
         "T": "(18 9 .)"
      },
      "ucase": 26
   },
   {
      "datain": {
         "L": [
            8,
            29,
            19
         ]
      },
      "output": {
         "T": "(8 . (29 19 .))"
      },
      "ucase": 27
   },
   {
      "datain": {
         "L": [
            0,
            3
         ]
      },
      "output": {
         "T": "(0 . 3)"
      },
      "ucase": 28
   },
   {
      "datain": {
         "L": [
            43,
            53,
            42,
            47,
            42,
            51,
            5,
            40
         ]
      },
      "output": {
         "T": "(43 (42 (5 . 40) .) (53 (47 . 51) .))"
      },
      "ucase": 29
   },
   {
      "datain": {
         "L": [
            1,
            1,
            1,
            0,
            1,
            0,
            0,
            0,
            1,
            1,
            0,
            0,
            0,
            0
         ]
      },
      "output": {
         "T": "(1 0 .)"
      },
      "ucase": 30
   },
   {
      "datain": {
         "L": [
            82,
            50,
            54,
            63,
            69
         ]
      },
      "output": {
         "T": "(82 (50 . (54 . (63 . 69))) .)"
      },
      "ucase": 31
   },
   {
      "datain": {
         "L": [
            45,
            65,
            8,
            7
         ]
      },
      "output": {
         "T": "(45 (8 7 .) 65)"
      },
      "ucase": 32
   },
   {
      "datain": {
         "L": [
            3,
            2,
            3,
            12,
            6,
            3,
            2
         ]
      },
      "output": {
         "T": "(3 2 (12 6 .))"
      },
      "ucase": 33
   },
   {
      "datain": {
         "L": [
            8,
            5,
            7,
            0,
            11,
            7,
            12,
            10,
            0,
            0,
            5,
            14
         ]
      },
      "output": {
         "T": "(8 (5 0 7) (11 10 (12 . 14)))"
      },
      "ucase": 34
   },
   {
      "datain": {
         "L": [
            73
         ]
      },
      "output": {
         "T": "73"
      },
      "ucase": 35
   },
   {
      "datain": {
         "L": [
            55,
            8,
            33,
            28,
            34,
            4,
            44,
            60,
            30,
            2,
            59,
            27,
            45
         ]
      },
      "output": {
         "T": "(55 (8 (4 2 .) (33 (28 27 30) (34 . (44 . 45)))) (60 59 .))"
      },
      "ucase": 36
   },
   {
      "datain": {
         "L": [
            17,
            31,
            41,
            26,
            42,
            44,
            27,
            15,
            39,
            47,
            20,
            36
         ]
      },
      "output": {
         "T": "(17 15 (31 (26 20 27) (41 (39 36 .) (42 . (44 . 47)))))"
      },
      "ucase": 37
   },
   {
      "datain": {
         "L": [
            33,
            19,
            73,
            85,
            19,
            5,
            49,
            16,
            81,
            56,
            65,
            39,
            1
         ]
      },
      "output": {
         "T": "(33 (19 (5 1 16) .) (73 (49 39 (56 . 65)) (85 81 .)))"
      },
      "ucase": 38
   },
   {
      "datain": {
         "L": [
            0,
            2,
            0,
            2,
            2,
            1,
            1,
            0,
            0,
            1,
            0
         ]
      },
      "output": {
         "T": "(0 . (2 1 .))"
      },
      "ucase": 39
   },
   {
      "datain": {
         "L": [
            2,
            1,
            2,
            1,
            0,
            1,
            1,
            2,
            0,
            0,
            0
         ]
      },
      "output": {
         "T": "(2 (1 0 .) .)"
      },
      "ucase": 40
   },
   {
      "datain": {
         "L": [
            10,
            45,
            24,
            17,
            24,
            46,
            50,
            1,
            23,
            16,
            4
         ]
      },
      "output": {
         "T": "(10 (1 . 4) (45 (24 (17 16 23) .) (46 . 50)))"
      },
      "ucase": 41
   },
   {
      "datain": {
         "L": [
            26,
            35,
            57,
            46,
            40,
            33,
            55,
            40,
            0,
            23
         ]
      },
      "output": {
         "T": "(26 (0 . 23) (35 33 (57 (46 40 55) .)))"
      },
      "ucase": 42
   },
   {
      "datain": {
         "L": []
      },
      "output": {
         "T": "."
      },
      "ucase": 43
   },
   {
      "datain": {
         "L": [
            24,
            40,
            50,
            16,
            61,
            65,
            6,
            11,
            38,
            44
         ]
      },
      "output": {
         "T": "(24 (16 (6 . 11) .) (40 38 (50 44 (61 . 65))))"
      },
      "ucase": 44
   },
   {
      "datain": {
         "L": [
            11
         ]
      },
      "output": {
         "T": "11"
      },
      "ucase": 45
   },
   {
      "datain": {
         "L": [
            18,
            0,
            21,
            43,
            39,
            18,
            34
         ]
      },
      "output": {
         "T": "(18 0 (21 . (43 (39 34 .) .)))"
      },
      "ucase": 46
   },
   {
      "datain": {
         "L": [
            7,
            7,
            6,
            3,
            3,
            4,
            3,
            1,
            5,
            8
         ]
      },
      "output": {
         "T": "(7 (6 (3 1 (4 . 5)) .) 8)"
      },
      "ucase": 47
   },
   {
      "datain": {
         "L": [
            60,
            58,
            18,
            1,
            33
         ]
      },
      "output": {
         "T": "(60 (58 (18 1 33) .) .)"
      },
      "ucase": 48
   },
   {
      "datain": {
         "L": [
            76,
            25,
            4
         ]
      },
      "output": {
         "T": "(76 (25 4 .) .)"
      },
      "ucase": 49
   }
]