[
   {
      "datain": {
         "T": "(25 (12 (6 . (9 (7 . (8 7 8)) .)) .) (37 (31 (28 (26 (25 . 25) (27 26 27)) (29 (28 28 27) (30 29 30))) (34 (31 (31 31 31) (32 10 33)) (35 (34 34 34) (36 35 35)))) (43 (40 . (41 (39 39 40) (42 41 42))) (46 (43 . (68 55 57)) (48 (47 46 46) (49 48 49))))))"
      },
      "output": {
         "R": false
      },
      "ucase": 0
   },
   {
      "datain": {
         "T": "(25 (12 6 .) (36 . 43))"
      },
      "output": {
         "R": true
      },
      "ucase": 1
   },
   {
      "datain": {
         "T": "."
      },
      "output": {
         "R": true
      },
      "ucase": 2
   },
   {
      "datain": {
         "T": "(25 (12 (4 2 8) (18 15 21)) (36 (30 27 33) 43))"
      },
      "output": {
         "R": true
      },
      "ucase": 3
   },
   {
      "datain": {
         "T": "(24 (12 (6 3 9) (18 15 21)) (37 (23 23 30) (43 40 .)))"
      },
      "output": {
         "R": false
      },
      "ucase": 4
   },
   {
      "datain": {
         "T": "(25 (12 (6 (3 0 4) (9 7 10)) (18 (15 13 16) (21 19 23))) (37 (31 (28 27 .) (33 32 27)) .))"
      },
      "output": {
         "R": false
      },
      "ucase": 5
   },
   {
      "datain": {
         "T": "(25 (12 6 18) (37 31 46))"
      },
      "output": {
         "R": true
      },
      "ucase": 6
   },
   {
      "datain": {
         "T": "."
      },
      "output": {
         "R": true
      },
      "ucase": 7
   },
   {
      "datain": {
         "T": "(25 (12 . 18) .)"
      },
      "output": {
         "R": true
      },
      "ucase": 8
   },
   {
      "datain": {
         "T": "(24 (12 (6 (3 (1 (0 (0 0 .) (0 0 0)) .) (4 (2 (2 . 1) .) (5 . (5 5 5)))) (9 (6 (6 . (6 6 0)) (7 (5 5 6) (8 6 .))) (10 (9 (9 9 9) (9 . 9)) .))) (18 (15 (13 (6 (9 10 7) (9 7 11)) (13 (13 . 13) .)) (16 (20 30 (18 28 17)) (17 (16 16 16) (17 17 17)))) (21 (19 (18 (18 18 .) (18 18 28)) (19 (19 19 19) (20 19 20))) (22 (21 (20 20 20) 20) (23 (22 22 22) (23 23 23)))))) .)"
      },
      "output": {
         "R": false
      },
      "ucase": 9
   },
   {
      "datain": {
         "T": "(24 (12 6 18) (37 29 86))"
      },
      "output": {
         "R": true
      },
      "ucase": 10
   },
   {
      "datain": {
         "T": "(32 (16 (8 (4 2 .) (12 . 14)) (24 (20 . 22) (28 26 30))) (41 36 (45 (43 42 44) .)))"
      },
      "output": {
         "R": true
      },
      "ucase": 11
   },
   {
      "datain": {
         "T": "(25 (12 . (18 (15 (15 (13 12 .) (15 . 15)) (16 . (17 16 17))) (21 (19 (18 18 16) (20 24 .)) (23 (22 21 22) .)))) (37 (31 (28 (26 (25 25 25) (27 26 27)) (28 (28 28 28) (29 28 30))) .) (43 (40 . (41 . (42 41 .))) (46 (44 . (45 44 45)) (48 (47 46 47) (48 . 49))))))"
      },
      "output": {
         "R": false
      },
      "ucase": 12
   },
   {
      "datain": {
         "T": "."
      },
      "output": {
         "R": true
      },
      "ucase": 13
   },
   {
      "datain": {
         "T": "(24 (11 (5 (2 . 3) (8 6 9)) (17 (14 12 14) (19 18 19))) (23 (23 . (23 23 23)) (36 (29 . 32) (42 39 46))))"
      },
      "output": {
         "R": false
      },
      "ucase": 14
   },
   {
      "datain": {
         "T": "(24 12 (37 . (43 . (46 43 .))))"
      },
      "output": {
         "R": false
      },
      "ucase": 15
   },
   {
      "datain": {
         "T": "(25 (12 5 18) 36)"
      },
      "output": {
         "R": true
      },
      "ucase": 16
   },
   {
      "datain": {
         "T": "(25 (12 . (18 (14 13 16) (21 19 23))) (37 (31 (28 26 29) (34 32 35)) (43 (40 38 41) (45 44 47))))"
      },
      "output": {
         "R": true
      },
      "ucase": 17
   },
   {
      "datain": {
         "T": "(25 . (36 (30 27 33) (43 39 46)))"
      },
      "output": {
         "R": true
      },
      "ucase": 18
   },
   {
      "datain": {
         "T": "(25 (11 (5 . (8 (6 (5 4 5) .) (9 (8 8 8) .))) (18 (14 (11 (11 11 11) (12 11 13)) (15 . (15 15 16))) (21 (19 . (20 19 23)) (23 (22 20 22) .)))) (36 (30 (27 (26 (25 . 25) (26 26 26)) (28 (26 26 27) (28 28 29))) (33 (31 (30 30 30) (32 30 .)) (34 (33 33 33) (30 31 33)))) 43))"
      },
      "output": {
         "R": false
      },
      "ucase": 19
   },
   {
      "datain": {
         "T": "."
      },
      "output": {
         "R": true
      },
      "ucase": 20
   },
   {
      "datain": {
         "T": "(25 (12 . (18 (15 (13 12 (14 (13 13 13) (14 14 .))) (16 (15 (15 . 15) (15 15 29)) (17 (16 . 16) (17 17 17)))) .)) (37 (31 (28 (25 (25 (25 25 24) (25 25 25)) (26 (24 . 25) (27 26 27))) (29 (28 (28 28 28) (28 28 28)) (30 (29 29 29) (30 30 .)))) (34 (32 (31 (29 30 30) .) .) .)) .))"
      },
      "output": {
         "R": false
      },
      "ucase": 21
   },
   {
      "datain": {
         "T": "(24 (12 (6 (3 1 .) (8 6 10)) (18 (15 . 16) (20 32 22))) (37 (29 (26 25 27) (32 30 34)) (43 (40 36 41) (46 44 48))))"
      },
      "output": {
         "R": false
      },
      "ucase": 22
   },
   {
      "datain": {
         "T": "(25 . (37 (31 . (34 (32 (31 (31 31 31) (31 31 .)) (32 . (33 32 18))) (35 (34 (34 34 34) .) (36 (35 35 35) (36 26 36))))) (42 . (46 (44 (43 (41 . 42) (42 41 43)) (45 (44 44 44) (45 45 45))) (48 (47 (46 . 46) .) (49 (47 47 48) (49 49 49)))))))"
      },
      "output": {
         "R": false
      },
      "ucase": 23
   },
   {
      "datain": {
         "T": "(25 (12 (6 (3 (1 (0 0 0) (2 1 2)) (5 . (5 5 5))) (9 (7 (11 8 .) (8 7 8)) (10 (9 9 9) (11 . 11)))) (18 (15 . (16 (15 15 .) (17 16 .))) (21 (19 (18 17 18) (20 19 20)) (23 (21 20 22) (24 23 24))))) .)"
      },
      "output": {
         "R": false
      },
      "ucase": 24
   },
   {
      "datain": {
         "T": "(23 (11 (5 (2 (0 (0 0 0) .) (3 (2 2 2) (3 2 4))) (7 (6 (5 5 5) (6 6 6)) (9 (8 8 8) (10 9 10)))) .) (20 (21 (22 (22 (22 22 22) (22 22 22)) (21 (21 21 21) (20 20 20))) (12 (16 (18 18 17) (17 16 14)) (16 (14 12 15) (18 17 .)))) (35 (27 . (31 (29 28 .) (33 32 34))) (67 (51 (39 37 45) (59 55 63)) (58 (63 64 60) .)))))"
      },
      "output": {
         "R": false
      },
      "ucase": 25
   },
   {
      "datain": {
         "T": "(25 (12 (6 (2 (1 (0 0 .) .) (4 (3 2 3) (7 5 6))) (9 (6 (6 6 6) (7 6 7)) (10 (9 9 9) (10 10 11)))) (18 (15 (13 (12 12 12) (14 13 13)) (16 (15 15 15) (17 . 16))) .)) (33 . (5 (19 (26 . (22 24 20)) (11 (15 16 13) (8 9 6))) (0 1 (24 (12 6 17) (37 29 43))))))"
      },
      "output": {
         "R": false
      },
      "ucase": 26
   },
   {
      "datain": {
         "T": "(0 0 25)"
      },
      "output": {
         "R": false
      },
      "ucase": 27
   },
   {
      "datain": {
         "T": "(24 (11 (5 2 8) (17 . 20)) (36 (30 39 35) (43 39 45)))"
      },
      "output": {
         "R": false
      },
      "ucase": 28
   },
   {
      "datain": {
         "T": "."
      },
      "output": {
         "R": true
      },
      "ucase": 29
   },
   {
      "datain": {
         "T": "(25 (12 (6 2 (9 . (10 . 11))) (18 (15 (13 . 14) (16 15 17)) (21 (19 18 20) (28 24 35)))) (37 (32 (27 (26 25 28) (29 28 26)) (34 (33 32 33) (35 34 36))) (43 (40 (38 37 39) .) (46 (44 42 46) .))))"
      },
      "output": {
         "R": false
      },
      "ucase": 30
   },
   {
      "datain": {
         "T": "(25 (12 6 18) .)"
      },
      "output": {
         "R": true
      },
      "ucase": 31
   },
   {
      "datain": {
         "T": "(25 (12 (3 (1 0 2) (7 5 9)) (18 (15 13 16) (20 19 22))) .)"
      },
      "output": {
         "R": true
      },
      "ucase": 32
   },
   {
      "datain": {
         "T": "(25 (12 (11 5 11) (18 . 21)) (37 . (43 40 46)))"
      },
      "output": {
         "R": false
      },
      "ucase": 33
   },
   {
      "datain": {
         "T": "(25 (12 (6 3 9) (18 15 21)) (37 (31 27 34) (43 40 46)))"
      },
      "output": {
         "R": true
      },
      "ucase": 34
   },
   {
      "datain": {
         "T": "(25 (12 (6 3 9) (18 14 21)) (37 (31 25 34) (43 39 .)))"
      },
      "output": {
         "R": false
      },
      "ucase": 35
   },
   {
      "datain": {
         "T": "."
      },
      "output": {
         "R": true
      },
      "ucase": 36
   },
   {
      "datain": {
         "T": "(25 (11 (5 (2 (0 (0 0 0) (1 0 .)) (3 (2 2 2) (4 2 7))) 8) 18) (37 (31 (28 (26 (24 32 25) (27 26 27)) (29 (28 28 .) (30 29 30))) (34 . (35 (34 34 .) (36 35 36)))) (44 (40 (38 (37 37 37) (39 . 39)) (42 (40 40 41) (42 . 42))) (47 (45 (44 44 44) (44 44 .)) (48 (46 . 47) .)))))"
      },
      "output": {
         "R": false
      },
      "ucase": 37
   },
   {
      "datain": {
         "T": "(25 (12 6 18) (37 . 42))"
      },
      "output": {
         "R": true
      },
      "ucase": 38
   },
   {
      "datain": {
         "T": "."
      },
      "output": {
         "R": true
      },
      "ucase": 39
   },
   {
      "datain": {
         "T": "(25 (12 (6 3 8) (18 15 14)) (35 (30 27 32) (42 38 46)))"
      },
      "output": {
         "R": false
      },
      "ucase": 40
   },
   {
      "datain": {
         "T": "(25 (12 6 .) (37 (31 (28 (26 25 27) (23 25 27)) (33 (32 31 35) (35 . 36))) (42 (39 (38 37 40) (40 38 41)) (46 (43 42 44) (51 48 50)))))"
      },
      "output": {
         "R": false
      },
      "ucase": 41
   },
   {
      "datain": {
         "T": "(25 (12 (6 (2 (1 0 1) (4 3 5)) (9 (7 6 8) (10 9 10))) (18 (15 (13 12 14) (16 15 17)) (21 (19 18 20) (23 22 24)))) (37 (31 (28 (26 25 27) .) (39 (34 32 36) (38 60 37))) (43 (40 (38 37 38) (41 40 42)) (65 (54 48 59) (57 61 53)))))"
      },
      "output": {
         "R": false
      },
      "ucase": 42
   },
   {
      "datain": {
         "T": "(25 (11 (5 2 8) (18 14 21)) (37 (30 27 33) .))"
      },
      "output": {
         "R": true
      },
      "ucase": 43
   },
   {
      "datain": {
         "T": "(25 (12 (6 3 9) .) (37 (31 28 .) (43 39 10)))"
      },
      "output": {
         "R": false
      },
      "ucase": 44
   },
   {
      "datain": {
         "T": "(25 . (37 (31 (28 (26 (25 . 25) (27 26 27)) (29 (28 28 28) .)) (34 . (35 . (36 35 36)))) (43 (40 (38 (35 36 35) .) (41 (40 . 40) (42 41 42))) .)))"
      },
      "output": {
         "R": false
      },
      "ucase": 45
   },
   {
      "datain": {
         "T": "(25 (12 . (18 (15 (13 11 14) (16 14 17)) (21 . (23 22 24)))) (37 (31 (28 (26 25 27) (28 28 29)) .) (43 (40 (74 55 60) (40 40 39)) (46 (44 43 44) (29 37 39)))))"
      },
      "output": {
         "R": false
      },
      "ucase": 46
   },
   {
      "datain": {
         "T": "."
      },
      "output": {
         "R": true
      },
      "ucase": 47
   },
   {
      "datain": {
         "T": "(24 (12 6 .) (28 26 39))"
      },
      "output": {
         "R": true
      },
      "ucase": 48
   },
   {
      "datain": {
         "T": "(25 (12 . (18 (15 13 16) 21)) (37 (31 . (34 32 .)) (43 (40 38 37) (46 . 48))))"
      },
      "output": {
         "R": false
      },
      "ucase": 49
   }
]