[
 {
  "datain": {
   "T": "(5 (10 8 9) (7 3))"
  },
  "output": {
   "P": [
    5,
    8.5,
    6.66666666
   ]
  },
  "ucase": 0
 },
 {
  "datain": {
   "T": ""
  },
  "output": {
   "P": []
  },
  "ucase": 1
 },
 {
  "datain": {
   "T": "(23 78 52 (69 50) 28 (79 13))"
  },
  "output": {
   "P": [
    23,
    61.2000007629395,
    31.5
   ]
  },
  "ucase": 2
 },
 {
  "datain": {
   "T": "(25 (55 (80 8) 13 (45 22)))"
  },
  "output": {
   "P": [
    25,
    55,
    46,
    15
   ]
  },
  "ucase": 3
 },
 {
  "datain": {
   "T": "(30 58 (10 49 64 59))"
  },
  "output": {
   "P": [
    30,
    34,
    57.3333320617676
   ]
  },
  "ucase": 4
 },
 {
  "datain": {
   "T": "(4 (25 58 67) 69 (44 44) (2 66) (2 73 15))"
  },
  "output": {
   "P": [
    4,
    28.3999996185303,
    53.8333320617676
   ]
  },
  "ucase": 5
 },
 {
  "datain": {
   "T": "(56 47 27 (6 19) 26)"
  },
  "output": {
   "P": [
    56,
    26.5,
    19
   ]
  },
  "ucase": 6
 },
 {
  "datain": {
   "T": "(55 (6 98) 39 (43 (71 74)) (53 (42 95)))"
  },
  "output": {
   "P": [
    55,
    35.25,
    70.3333358764648,
    84.5
   ]
  },
  "ucase": 7
 },
 {
  "datain": {
   "T": "(60 50 (14 55) (14 84 5) (8 61 30) 61)"
  },
  "output": {
   "P": [
    60,
    29.3999996185303,
    47
   ]
  },
  "ucase": 8
 },
 {
  "datain": {
   "T": "(11 (84 42) 18 49 67)"
  },
  "output": {
   "P": [
    11,
    54.5,
    42
   ]
  },
  "ucase": 9
 },
 {
  "datain": {
   "T": "(48 43 (12 1) 28)"
  },
  "output": {
   "P": [
    48,
    27.6666660308838,
    1
   ]
  },
  "ucase": 10
 },
 {
  "datain": {
   "T": "(74 (65 42) (5 8) (52 (73 14 33)))"
  },
  "output": {
   "P": [
    74,
    40.6666679382324,
    41,
    23.5
   ]
  },
  "ucase": 11
 },
 {
  "datain": {
   "T": "(10 93 45 (39 89) 91 (2 (55 6)) 89 50 (38 33))"
  },
  "output": {
   "P": [
    10,
    55.875,
    59,
    6
   ]
  },
  "ucase": 12
 },
 {
  "datain": {
   "T": "(33 (21 23 (51 4) 85 21 23))"
  },
  "output": {
   "P": [
    33,
    21,
    40.5999984741211,
    4
   ]
  },
  "ucase": 13
 },
 {
  "datain": {
   "T": "(84 (80 85) (8 (80 65) (8 25) 96) 69 66)"
  },
  "output": {
   "P": [
    84,
    55.75,
    67.25,
    45
   ]
  },
  "ucase": 14
 },
 {
  "datain": {
   "T": "(66 (28 59 (19 84)) 51 91 71 (89 (55 94 42)))"
  },
  "output": {
   "P": [
    66,
    66,
    44.3333320617676,
    73.3333358764648
   ]
  },
  "ucase": 15
 },
 {
  "datain": {
   "T": "(84 94 (3 74 87) 99 (55 38 52) (49 64) (3 24 53))"
  },
  "output": {
   "P": [
    84,
    50.5,
    56
   ]
  },
  "ucase": 16
 },
 {
  "datain": {
   "T": "(62 (86 91) 52 30 54 80 (51 82) (40 18 31 42 36))"
  },
  "output": {
   "P": [
    62,
    56.1428565979004,
    50
   ]
  },
  "ucase": 17
 },
 {
  "datain": {
   "T": "(12 38 (79 28) (25 68) (26 77 69) (36 (30 66)) (20 36))"
  },
  "output": {
   "P": [
    12,
    37.3333320617676,
    51.3333320617676,
    66
   ]
  },
  "ucase": 18
 },
 {
  "datain": {
   "T": "(21 58 (86 36) 32)"
  },
  "output": {
   "P": [
    21,
    58.6666679382324,
    36
   ]
  },
  "ucase": 19
 },
 {
  "datain": {
   "T": "(31 7 (65 15) 72 (16 52 59 15))"
  },
  "output": {
   "P": [
    31,
    40,
    35.25
   ]
  },
  "ucase": 20
 },
 {
  "datain": {
   "T": "(32 (58 43) (86 29) 99 (24 45) (30 43))"
  },
  "output": {
   "P": [
    32,
    59.4000015258789,
    40
   ]
  },
  "ucase": 21
 },
 {
  "datain": {
   "T": "(39 52 (59 48) (49 22) 83)"
  },
  "output": {
   "P": [
    39,
    60.75,
    35
   ]
  },
  "ucase": 22
 },
 {
  "datain": {
   "T": "(53 98 9 54 60)"
  },
  "output": {
   "P": [
    53,
    55.25
   ]
  },
  "ucase": 23
 },
 {
  "datain": {
   "T": "(97 (52 72 89 57 (71 40)) (78 16 41))"
  },
  "output": {
   "P": [
    97,
    65,
    57.6666679382324,
    40
   ]
  },
  "ucase": 24
 },
 {
  "datain": {
   "T": "(66 12 24 7 (17 88) (10 51 62))"
  },
  "output": {
   "P": [
    66,
    14,
    67
   ]
  },
  "ucase": 25
 },
 {
  "datain": {
   "T": "(9 61 (74 63 59) (21 1) (3 98))"
  },
  "output": {
   "P": [
    9,
    39.75,
    55.25
   ]
  },
  "ucase": 26
 },
 {
  "datain": {
   "T": "(69 79 45 31 86 13)"
  },
  "output": {
   "P": [
    69,
    50.7999992370605
   ]
  },
  "ucase": 27
 },
 {
  "datain": {
   "T": "(39 (27 85) (4 30))"
  },
  "output": {
   "P": [
    39,
    15.5,
    57.5
   ]
  },
  "ucase": 28
 },
 {
  "datain": {
   "T": "(39 (27 73 39) 9 (30 98 69 94 90) 70)"
  },
  "output": {
   "P": [
    39,
    34,
    77.1666641235352
   ]
  },
  "ucase": 29
 },
 {
  "datain": {
   "T": "(35 (19 39 85 16 (75 34)))"
  },
  "output": {
   "P": [
    35,
    19,
    53.75,
    34
   ]
  },
  "ucase": 30
 },
 {
  "datain": {
   "T": "(60 42 86 5 (98 33) 15 48 77)"
  },
  "output": {
   "P": [
    60,
    53,
    33
   ]
  },
  "ucase": 31
 },
 {
  "datain": {
   "T": "(13 74 32 1 29)"
  },
  "output": {
   "P": [
    13,
    34
   ]
  },
  "ucase": 32
 },
 {
  "datain": {
   "T": "(4 42 52 (7 29) (79 85 (14 47)) 22 (8 10))"
  },
  "output": {
   "P": [
    4,
    35,
    34.5,
    47
   ]
  },
  "ucase": 33
 },
 {
  "datain": {
   "T": "(25 45 66 (5 48))"
  },
  "output": {
   "P": [
    25,
    38.6666679382324,
    48
   ]
  },
  "ucase": 34
 },
 {
  "datain": {
   "T": "(9 88 54 (41 99) 48)"
  },
  "output": {
   "P": [
    9,
    57.75,
    99
   ]
  },
  "ucase": 35
 },
 {
  "datain": {
   "T": "(80 (68 (83 (36 24 (36 47)) 52) (71 (45 (5 81)) (81 9))))"
  },
  "output": {
   "P": [
    80,
    68,
    77,
    53.5,
    18.5,
    64
   ]
  },
  "ucase": 36
 },
 {
  "datain": {
   "T": "(57 (38 69) 56 88 29 58 (34 54))"
  },
  "output": {
   "P": [
    57,
    50.5,
    61.5
   ]
  },
  "ucase": 37
 },
 {
  "datain": {
   "T": "(66 28 (45 5) (13 85) (56 69) (1 94))"
  },
  "output": {
   "P": [
    66,
    28.6000003814697,
    63.25
   ]
  },
  "ucase": 38
 },
 {
  "datain": {
   "T": "(31 39 (32 93 73 74 (29 14)))"
  },
  "output": {
   "P": [
    31,
    35.5,
    67.25,
    14
   ]
  },
  "ucase": 39
 },
 {
  "datain": {
   "T": "(1 92 80 (34 6) 67)"
  },
  "output": {
   "P": [
    1,
    68.25,
    6
   ]
  },
  "ucase": 40
 },
 {
  "datain": {
   "T": "(8 (61 86) (13 57 (5 86)) 21 59)"
  },
  "output": {
   "P": [
    8,
    38.5,
    49.3333320617676,
    86
   ]
  },
  "ucase": 41
 },
 {
  "datain": {
   "T": "(58 (15 24 57) 19 (82 72 11) 59 37 (62 4))"
  },
  "output": {
   "P": [
    58,
    45.6666679382324,
    33.5999984741211
   ]
  },
  "ucase": 42
 },
 {
  "datain": {
   "T": "(96 (94 16) (98 84 69) (36 12) (81 91) (11 (66 73)))"
  },
  "output": {
   "P": [
    96,
    64,
    56.3333320617676,
    73
   ]
  },
  "ucase": 43
 },
 {
  "datain": {
   "T": "(8 (20 56 (29 (26 64) 73)) (10 63) (10 99 85) (73 65))"
  },
  "output": {
   "P": [
    8,
    28.25,
    66.1666641235352,
    49.5,
    64
   ]
  },
  "ucase": 44
 },
 {
  "datain": {
   "T": "(61 (85 15 19 6) 57 (97 32))"
  },
  "output": {
   "P": [
    61,
    79.6666641235352,
    18
   ]
  },
  "ucase": 45
 },
 {
  "datain": {
   "T": "(82 (95 (44 94)) (66 (87 12 16) (17 56 77)))"
  },
  "output": {
   "P": [
    82,
    80.5,
    49.3333320617676,
    51
   ]
  },
  "ucase": 46
 },
 {
  "datain": {
   "T": "(68 12 66 (12 69))"
  },
  "output": {
   "P": [
    68,
    30,
    69
   ]
  },
  "ucase": 47
 },
 {
  "datain": {
   "T": "(33 54 (16 (86 79)) (24 (88 90)) (60 9 38) (39 22))"
  },
  "output": {
   "P": [
    33,
    38.5999984741211,
    48.5999984741211,
    84.5
   ]
  },
  "ucase": 48
 },
 {
  "datain": {
   "T": "(43 42 58 (36 99 16))"
  },
  "output": {
   "P": [
    43,
    45.3333320617676,
    57.5
   ]
  },
  "ucase": 49
 },
 {
  "datain": {
   "T": "(82 (7 51 63) (55 14) 47 (20 43 44) (72 71) (91 55))"
  },
  "output": {
   "P": [
    82,
    48.6666679382324,
    48.7142868041992
   ]
  },
  "ucase": 50
 },
 {
  "datain": {
   "T": "(48 (37 43) 8 (88 31) (71 31) 27)"
  },
  "output": {
   "P": [
    48,
    46.2000007629395,
    35
   ]
  },
  "ucase": 51
 }
]
