[
    {"datain":{"L":[7,8,3,4,2,3,4,1,5,5,5,10,5,9,0,2,7,4,6,3],"parity":1},
     "output":{"VL":[[7],[3],[3],[1,5,5,5],[5,9],[7],[3]]},
     "ucase":0},
    {"datain":{"L":[9,9,14,10,4,19,19,15,13],"parity":0},
     "output":{"VL":[[14,10,4]]},
     "ucase":1},
    {"datain":{"L":[10,2,10,14,2,3,7,15,5,7,18,10,16,16],"parity":1},
     "output":{"VL":[[3,7,15,5,7]]},
     "ucase":2},
    {"datain":{"L":[7,14,14,13,6,16,2,2,1,4],"parity":1},
     "output":{"VL":[[7],[13],[1]]},
     "ucase":3},
    {"datain":{"L":[8,0,4,10,13,15,10,15,19,11,1],"parity":0},
     "output":{"VL":[[8,0,4,10],[10]]},
     "ucase":4},
    {"datain":{"L":[16,12,6,8,4,6,10,4,10,0,4],"parity":1},
     "output":{"VL":null},
     "ucase":5},
    {"datain":{"L":[4,0,14,18,12,2,0,12,11,19,11,14,14,13],"parity":1},
     "output":{"VL":[[11,19,11],[13]]},
     "ucase":6},
    {"datain":{"L":[16,8,4,10,18,4,2,16,19,13,17],"parity":0},
     "output":{"VL":[[16,8,4,10,18,4,2,16]]},
     "ucase":7},
    {"datain":{"L":[11,12,8,10,2,16,9,3,5],"parity":0},
     "output":{"VL":[[12,8,10,2,16]]},
     "ucase":8},
    {"datain":{"L":[5,14,4,6,9,7,19,13,11,5,1,1],"parity":1},
     "output":{"VL":[[5],[9,7,19,13,11,5,1,1]]},
     "ucase":9},
    {"datain":{"L":[8,4,9,12,12,18,14,0,0,16,13],"parity":0},
     "output":{"VL":[[8,4],[12,12,18,14,0,0,16]]},
     "ucase":10},
    {"datain":{"L":[4,2,13,19,8,11,5,1,15,2,19,11,15],"parity":1},
     "output":{"VL":[[13,19],[11,5,1,15],[19,11,15]]},
     "ucase":11},
    {"datain":{"L":[16,12,2,8,10,0,18,6,6,4,19],"parity":1},
     "output":{"VL":[[19]]},
     "ucase":12},
    {"datain":{"L":[3,7,11,17,7,11,15,13,3,11,13],"parity":1},
     "output":{"VL":[[3,7,11,17,7,11,15,13,3,11,13]]},
     "ucase":13},
    {"datain":{"L":[18,6,15,11,10,7,15,13],"parity":1},
     "output":{"VL":[[15,11],[7,15,13]]},
     "ucase":14},
    {"datain":{"L":[11,9,14,0,12,10,6,0,14,1,19,0,8,4],"parity":0},
     "output":{"VL":[[14,0,12,10,6,0,14],[0,8,4]]},
     "ucase":15},
    {"datain":{"L":[12,18,12,6,16,19,5,19,0,0,6,14,14,14],"parity":0},
     "output":{"VL":[[12,18,12,6,16],[0,0,6,14,14,14]]},
     "ucase":16},
    {"datain":{"L":[2,6,18,6,10,10,19,7,1,12,4,0,6],"parity":1},
     "output":{"VL":[[19,7,1]]},
     "ucase":17},
    {"datain":{"L":[11,1,17,17,17,19,13,5,3,14],"parity":1},
     "output":{"VL":[[11,1,17,17,17,19,13,5,3]]},
     "ucase":18},
    {"datain":{"L":[11,9,18,2,2,2,4,5,14,19,3,1,7,13],"parity":1},
     "output":{"VL":[[11,9],[5],[19,3,1,7,13]]},
     "ucase":19},
    {"datain":{"L":[15,15,3,8,0,4,10,11,3],"parity":0},
     "output":{"VL":[[8,0,4,10]]},
     "ucase":20},
    {"datain":{"L":[16,10,16,8,0,14,7,14,9,7,9,11,7,17,1],"parity":1},
     "output":{"VL":[[7],[9,7,9,11,7,17,1]]},
     "ucase":21},
    {"datain":{"L":[5,9,3,13,9,8,6,14,8,10,0,2],"parity":0},
     "output":{"VL":[[8,6,14,8,10,0,2]]},
     "ucase":22},
    {"datain":{"L":[13,15,13,1,3,16,16,12,12,14,12,8,7],"parity":0},
     "output":{"VL":[[16,16,12,12,14,12,8]]},
     "ucase":23},
    {"datain":{"L":[10,19,19,10,15,4,2,16,19,15,1,18,16,19,5],"parity":0},
     "output":{"VL":[[10],[10],[4,2,16],[18,16]]},
     "ucase":24},
    {"datain":{"L":[17,19,3,8,11,9,17,4,18,4,12,12,15],"parity":0},
     "output":{"VL":[[8],[4,18,4,12,12]]},
     "ucase":25},
    {"datain":{"L":[0,17,9,1,17,0,14,4,4,8,8,1,13,3,5],"parity":1},
     "output":{"VL":[[17,9,1,17],[1,13,3,5]]},
     "ucase":26},
    {"datain":{"L":[9,13,0,12,4,0,8,18,13,11,9,8,2,15,12],"parity":1},
     "output":{"VL":[[9,13],[13,11,9],[15]]},
     "ucase":27},
    {"datain":{"L":[11,18,15,15,17,11,3,11,3,18,16,6,1,15,2],"parity":0},
     "output":{"VL":[[18],[18,16,6],[2]]},
     "ucase":28},
    {"datain":{"L":[3,8,19,15,7,13,7,7,3,13],"parity":0},
     "output":{"VL":[[8]]},
     "ucase":29},
    {"datain":{"L":[0,12,8,6,4,12,18,12,12,4,1],"parity":1},
     "output":{"VL":[[1]]},
     "ucase":30},
    {"datain":{"L":[0,1,19,7,5,11,1,17,11,11,8,2,8],"parity":0},
     "output":{"VL":[[0],[8,2,8]]},
     "ucase":31},
    {"datain":{"L":[10,10,12,8,18,10,6,16,11,5,18,6,16,16],"parity":0},
     "output":{"VL":[[10,10,12,8,18,10,6,16],[18,6,16,16]]},
     "ucase":32},
    {"datain":{"L":[4,8,4,14,4,4,4,15,19,15,9,9,9,19,15],"parity":1},
     "output":{"VL":[[15,19,15,9,9,9,19,15]]},
     "ucase":33},
    {"datain":{"L":[10,8,9,8,4,19,5,2,14,0,10,16,12],"parity":0},
     "output":{"VL":[[10,8],[8,4],[2,14,0,10,16,12]]},
     "ucase":34},
    {"datain":{"L":[0,10,18,18,0,18,16,5,14,14,15,17],"parity":0},
     "output":{"VL":[[0,10,18,18,0,18,16],[14,14]]},
     "ucase":35},
    {"datain":{"L":[0,14,14,8,16,18,3,16,18,2,8,6,11,1,5],"parity":1},
     "output":{"VL":[[3],[11,1,5]]},
     "ucase":36},
    {"datain":{"L":[2,14,16,10,19,18,2,16,12],"parity":0},
     "output":{"VL":[[2,14,16,10],[18,2,16,12]]},
     "ucase":37},
    {"datain":{"L":[0,2,0,2,4,16,11,11,11,7,1,0,12],"parity":1},
     "output":{"VL":[[11,11,11,7,1]]},
     "ucase":38},
    {"datain":{"L":[15,0,12,8,7,6,0,6,6,5,11,17],"parity":1},
     "output":{"VL":[[15],[7],[5,11,17]]},
     "ucase":39},
    {"datain":{"L":[11,7,1,11,15,1,9,13,15,1,19,11,3],"parity":0},
     "output":{"VL":null},
     "ucase":40},
    {"datain":{"L":[16,6,10,2,17,1,11,13,9,3],"parity":0},
     "output":{"VL":[[16,6,10,2]]},
     "ucase":41},
    {"datain":{"L":[18,2,6,16,12,15,16,7,0,2],"parity":0},
     "output":{"VL":[[18,2,6,16,12],[16],[0,2]]},
     "ucase":42},
    {"datain":{"L":[15,13,13,11,13,17,9,14,13,9,16,18],"parity":0},
     "output":{"VL":[[14],[16,18]]},
     "ucase":43},
    {"datain":{"L":[19,19,17,5,1,5,9,13,17],"parity":0},
     "output":{"VL":null},
     "ucase":44},
    {"datain":{"L":[19,7,1,17,9,0,6,18],"parity":0},
     "output":{"VL":[[0,6,18]]},
     "ucase":45},
    {"datain":{"L":[6,5,2,9,7,15,9,19],"parity":1},
     "output":{"VL":[[5],[9,7,15,9,19]]},
     "ucase":46},
    {"datain":{"L":[12,3,9,7,3,3,15,9,1,7],"parity":1},
     "output":{"VL":[[3,9,7,3,3,15,9,1,7]]},
     "ucase":47},
    {"datain":{"L":[2,12,1,15,9,9,17,13],"parity":0},
     "output":{"VL":[[2,12]]},
     "ucase":48},
    {"datain":{"L":[1,4,16,14,18,5,1,2],"parity":0},
     "output":{"VL":[[4,16,14,18],[2]]},
     "ucase":49},
    {"datain":{"L":[7,17,10,17,13,7,1,0,12,0,16,2,17,11],"parity":1},
     "output":{"VL":[[7,17],[17,13,7,1],[17,11]]},
     "ucase":50}
]
