[
    {"datain":{"T":"(5 3 2)"},
     "output":{"T":"(2 3 5)"},
     "ucase":0},
    {"datain":{"T":"(5 (3 2 1) (2 1 0))"},
     "output":{"T":"(0 (1 2 3) (1 5 2))"},
     "ucase":1},
    {"datain":{"T":"(3 9 4)"},
     "output":{"T":"(3 9 4)"},
     "ucase":2},
    {"datain":{"T":"(2 2 (7 (2 . 1) .))"},
     "output":{"T":"(1 2 (2 (2 . 7) .))"},
     "ucase":3},
    {"datain":{"T":"(5 (0 . 4) 5)"},
     "output":{"T":"(0 (4 . 5) 5)"},
     "ucase":4},
    {"datain":{"T":"(5 1 (5 (3 . (5 . 2)) .))"},
     "output":{"T":"(1 5 (2 (3 . (5 . 5)) .))"},
     "ucase":5},
    {"datain":{"T":"(6 8 (5 . 4))"},
     "output":{"T":"(4 8 (5 . 6))"},
     "ucase":6},
    {"datain":{"T":"(4 (9 0 .) (4 8 .))"},
     "output":{"T":"(0 (4 9 .) (4 8 .))"},
     "ucase":7},
    {"datain":{"T":"(2 (8 7 .) (5 (5 4 .) .))"},
     "output":{"T":"(2 (7 8 .) (4 (5 5 .) .))"},
     "ucase":8},
    {"datain":{"T":"(3 9 (6 . 1))"},
     "output":{"T":"(1 9 (3 . 6))"},
     "ucase":9},
    {"datain":{"T":"(1 (0 . (9 3 .)) (2 . 6))"},
     "output":{"T":"(0 (1 . (3 9 .)) (2 . 6))"},
     "ucase":10},
    {"datain":{"T":"(3 (0 (4 . 1) .) (4 1 7))"},
     "output":{"T":"(0 (1 (3 . 4) .) (1 4 7))"},
     "ucase":11},
    {"datain":{"T":"(3 9 (6 3 3))"},
     "output":{"T":"(3 9 (3 6 3))"},
     "ucase":12},
    {"datain":{"T":"(4 (3 . 9) 5)"},
     "output":{"T":"(3 (4 . 9) 5)"},
     "ucase":13},
    {"datain":{"T":"(6 (5 (7 . 7) .) 0)"},
     "output":{"T":"(0 (5 (7 . 7) .) 6)"},
     "ucase":14},
    {"datain":{"T":"(8 (8 9 (6 . 0)) (8 2 9))"},
     "output":{"T":"(0 (6 9 (8 . 8)) (2 8 9))"},
     "ucase":15},
    {"datain":{"T":"(0 8 1)"},
     "output":{"T":"(0 8 1)"},
     "ucase":16},
    {"datain":{"T":"(2 (5 . 1) 6)"},
     "output":{"T":"(1 (2 . 5) 6)"},
     "ucase":17},
    {"datain":{"T":"(9 (0 . (2 . 2)) 5)"},
     "output":{"T":"(0 (2 . (2 . 9)) 5)"},
     "ucase":18},
    {"datain":{"T":"(5 (7 . 4) 1)"},
     "output":{"T":"(1 (4 . 7) 5)"},
     "ucase":19},
    {"datain":{"T":"(0 7 9)"},
     "output":{"T":"(0 7 9)"},
     "ucase":20},
    {"datain":{"T":"(5 (5 . 5) (4 9 (0 . 7)))"},
     "output":{"T":"(0 (5 . 5) (4 9 (5 . 7)))"},
     "ucase":21},
    {"datain":{"T":"(6 3 (4 5 (6 (6 0 .) .)))"},
     "output":{"T":"(0 3 (4 5 (6 (6 6 .) .)))"},
     "ucase":22},
    {"datain":{"T":"(3 6 7)"},
     "output":{"T":"(3 6 7)"},
     "ucase":23},
    {"datain":{"T":"(1 (1 (2 . 3) (4 5 .)) 2)"},
     "output":{"T":"(1 (1 (2 . 3) (4 5 .)) 2)"},
     "ucase":24},
    {"datain":{"T":"(1 4 (9 . 4))"},
     "output":{"T":"(1 4 (4 . 9))"},
     "ucase":25},
    {"datain":{"T":"(7 0 (5 0 (3 5 .)))"},
     "output":{"T":"(0 7 (0 5 (3 5 .)))"},
     "ucase":26},
    {"datain":{"T":"(8 1 4)"},
     "output":{"T":"(1 8 4)"},
     "ucase":27},
    {"datain":{"T":"(3 3 1)"},
     "output":{"T":"(1 3 3)"},
     "ucase":28},
    {"datain":{"T":"(7 5 5)"},
     "output":{"T":"(5 7 5)"},
     "ucase":29},
    {"datain":{"T":"(3 (1 (4 . 9) .) 3)"},
     "output":{"T":"(1 (3 (4 . 9) .) 3)"},
     "ucase":30},
    {"datain":{"T":"(2 5 (6 (3 . 7) .))"},
     "output":{"T":"(2 5 (3 (6 . 7) .))"},
     "ucase":31},
    {"datain":{"T":"(2 (4 (6 . 8) .) 8)"},
     "output":{"T":"(2 (4 (6 . 8) .) 8)"},
     "ucase":32},
    {"datain":{"T":"(8 (2 (9 0 .) .) (8 . 8))"},
     "output":{"T":"(0 (2 (8 9 .) .) (8 . 8))"},
     "ucase":33},
    {"datain":{"T":"(2 0 5)"},
     "output":{"T":"(0 2 5)"},
     "ucase":34},
    {"datain":{"T":"(7 (9 . 9) 9)"},
     "output":{"T":"(7 (9 . 9) 9)"},
     "ucase":35},
    {"datain":{"T":"(5 1 (4 3 (2 4 5)))"},
     "output":{"T":"(1 5 (2 3 (4 4 5)))"},
     "ucase":36},
    {"datain":{"T":"(0 3 (3 . 5))"},
     "output":{"T":"(0 3 (3 . 5))"},
     "ucase":37},
    {"datain":{"T":"(5 (9 . (2 . 4)) (4 5 8))"},
     "output":{"T":"(2 (4 . (5 . 9)) (4 5 8))"},
     "ucase":38},
    {"datain":{"T":"(0 5 (4 . 8))"},
     "output":{"T":"(0 5 (4 . 8))"},
     "ucase":39},
    {"datain":{"T":"(9 (4 2 .) 7)"},
     "output":{"T":"(2 (4 9 .) 7)"},
     "ucase":40},
    {"datain":{"T":"(8 1 9)"},
     "output":{"T":"(1 8 9)"},
     "ucase":41},
    {"datain":{"T":"(8 (5 (8 4 .) .) 3)"},
     "output":{"T":"(3 (4 (5 8 .) .) 8)"},
     "ucase":42},
    {"datain":{"T":"(6 (2 . 3) 2)"},
     "output":{"T":"(2 (3 . 6) 2)"},
     "ucase":43},
    {"datain":{"T":"(0 (9 . 6) 6)"},
     "output":{"T":"(0 (6 . 9) 6)"},
     "ucase":44},
    {"datain":{"T":"(7 (2 5 3) 6)"},
     "output":{"T":"(2 (3 5 7) 6)"},
     "ucase":45},
    {"datain":{"T":"(6 (0 (3 . (0 . (7 . 7))) .) (8 (0 4 .) .))"},
     "output":{"T":"(0 (0 (3 . (6 . (7 . 7))) .) (0 (4 8 .) .))"},
     "ucase":46},
    {"datain":{"T":"(1 0 (4 (0 6 .) .))"},
     "output":{"T":"(0 1 (0 (4 6 .) .))"},
     "ucase":47},
    {"datain":{"T":"(1 1 8)"},
     "output":{"T":"(1 1 8)"},
     "ucase":48},
    {"datain":{"T":"(3 (6 . (4 1 6)) (3 (6 (0 3 .) .) 4))"},
     "output":{"T":"(0 (1 . (4 6 6)) (3 (3 (3 6 .) .) 4))"},
     "ucase":49},
    {"datain":{"T":"(0 7 (2 . (1 8 .)))"},
     "output":{"T":"(0 7 (1 . (2 8 .)))"},
     "ucase":50},
    {"datain":{"T":"(6 (2 . 0) 7)"},
     "output":{"T":"(0 (2 . 6) 7)"},
     "ucase":51}]
