[
    {"datain":{"L":[5,3,16,11,2,1,6,13],"v":5},
     "output":{"R":[7,6,7,6]},
     "ucase":0},
    {"datain":{"L":[12,11,12,15,18,9,14],"v":5},
     "output":{"R":[13,13,13]},
     "ucase":1},
    {"datain":{"L":[1,3,14,15,5,11,6,9],"v":2},
     "output":{"R":[2,8,14,10,8,8,7]},
     "ucase":2},
    {"datain":{"L":[5,14,0,1,11,16,14,4,2,5,16,18,18],"v":5},
     "output":{"R":[6,8,8,9,9,8,8,9,11]},
     "ucase":3},
    {"datain":{"L":[10,12,15,15,0,9,19,8,6,3,14],"v":2},
     "output":{"R":[11,13,15,7,4,14,13,7,4,8]},
     "ucase":4},
    {"datain":{"L":[19,14,1,13,11,19,13,2],"v":3},
     "output":{"R":[11,9,8,14,14,11]},
     "ucase":5},
    {"datain":{"L":[15,14,0,3,6],"v":4},
     "output":{"R":[8,5]},
     "ucase":6},
    {"datain":{"L":[2,9,7,2,14,0],"v":6},
     "output":{"R":[5]},
     "ucase":7},
    {"datain":{"L":[18,8,1,4,6,18,6,3,19,9,14,6],"v":6},
     "output":{"R":[9,7,6,9,10,11,9]},
     "ucase":8},
    {"datain":{"L":[17,10,15,13,14,1,2,1,3,6,4,11,14],"v":6},
     "output":{"R":[11,9,7,5,4,2,4,6]},
     "ucase":9},
    {"datain":{"L":[4,11,16,13,4],"v":2},
     "output":{"R":[7,13,14,8]},
     "ucase":10},
    {"datain":{"L":[11,10,3,4,13,5,9,4,14,4],"v":6},
     "output":{"R":[7,7,6,8,8]},
     "ucase":11},
    {"datain":{"L":[8,1,13,11,19,0,8],"v":5},
     "output":{"R":[10,8,10]},
     "ucase":12},
    {"datain":{"L":[0,7,14,4,1,1,10,10,1,8],"v":3},
     "output":{"R":[7,8,6,2,4,7,7,6]},
     "ucase":13},
    {"datain":{"L":[19,5,19,2,6,10,12,16,0,5,1,12,15],"v":4},
     "output":{"R":[11,8,9,7,11,9,8,5,4,8]},
     "ucase":14},
    {"datain":{"L":[18,18,7,5,3,13,15,15,9,6],"v":5},
     "output":{"R":[10,9,8,10,11,11]},
     "ucase":15},
    {"datain":{"L":[6,10,19,13,6,4],"v":2},
     "output":{"R":[8,14,16,9,5]},
     "ucase":16},
    {"datain":{"L":[13,3,1,18,18,7,10],"v":6},
     "output":{"R":[10,9]},
     "ucase":17},
    {"datain":{"L":[13,2,12,10,13,16,9,9,9,4,18,7],"v":4},
     "output":{"R":[9,9,12,12,11,10,7,10,9]},
     "ucase":18},
    {"datain":{"L":[1,2,5,14,4,15,11,11,4],"v":4},
     "output":{"R":[5,6,9,11,10,10]},
     "ucase":19},
    {"datain":{"L":[0,15,14,15,7,0,11,11],"v":3},
     "output":{"R":[9,14,12,7,6,7]},
     "ucase":20},
    {"datain":{"L":[10,3,12,12,3,15,6],"v":5},
     "output":{"R":[8,9,9]},
     "ucase":21},
    {"datain":{"L":[14,16,3,0,18,11,11,8,10],"v":2},
     "output":{"R":[15,9,1,9,14,11,9,9]},
     "ucase":22},
    {"datain":{"L":[8,13,14,7,7,13],"v":5},
     "output":{"R":[9,10]},
     "ucase":23},
    {"datain":{"L":[19,14,15,13,15,3,4,19,16,10],"v":3},
     "output":{"R":[16,14,14,10,7,8,13,15]},
     "ucase":24},
    {"datain":{"L":[5,16,12,15,1,15,18,2],"v":3},
     "output":{"R":[11,14,9,10,11,11]},
     "ucase":25},
    {"datain":{"L":[7,10,15,10,14],"v":2},
     "output":{"R":[8,12,12,12]},
     "ucase":26},
    {"datain":{"L":[8,0,16,9,10,6,3,6,15,4,3,6],"v":6},
     "output":{"R":[8,7,8,8,7,6,6]},
     "ucase":27},
    {"datain":{"L":[6,11,14,17,11,11,15,1],"v":2},
     "output":{"R":[8,12,15,14,11,13,8]},
     "ucase":28},
    {"datain":{"L":[9,17,2,15,18,1,8,11,1,9,4,12,4],"v":4},
     "output":{"R":[10,13,9,10,9,5,7,6,6,7]},
     "ucase":29},
    {"datain":{"L":[16,7,1,15,15,15],"v":2},
     "output":{"R":[11,4,8,15,15]},
     "ucase":30},
    {"datain":{"L":[4,10,4,19,19,6,10],"v":2},
     "output":{"R":[7,7,11,19,12,8]},
     "ucase":31},
    {"datain":{"L":[15,15,10,3,14,13,19],"v":6},
     "output":{"R":[11,12]},
     "ucase":32},
    {"datain":{"L":[13,5,13,14,15,15,8,3,19,1],"v":2},
     "output":{"R":[9,9,13,14,15,11,5,11,10]},
     "ucase":33},
    {"datain":{"L":[17,0,18,2,3,2,2,17],"v":6},
     "output":{"R":[7,4,7]},
     "ucase":34},
    {"datain":{"L":[11,14,14,11,14,6,11,13],"v":3},
     "output":{"R":[13,13,13,10,10,10]},
     "ucase":35},
    {"datain":{"L":[12,11,11,18,0,10,6,16,0,14,14,2],"v":3},
     "output":{"R":[11,13,9,9,5,10,7,10,9,10]},
     "ucase":36},
    {"datain":{"L":[17,3,16,3,2,16,3],"v":4},
     "output":{"R":[9,6,9,6]},
     "ucase":37},
    {"datain":{"L":[7,15,13,17,11],"v":5},
     "output":{"R":[12]},
     "ucase":38},
    {"datain":{"L":[2,13,1,14,4,15],"v":2},
     "output":{"R":[7,7,7,9,9]},
     "ucase":39},
    {"datain":{"L":[2,17,16,7,17,14],"v":6},
     "output":{"R":[12]},
     "ucase":40},
    {"datain":{"L":[3,3,9,5,13,2,16,9,16],"v":5},
     "output":{"R":[6,6,9,9,11]},
     "ucase":41},
    {"datain":{"L":[10,15,14,19,3,15,16,7,14,4,0,6,11,2],"v":5},
     "output":{"R":[12,13,13,12,11,11,8,6,7,4]},
     "ucase":42},
    {"datain":{"L":[5,19,18,11,17,18],"v":4},
     "output":{"R":[13,16,16]},
     "ucase":43},
    {"datain":{"L":[3,15,14,16,16],"v":5},
     "output":{"R":[12]},
     "ucase":44},
    {"datain":{"L":[2,17,9,12,19,17,9],"v":2},
     "output":{"R":[9,13,10,15,18,13]},
     "ucase":45},
    {"datain":{"L":[2,0,8,5,16,4,17,0],"v":5},
     "output":{"R":[6,6,10,8]},
     "ucase":46},
    {"datain":{"L":[14,7,7,1,13,0,1],"v":5},
     "output":{"R":[8,5,4]},
     "ucase":47},
    {"datain":{"L":[7,18,19,5,14],"v":5},
     "output":{"R":[12]},
     "ucase":48},
    {"datain":{"L":[19,9,19,1,9,15,6,12,2,14,13],"v":4},
     "output":{"R":[12,9,11,7,10,8,8,10]},
     "ucase":49}
]
