[
    {"datain":{"G":"0->{0,2,3}, 2->{0}, 3->{0}","a":3,"b":3,"k":2},
     "output":{"ret":1},
     "ucase":0},
    {"datain":{"G":"0->{2}, 1->{1,2}, 2->{0,1,2}","a":2,"b":2,"k":1},
     "output":{"ret":1},
     "ucase":1},
    {"datain":{"G":"0->{2}, 1->{3,4}, 2->{0,2}, 3->{1}, 4->{1,4}","a":4,"b":0,"k":1},
     "output":{"ret":0},
     "ucase":2},
    {"datain":{"G":"0->{1,3}, 1->{0,2,3}, 2->{1,2,3}, 3->{0,1,2,3}","a":3,"b":2,"k":3},
     "output":{"ret":10},
     "ucase":3},
    {"datain":{"G":"1->{4}, 2->{4}, 4->{1,2}","a":2,"b":4,"k":0},
     "output":{"ret":0},
     "ucase":4},
    {"datain":{"G":"0->{1}, 1->{0,1,2}, 2->{1}","a":0,"b":2,"k":2},
     "output":{"ret":1},
     "ucase":5},
    {"datain":{"G":"0->{1,2}, 1->{0}, 2->{0}","a":1,"b":2,"k":0},
     "output":{"ret":0},
     "ucase":6},
    {"datain":{"G":"0->{2}, 1->{2}, 2->{0,1}","a":2,"b":1,"k":0},
     "output":{"ret":0},
     "ucase":7},
    {"datain":{"G":"1->{1,2}, 2->{1,3}, 3->{2}","a":2,"b":3,"k":0},
     "output":{"ret":0},
     "ucase":8},
    {"datain":{"G":"0->{0,3,4}, 3->{0}, 4->{0}","a":3,"b":4,"k":2},
     "output":{"ret":1},
     "ucase":9},
    {"datain":{"G":"1->{2}, 2->{1}","a":2,"b":1,"k":1},
     "output":{"ret":1},
     "ucase":10},
    {"datain":{"G":"0->{0,1,2,3}, 1->{0,3}, 2->{0,2}, 3->{0,1,3}","a":2,"b":1,"k":3},
     "output":{"ret":3},
     "ucase":11},
    {"datain":{"G":"0->{4}, 1->{2}, 2->{1,3}, 3->{2}, 4->{0,4}","a":0,"b":4,"k":3},
     "output":{"ret":2},
     "ucase":12},
    {"datain":{"G":"0->{1,2,3,4}, 1->{0}, 2->{0,4}, 3->{0,3}, 4->{0,2}","a":3,"b":2,"k":3},
     "output":{"ret":2},
     "ucase":13},
    {"datain":{"G":"0->{1}, 1->{0}","a":0,"b":1,"k":1},
     "output":{"ret":1},
     "ucase":14},
    {"datain":{"G":"0->{2}, 1->{2}, 2->{0,1,2}, 3->{3}","a":0,"b":2,"k":1},
     "output":{"ret":1},
     "ucase":15},
    {"datain":{"G":"0->{0,1}, 1->{0,3}, 2->{3,4}, 3->{1,2,3,4}, 4->{2,3}","a":0,"b":0,"k":3},
     "output":{"ret":3},
     "ucase":16},
    {"datain":{"G":"0->{2}, 1->{2}, 2->{0,1,2}","a":0,"b":0,"k":0},
     "output":{"ret":1},
     "ucase":17},
    {"datain":{"G":"0->{2}, 1->{1,2,3,4}, 2->{0,1,2,3,4}, 3->{1,2,4}, 4->{1,2,3}","a":3,"b":0,"k":2},
     "output":{"ret":1},
     "ucase":18},
    {"datain":{"G":"0->{0,2,3}, 2->{0,2,3}, 3->{0,2}","a":0,"b":2,"k":0},
     "output":{"ret":0},
     "ucase":19},
    {"datain":{"G":"1->{2}, 2->{1,2}","a":1,"b":2,"k":0},
     "output":{"ret":0},
     "ucase":20},
    {"datain":{"G":"0->{0,1,2}, 1->{0,1,2,3}, 2->{0,1,2}, 3->{1}","a":1,"b":3,"k":0},
     "output":{"ret":0},
     "ucase":21},
    {"datain":{"G":"0->{1,3}, 1->{0}, 2->{2,3,4}, 3->{0,2,4}, 4->{2,3}","a":3,"b":3,"k":3},
     "output":{"ret":3},
     "ucase":22},
    {"datain":{"G":"0->{4}, 1->{2,4}, 2->{1,4}, 3->{3,4}, 4->{0,1,2,3,4}","a":3,"b":4,"k":3},
     "output":{"ret":7},
     "ucase":23},
    {"datain":{"G":"0->{0,1,3}, 1->{0,1,2,3}, 2->{1,3}, 3->{0,1,2,3}","a":3,"b":1,"k":3},
     "output":{"ret":13},
     "ucase":24},
    {"datain":{"G":"0->{0,1,3}, 1->{0,2,3}, 2->{1,3}, 3->{0,1,2}","a":3,"b":1,"k":2},
     "output":{"ret":2},
     "ucase":25},
    {"datain":{"G":"0->{1}, 1->{0,1,2}, 2->{1}","a":2,"b":0,"k":0},
     "output":{"ret":0},
     "ucase":26},
    {"datain":{"G":"0->{1}, 1->{0,3}, 3->{1}","a":1,"b":1,"k":1},
     "output":{"ret":0},
     "ucase":27},
    {"datain":{"G":"0->{1,3}, 1->{0}, 2->{3,4}, 3->{0,2}, 4->{2}","a":0,"b":3,"k":2},
     "output":{"ret":0},
     "ucase":28},
    {"datain":{"G":"1->{3}, 2->{3}, 3->{1,2}","a":3,"b":2,"k":2},
     "output":{"ret":0},
     "ucase":29},
    {"datain":{"G":"0->{0,3}, 2->{3}, 3->{0,2,3}","a":3,"b":2,"k":1},
     "output":{"ret":1},
     "ucase":30},
    {"datain":{"G":"0->{0,2,3}, 1->{2,3}, 2->{0,1,2,3}, 3->{0,1,2}","a":0,"b":0,"k":1},
     "output":{"ret":1},
     "ucase":31},
    {"datain":{"G":"0->{1}, 1->{0,1,3}, 3->{1,4}, 4->{3}","a":4,"b":3,"k":0},
     "output":{"ret":0},
     "ucase":32},
    {"datain":{"G":"0->{2,3}, 1->{2}, 2->{0,1}, 3->{0,3}","a":3,"b":0,"k":2},
     "output":{"ret":1},
     "ucase":33},
    {"datain":{"G":"0->{0,1,2}, 1->{0}, 2->{0,2}","a":2,"b":1,"k":0},
     "output":{"ret":0},
     "ucase":34},
    {"datain":{"G":"0->{2,4}, 1->{4}, 2->{0,4}, 4->{0,1,2}","a":4,"b":1,"k":2},
     "output":{"ret":0},
     "ucase":35},
    {"datain":{"G":"0->{3}, 1->{2,3}, 2->{1,2,3}, 3->{0,1,2,3}","a":0,"b":0,"k":2},
     "output":{"ret":1},
     "ucase":36},
    {"datain":{"G":"0->{0,3}, 3->{0}","a":0,"b":3,"k":0},
     "output":{"ret":0},
     "ucase":37},
    {"datain":{"G":"0->{1}, 1->{0,1,2}, 2->{1}","a":2,"b":0,"k":1},
     "output":{"ret":0},
     "ucase":38},
    {"datain":{"G":"0->{2,3,4}, 2->{0,3}, 3->{0,2,3}, 4->{0}","a":0,"b":4,"k":0},
     "output":{"ret":0},
     "ucase":39},
    {"datain":{"G":"0->{0,1}, 1->{0,1,2}, 2->{1}","a":1,"b":2,"k":2},
     "output":{"ret":1},
     "ucase":40},
    {"datain":{"G":"0->{1}, 1->{0,2}, 2->{1,2}","a":2,"b":0,"k":2},
     "output":{"ret":1},
     "ucase":41},
    {"datain":{"G":"0->{2}, 1->{2,3,4}, 2->{0,1}, 3->{1}, 4->{1}","a":1,"b":3,"k":1},
     "output":{"ret":1},
     "ucase":42},
    {"datain":{"G":"0->{1}, 1->{0,2}, 2->{1}","a":0,"b":0,"k":1},
     "output":{"ret":0},
     "ucase":43},
    {"datain":{"G":"0->{0,2,3}, 2->{0,2}, 3->{0,3}","a":2,"b":3,"k":0},
     "output":{"ret":0},
     "ucase":44},
    {"datain":{"G":"0->{4}, 3->{4}, 4->{0,3,4}","a":3,"b":0,"k":0},
     "output":{"ret":0},
     "ucase":45},
    {"datain":{"G":"0->{0,1}, 1->{0}","a":0,"b":1,"k":0},
     "output":{"ret":0},
     "ucase":46},
    {"datain":{"G":"0->{1,4}, 1->{0}, 4->{0,4}","a":1,"b":1,"k":0},
     "output":{"ret":1},
     "ucase":47},
    {"datain":{"G":"0->{1}, 1->{0,1,2,3}, 2->{1,2}, 3->{1}","a":0,"b":0,"k":3},
     "output":{"ret":1},
     "ucase":48},
    {"datain":{"G":"0->{0,1}, 1->{0,1,4}, 2->{3}, 3->{2}, 4->{1}","a":3,"b":0,"k":4},
     "output":{"ret":0},
     "ucase":49}
]
