[
    {"datain":{"S":[-5,-2,-1,1,2,4],"k":2},
     "output":{"ret":5},
     "ucase":0},
    {"datain":{"S":[-5,2,4],"k":1},
     "output":{"ret":1},
     "ucase":1},
    {"datain":{"S":[-3,0,1,4],"k":-4},
     "output":{"ret":0},
     "ucase":2},
    {"datain":{"S":[-1,3,4],"k":4},
     "output":{"ret":1},
     "ucase":3},
    {"datain":{"S":[-5,-4,-1,5],"k":5},
     "output":{"ret":1},
     "ucase":4},
    {"datain":{"S":[-5,2,3,4],"k":0},
     "output":{"ret":2},
     "ucase":5},
    {"datain":{"S":[-3,4],"k":-4},
     "output":{"ret":0},
     "ucase":6},
    {"datain":{"S":[-5,-1,1,2,3],"k":3},
     "output":{"ret":3},
     "ucase":7},
    {"datain":{"S":[-4,-3,3],"k":-1},
     "output":{"ret":1},
     "ucase":8},
    {"datain":{"S":[-4,-3,-1,2],"k":-6},
     "output":{"ret":1},
     "ucase":9},
    {"datain":{"S":[-5,-4,0,2],"k":-9},
     "output":{"ret":2},
     "ucase":10},
    {"datain":{"S":[-2,0],"k":-6},
     "output":{"ret":0},
     "ucase":11},
    {"datain":{"S":[-5,-3,2,3,4],"k":-6},
     "output":{"ret":1},
     "ucase":12},
    {"datain":{"S":[1,5],"k":2},
     "output":{"ret":0},
     "ucase":13},
    {"datain":{"S":[-5,0,2,4],"k":6},
     "output":{"ret":2},
     "ucase":14},
    {"datain":{"S":[-5,-4,-2,0,1,2],"k":-4},
     "output":{"ret":8},
     "ucase":15},
    {"datain":{"S":[-5,-3,-1,1,4,5],"k":-2},
     "output":{"ret":3},
     "ucase":16},
    {"datain":{"S":[-4,0,3],"k":8},
     "output":{"ret":0},
     "ucase":17},
    {"datain":{"S":[1,4,5],"k":8},
     "output":{"ret":0},
     "ucase":18},
    {"datain":{"S":[0,1,5],"k":3},
     "output":{"ret":0},
     "ucase":19},
    {"datain":{"S":[0,1,3],"k":6},
     "output":{"ret":0},
     "ucase":20},
    {"datain":{"S":[-3,-2,4],"k":-10},
     "output":{"ret":0},
     "ucase":21},
    {"datain":{"S":[-5,-4,-1,2,4,5],"k":-6},
     "output":{"ret":2},
     "ucase":22},
    {"datain":{"S":[0,2,5],"k":5},
     "output":{"ret":2},
     "ucase":23},
    {"datain":{"S":[2,3,4],"k":9},
     "output":{"ret":1},
     "ucase":24},
    {"datain":{"S":[3,4],"k":9},
     "output":{"ret":0},
     "ucase":25},
    {"datain":{"S":[-1,0,2,3],"k":5},
     "output":{"ret":2},
     "ucase":26},
    {"datain":{"S":[-4,-3,2,3],"k":-1},
     "output":{"ret":2},
     "ucase":27},
    {"datain":{"S":[-4,-2,-1,1,5],"k":-8},
     "output":{"ret":0},
     "ucase":28},
    {"datain":{"S":[-5,-4,0,2,3],"k":-7},
     "output":{"ret":2},
     "ucase":29},
    {"datain":{"S":[-5,-4,-3,-1,0,1],"k":-4},
     "output":{"ret":8},
     "ucase":30},
    {"datain":{"S":[-5,1,2,3],"k":-2},
     "output":{"ret":2},
     "ucase":31},
    {"datain":{"S":[-2,4],"k":4},
     "output":{"ret":1},
     "ucase":32},
    {"datain":{"S":[-4,-3,-1,3,4],"k":0},
     "output":{"ret":5},
     "ucase":33},
    {"datain":{"S":[-5,-2,4],"k":-1},
     "output":{"ret":1},
     "ucase":34},
    {"datain":{"S":[2,5],"k":4},
     "output":{"ret":0},
     "ucase":35},
    {"datain":{"S":[-2,-1,1],"k":-6},
     "output":{"ret":0},
     "ucase":36},
    {"datain":{"S":[-5,-1,2,3,5],"k":6},
     "output":{"ret":1},
     "ucase":37},
    {"datain":{"S":[-3,1,5],"k":2},
     "output":{"ret":1},
     "ucase":38},
    {"datain":{"S":[-2,1,3],"k":7},
     "output":{"ret":0},
     "ucase":39},
    {"datain":{"S":[-5,-4,-3,-2,3],"k":-7},
     "output":{"ret":3},
     "ucase":40},
    {"datain":{"S":[-2,0,3],"k":1},
     "output":{"ret":2},
     "ucase":41},
    {"datain":{"S":[-5,-2,4],"k":-11},
     "output":{"ret":0},
     "ucase":42},
    {"datain":{"S":[1,2,4],"k":14},
     "output":{"ret":0},
     "ucase":43},
    {"datain":{"S":[-5,1,2,4,5],"k":9},
     "output":{"ret":1},
     "ucase":44},
    {"datain":{"S":[-1,0,4,5],"k":8},
     "output":{"ret":2},
     "ucase":45},
    {"datain":{"S":[-4,-2,3,5],"k":8},
     "output":{"ret":1},
     "ucase":46},
    {"datain":{"S":[-4,-2,0,5],"k":0},
     "output":{"ret":2},
     "ucase":47},
    {"datain":{"S":[-4,-2,1,4],"k":3},
     "output":{"ret":1},
     "ucase":48},
    {"datain":{"S":[-5,3],"k":0},
     "output":{"ret":1},
     "ucase":49}
]
