[
    {"datain":{"expresion":"{x*[(234+456)*990]+5}+[x*(0+5)]+{{9+x[]()}*8}"},
     "output":{"retval":true},
     "ucase":0},
    {"datain":{"expresion":"{{23-45}/({76+(89+71)]-{(89+71)-54})}"},
     "output":{"retval":false},
     "ucase":1},
    {"datain":{"expresion":"[(([68/91]-{(90/81)*15})+37)*24]"},
     "output":{"retval":true},
     "ucase":2},
    {"datain":{"expresion":"[37-([88/{12-[84*58]}]/{12-[84*58]}*66))]"},
     "output":{"retval":false},
     "ucase":3},
    {"datain":{"expresion":"([82*(7+73)]-{[(7+73)*38]/{50/26}})"},
     "output":{"retval":true},
     "ucase":4},
    {"datain":{"expresion":"{{(98+38)-[61-92]}/{38*90}}"},
     "output":{"retval":true},
     "ucase":5},
    {"datain":{"expresion":"(3-{](53/19)-10]/(46+93)})"},
     "output":{"retval":false},
     "ucase":6},
    {"datain":{"expresion":")({86+92)*[[24-20]-(58/34)])+32)"},
     "output":{"retval":false},
     "ucase":7},
    {"datain":{"expresion":"[53/[52+(98/52)]]"},
     "output":{"retval":true},
     "ucase":8},
    {"datain":{"expresion":"[{{[96*70]-[60-43]}-70}-{(59-{21*43})-85}]"},
     "output":{"retval":true},
     "ucase":9},
    {"datain":{"expresion":"{{76-[21-76]}+[82/{68*21}]}"},
     "output":{"retval":true},
     "ucase":10},
    {"datain":{"expresion":"{10/)96-92)}"},
     "output":{"retval":false},
     "ucase":11},
    {"datain":{"expresion":"[28*{48/44}]"},
     "output":{"retval":true},
     "ucase":12},
    {"datain":{"expresion":"([41+4]-[17*[4+67]])"},
     "output":{"retval":true},
     "ucase":13},
    {"datain":{"expresion":"(49-{33*49})"},
     "output":{"retval":true},
     "ucase":14},
    {"datain":{"expresion":"([15+{35+22}]/{35+22})"},
     "output":{"retval":true},
     "ucase":15},
    {"datain":{"expresion":"[({(36+98)/15}/[60*([[51+23]*36]/34))/23]"},
     "output":{"retval":false},
     "ucase":16},
    {"datain":{"expresion":"{((85+([88/46[+43)+10)-([79/(85+([88/46[+43)]-14)}"},
     "output":{"retval":false},
     "ucase":17},
    {"datain":{"expresion":"(72-(({22*{{62*38-25]]/96}}/80)/89))"},
     "output":{"retval":false},
     "ucase":18},
    {"datain":{"expresion":"((32/44-60)"},
     "output":{"retval":false},
     "ucase":19},
    {"datain":{"expresion":"{99+(31+24(}"},
     "output":{"retval":false},
     "ucase":20},
    {"datain":{"expresion":"[[65*47]/(47-90)]"},
     "output":{"retval":true},
     "ucase":21},
    {"datain":{"expresion":"({3/44}/[23*32])"},
     "output":{"retval":true},
     "ucase":22},
    {"datain":{"expresion":"[([(6*{32+4])-39]*82)*{32+4]]"},
     "output":{"retval":false},
     "ucase":23},
    {"datain":{"expresion":"{59*{12+([(3+33)*[30/3]]-57)}"},
     "output":{"retval":false},
     "ucase":24},
    {"datain":{"expresion":"(((87-{[51/62]/[6*64]})+51)*[62+87])"},
     "output":{"retval":true},
     "ucase":25},
    {"datain":{"expresion":"[79/[78-45]]"},
     "output":{"retval":true},
     "ucase":26},
    {"datain":{"expresion":"96+{56*{94/[71*(78-71)]}})"},
     "output":{"retval":false},
     "ucase":27},
    {"datain":{"expresion":"(]28*46]-[70*]28*46]])"},
     "output":{"retval":false},
     "ucase":28},
    {"datain":{"expresion":"{[(11*65)*79]-5}"},
     "output":{"retval":true},
     "ucase":29},
    {"datain":{"expresion":"[84+[{49*84]+(0+84)]]"},
     "output":{"retval":false},
     "ucase":30},
    {"datain":{"expresion":"(44+[48+59])"},
     "output":{"retval":true},
     "ucase":31},
    {"datain":{"expresion":"{}(55*92)+[37+55]}+26}"},
     "output":{"retval":false},
     "ucase":32},
    {"datain":{"expresion":"(([{62+97}*{2*80}]/[50+48]/80])/{2*80})"},
     "output":{"retval":false},
     "ucase":33},
    {"datain":{"expresion":"{49*[44/41]}"},
     "output":{"retval":true},
     "ucase":34},
    {"datain":{"expresion":"([84-90]/(90/[84-90]))"},
     "output":{"retval":true},
     "ucase":35},
    {"datain":{"expresion":"(84+{({13+15}*30)+63})"},
     "output":{"retval":true},
     "ucase":36},
    {"datain":{"expresion":"[7*{[31/81]-[{37/5}-66]}]"},
     "output":{"retval":true},
     "ucase":37},
    {"datain":{"expresion":"((84-(85+93))/[53+69])"},
     "output":{"retval":true},
     "ucase":38},
    {"datain":{"expresion":"[42-77]/(([10-)69+98)]/98)-[62+49])}"},
     "output":{"retval":false},
     "ucase":39},
    {"datain":{"expresion":"{}70+12}/[4/}70+12}]}"},
     "output":{"retval":false},
     "ucase":40},
    {"datain":{"expresion":"((88+75)/21)*29)"},
     "output":{"retval":false},
     "ucase":41},
    {"datain":{"expresion":"((20+96)*[{67+80]+82}/80])"},
     "output":{"retval":false},
     "ucase":42},
    {"datain":{"expresion":"{[36/5]-[[64/64]*[36/5]]}"},
     "output":{"retval":true},
     "ucase":43},
    {"datain":{"expresion":"{{39/85}-[82*[({20/48}+70-[85*76]]]}"},
     "output":{"retval":false},
     "ucase":44},
    {"datain":{"expresion":"({(5-7)*91}/{{7+64}/5})"},
     "output":{"retval":true},
     "ucase":45},
    {"datain":{"expresion":"{59*5+59)}"},
     "output":{"retval":false},
     "ucase":46},
    {"datain":{"expresion":"{57*{58/75}}"},
     "output":{"retval":true},
     "ucase":47},
    {"datain":{"expresion":"[[28+28]-[(74+56)+66]]"},
     "output":{"retval":true},
     "ucase":48},
    {"datain":{"expresion":"([71/1]*87)"},
     "output":{"retval":true},
     "ucase":49},
    {"datain":{"expresion":"[(4/{{}0-40}+)98+7)]-72})*7]"},
     "output":{"retval":false},
     "ucase":50}
]
