[
    {"datain":{"VQ":[[1,3,5,6],[0,3,5,8],[6,9,10]]},
     "output":{"Q":[0,1,3,3,5,5,6,6,8,9,10]},
     "ucase":0},
    {"datain":{"VQ":[[3,5,6,9,9],[1,1,2,4,4],[1,3,6,8,9],[0,3,5,8,9],[0,0,2,3,4]]},
     "output":{"Q":[0,0,0,1,1,1,2,2,3,3,3,3,4,4,4,5,5,6,6,8,8,9,9,9,9]},
     "ucase":1},
    {"datain":{"VQ":[[4,4,4,8],[0,6,7,8],[2,5,7,9],[2,2,5,9]]},
     "output":{"Q":[0,2,2,2,4,4,4,5,5,6,7,7,8,8,9,9]},
     "ucase":2},
    {"datain":{"VQ":[[4,7,8],[2,2,8],[3,4,5]]},
     "output":{"Q":[2,2,3,4,4,5,7,8,8]},
     "ucase":3},
    {"datain":{"VQ":[[2,2,9],[1,7,8],[1,5,8]]},
     "output":{"Q":[1,1,2,2,5,7,8,8,9]},
     "ucase":4},
    {"datain":{"VQ":[[6,8,9],[2,5,9],[4,4,9]]},
     "output":{"Q":[2,4,4,5,6,8,9,9,9]},
     "ucase":5},
    {"datain":{"VQ":[[3,3,4,7,8],[0,0,3,3,8],[0,6,6,7,7],[0,2,3,4,7],[0,5,6,7,9]]},
     "output":{"Q":[0,0,0,0,0,2,3,3,3,3,3,4,4,5,6,6,6,7,7,7,7,7,8,8,9]},
     "ucase":6},
    {"datain":{"VQ":[[1,9,9],[0,6,7],[1,7,9]]},
     "output":{"Q":[0,1,1,6,7,7,9,9,9]},
     "ucase":7},
    {"datain":{"VQ":[[1,3,8],[0,7,9],[4,4,8]]},
     "output":{"Q":[0,1,3,4,4,7,8,8,9]},
     "ucase":8},
    {"datain":{"VQ":[[3,7,8,8,9],[3,4,7,9,9],[3,4,7,8,9],[2,2,2,3,9],[1,2,9,9,9]]},
     "output":{"Q":[1,2,2,2,2,3,3,3,3,4,4,7,7,7,8,8,8,9,9,9,9,9,9,9,9]},
     "ucase":9},
    {"datain":{"VQ":[[1,5,5,6,7],[2,2,4,6,7],[2,4,8,9,9],[0,0,1,7,8],[0,0,4,5,8]]},
     "output":{"Q":[0,0,0,0,1,1,2,2,2,4,4,4,5,5,5,6,6,7,7,7,8,8,8,9,9]},
     "ucase":10},
    {"datain":{"VQ":[[1,5,7,7],[3,3,6,8],[2,4,8,9],[1,1,4,6]]},
     "output":{"Q":[1,1,1,2,3,3,4,4,5,6,6,7,7,8,8,9]},
     "ucase":11},
    {"datain":{"VQ":[[0,0,4,6,7],[1,5,7,9,9],[0,3,7,8,9],[1,3,3,5,9],[3,3,5,6,6]]},
     "output":{"Q":[0,0,0,1,1,3,3,3,3,3,4,5,5,5,6,6,6,7,7,7,8,9,9,9,9]},
     "ucase":12},
    {"datain":{"VQ":[[0,1,3,4],[3,4,8,9],[0,3,5,7],[4,4,8,9]]},
     "output":{"Q":[0,0,1,3,3,3,4,4,4,4,5,7,8,8,9,9]},
     "ucase":13},
    {"datain":{"VQ":[[4,5,5,5,7],[0,0,0,9,9],[1,2,3,5,7],[0,0,1,4,5],[2,2,3,6,8]]},
     "output":{"Q":[0,0,0,0,0,1,1,2,2,2,3,3,4,4,5,5,5,5,5,6,7,7,8,9,9]},
     "ucase":14},
    {"datain":{"VQ":[[1,2,6,7,9],[0,2,4,9,9],[0,3,5,7,8],[2,3,5,9,9],[1,2,3,7,7]]},
     "output":{"Q":[0,0,1,1,2,2,2,2,3,3,3,4,5,5,6,7,7,7,7,8,9,9,9,9,9]},
     "ucase":15},
    {"datain":{"VQ":[[0,2,7,7,9],[0,0,3,8,9],[0,1,3,5,8],[2,2,5,7,7],[0,6,7,8,9]]},
     "output":{"Q":[0,0,0,0,0,1,2,2,2,3,3,5,5,6,7,7,7,7,7,8,8,8,9,9,9]},
     "ucase":16},
    {"datain":{"VQ":[[2,5,7,8,8],[0,5,7,9,9],[1,5,8,9,9],[3,5,5,7,7],[0,3,6,7,8]]},
     "output":{"Q":[0,0,1,2,3,3,5,5,5,5,5,6,7,7,7,7,7,8,8,8,8,9,9,9,9]},
     "ucase":17},
    {"datain":{"VQ":[[0,8,8,9],[0,2,6,8],[7,8,8,9],[1,5,9,9]]},
     "output":{"Q":[0,0,1,2,5,6,7,8,8,8,8,8,9,9,9,9]},
     "ucase":18},
    {"datain":{"VQ":[[1,2,7,8],[0,1,3,4],[0,2,3,7],[0,0,4,6]]},
     "output":{"Q":[0,0,0,0,1,1,2,2,3,3,4,4,6,7,7,8]},
     "ucase":19},
    {"datain":{"VQ":[[0,4,7,9],[3,3,5,8],[0,1,5,8],[0,1,1,9]]},
     "output":{"Q":[0,0,0,1,1,1,3,3,4,5,5,7,8,8,9,9]},
     "ucase":20},
    {"datain":{"VQ":[[3,4,4,6],[4,5,6,6],[1,1,7,9],[4,5,7,7]]},
     "output":{"Q":[1,1,3,4,4,4,4,5,5,6,6,6,7,7,7,9]},
     "ucase":21},
    {"datain":{"VQ":[[0,5,8,9],[1,6,6,8],[3,4,9,9],[0,3,8,9]]},
     "output":{"Q":[0,0,1,3,3,4,5,6,6,8,8,8,9,9,9,9]},
     "ucase":22},
    {"datain":{"VQ":[[0,2,3,3,4],[2,5,5,7,9],[1,3,4,5,6],[0,1,5,5,9],[0,4,5,5,8]]},
     "output":{"Q":[0,0,0,1,1,2,2,3,3,3,4,4,4,5,5,5,5,5,5,5,6,7,8,9,9]},
     "ucase":23},
    {"datain":{"VQ":[[1,3,4,7,7],[1,5,6,6,8],[0,0,4,4,8],[0,1,3,5,6],[2,3,4,8,8]]},
     "output":{"Q":[0,0,0,1,1,1,2,3,3,3,4,4,4,4,5,5,6,6,6,7,7,8,8,8,8]},
     "ucase":24},
    {"datain":{"VQ":[[0,2,5,7,8],[0,3,4,5,9],[0,2,5,9,9],[0,1,2,5,9],[1,2,3,4,9]]},
     "output":{"Q":[0,0,0,0,1,1,2,2,2,2,3,3,4,4,5,5,5,5,7,8,9,9,9,9,9]},
     "ucase":25},
    {"datain":{"VQ":[[1,5,6],[1,3,6],[0,4,6]]},
     "output":{"Q":[0,1,1,3,4,5,6,6,6]},
     "ucase":26},
    {"datain":{"VQ":[[0,2,3,7],[0,1,5,5],[0,1,4,9],[0,2,5,7]]},
     "output":{"Q":[0,0,0,0,1,1,2,2,3,4,5,5,5,7,7,9]},
     "ucase":27},
    {"datain":{"VQ":[[1,2,4,7,7],[0,2,4,6,7],[3,5,6,6,7],[0,1,2,6,9],[0,3,6,6,8]]},
     "output":{"Q":[0,0,0,1,1,2,2,2,3,3,4,4,5,6,6,6,6,6,6,7,7,7,7,8,9]},
     "ucase":28},
    {"datain":{"VQ":[[1,2,4,9],[2,3,3,4],[2,7,8,8],[2,5,6,7]]},
     "output":{"Q":[1,2,2,2,2,3,3,4,4,5,6,7,7,8,8,9]},
     "ucase":29},
    {"datain":{"VQ":[[0,0,5,5,6],[0,6,7,8,9],[4,4,5,7,9],[3,4,4,8,9],[0,1,2,6,6]]},
     "output":{"Q":[0,0,0,0,1,2,3,4,4,4,4,5,5,5,6,6,6,6,7,7,8,8,9,9,9]},
     "ucase":30},
    {"datain":{"VQ":[[5,9,9],[1,4,5],[1,2,3]]},
     "output":{"Q":[1,1,2,3,4,5,5,9,9]},
     "ucase":31},
    {"datain":{"VQ":[[2,6,7,8],[1,1,6,7],[1,8,8,8],[1,1,5,7]]},
     "output":{"Q":[1,1,1,1,1,2,5,6,6,7,7,7,8,8,8,8]},
     "ucase":32},
    {"datain":{"VQ":[[3,6,9],[5,8,9],[0,2,5]]},
     "output":{"Q":[0,2,3,5,5,6,8,9,9]},
     "ucase":33},
    {"datain":{"VQ":[[1,2,4,6,9],[0,0,1,6,9],[1,1,2,2,5],[0,0,3,5,5],[0,0,5,6,7]]},
     "output":{"Q":[0,0,0,0,0,0,1,1,1,1,2,2,2,3,4,5,5,5,5,6,6,6,7,9,9]},
     "ucase":34},
    {"datain":{"VQ":[[0,1,1,3,9],[0,1,3,6,9],[0,3,3,8,9],[0,2,6,6,9],[2,3,3,7,7]]},
     "output":{"Q":[0,0,0,0,1,1,1,2,2,3,3,3,3,3,3,6,6,6,7,7,8,9,9,9,9]},
     "ucase":35},
    {"datain":{"VQ":[[3,5,5,7],[0,2,4,5],[2,4,7,8],[0,0,1,6]]},
     "output":{"Q":[0,0,0,1,2,2,3,4,4,5,5,5,6,7,7,8]},
     "ucase":36},
    {"datain":{"VQ":[[4,5,8,9,9],[0,0,1,3,8],[2,5,5,7,8],[1,2,2,3,8],[0,0,3,6,9]]},
     "output":{"Q":[0,0,0,0,1,1,2,2,2,3,3,3,4,5,5,5,6,7,8,8,8,8,9,9,9]},
     "ucase":37},
    {"datain":{"VQ":[[3,6,9],[1,4,5],[0,0,8]]},
     "output":{"Q":[0,0,1,3,4,5,6,8,9]},
     "ucase":38},
    {"datain":{"VQ":[[2,5,7,7,9],[0,4,4,8,8],[3,3,5,6,7],[0,1,4,7,9],[6,6,8,9,9]]},
     "output":{"Q":[0,0,1,2,3,3,4,4,4,5,5,6,6,6,7,7,7,7,8,8,8,9,9,9,9]},
     "ucase":39},
    {"datain":{"VQ":[[1,6,7,8],[1,2,4,4],[0,1,2,4],[2,5,5,6]]},
     "output":{"Q":[0,1,1,1,2,2,2,4,4,4,5,5,6,6,7,8]},
     "ucase":40},
    {"datain":{"VQ":[[3,7,7,9],[1,2,4,6],[2,3,7,8],[0,1,7,8]]},
     "output":{"Q":[0,1,1,2,2,3,3,4,6,7,7,7,7,8,8,9]},
     "ucase":41},
    {"datain":{"VQ":[[0,1,7,9],[6,6,6,7],[2,3,5,8],[1,3,3,9]]},
     "output":{"Q":[0,1,1,2,3,3,3,5,6,6,6,7,7,8,9,9]},
     "ucase":42},
    {"datain":{"VQ":[[5,8,9],[2,2,3],[0,4,7]]},
     "output":{"Q":[0,2,2,3,4,5,7,8,9]},
     "ucase":43},
    {"datain":{"VQ":[[0,1,4,8,9],[0,2,3,3,7],[0,2,2,6,8],[0,1,4,6,9],[0,1,6,7,8]]},
     "output":{"Q":[0,0,0,0,0,1,1,1,2,2,2,3,3,4,4,6,6,6,7,7,8,8,8,9,9]},
     "ucase":44},
    {"datain":{"VQ":[[3,5,7],[0,6,7],[2,5,8]]},
     "output":{"Q":[0,2,3,5,5,6,7,7,8]},
     "ucase":45},
    {"datain":{"VQ":[[2,5,5,7,8],[0,6,9,9,9],[1,5,6,6,8],[1,1,2,5,6],[3,4,5,9,9]]},
     "output":{"Q":[0,1,1,1,2,2,3,4,5,5,5,5,5,6,6,6,6,7,8,8,9,9,9,9,9]},
     "ucase":46},
    {"datain":{"VQ":[[3,4,7,8],[1,4,5,5],[1,2,3,8],[1,2,4,7]]},
     "output":{"Q":[1,1,1,2,2,3,3,4,4,4,5,5,7,7,8,8]},
     "ucase":47},
    {"datain":{"VQ":[[2,6,6,6],[3,3,4,7],[3,4,5,7],[1,3,5,7]]},
     "output":{"Q":[1,2,3,3,3,3,4,4,5,5,6,6,6,7,7,7]},
     "ucase":48},
    {"datain":{"VQ":[[0,2,5,5],[1,6,8,9],[0,0,0,3],[0,0,2,5]]},
     "output":{"Q":[0,0,0,0,0,0,1,2,2,3,5,5,5,6,8,9]},
     "ucase":49},
    {"datain":{"VQ":[[4,6,9,9],[1,2,4,8],[2,3,5,8],[4,7,7,9]]},
     "output":{"Q":[1,2,2,3,4,4,4,5,6,7,7,8,8,9,9,9]},
     "ucase":50}]
