[
    {"datain":{"L":[[2,1,5],[2,2,5],[1,2,5]]},
     "output":{"Lout":[[2,1,5],[1,2,5]]},
     "ucase":0},
    {"datain":{"L":[[5,4,5],[2,5,2],[2,3,5],[2,5,2],[4,4,1],[4,4,5],[1,1,1],[5,3,4],[4,3,5],[2,1,5]]},
     "output":{"Lout":[[1,1,1]]},
     "ucase":1},
    {"datain":{"L":[[4,4],[3,2],[3,1],[1,1],[2,4],[4,2],[2,4],[3,3],[3,3]]},
     "output":{"Lout":[[1,1]]},
     "ucase":2},
    {"datain":{"L":[[2,5],[5,1],[5,2],[4,2],[2,2],[2,5],[4,5],[4,3],[2,1],[5,2]]},
     "output":{"Lout":[[2,1]]},
     "ucase":3},
    {"datain":{"L":[[1,4,2],[2,2,4],[6,5,5],[3,6,6],[6,2,2],[3,5,2],[6,1,5],[4,6,4],[5,2,6],[4,6,5],[3,5,3],[2,5,5]]},
     "output":{"Lout":[[1,4,2],[2,2,4],[6,2,2],[6,1,5]]},
     "ucase":4},
    {"datain":{"L":[[4,4,1],[3,4,1],[2,4,3],[4,2,4],[1,1,2],[1,4,2],[4,3,2],[2,1,3]]},
     "output":{"Lout":[[3,4,1],[1,1,2]]},
     "ucase":5},
    {"datain":{"L":[[3,3,3],[1,2,3],[3,3,1],[3,3,2],[3,1,3],[1,1,3],[3,1,2]]},
     "output":{"Lout":[[3,3,1],[1,1,3],[3,1,2]]},
     "ucase":6},
    {"datain":{"L":[[1,3,3],[1,4,4],[1,3,1],[1,3,4],[2,2,1],[3,2,2],[4,2,3],[2,2,4]]},
     "output":{"Lout":[[1,3,1],[2,2,1]]},
     "ucase":7},
    {"datain":{"L":[[2,1,4],[4,3,3],[2,4,5],[2,2,4],[1,1,4],[5,1,5],[3,2,5],[5,2,3],[3,1,2],[5,4,1]]},
     "output":{"Lout":[[1,1,4],[3,1,2],[5,4,1]]},
     "ucase":8},
    {"datain":{"L":[[3,5,2],[2,1,1],[5,2,4],[1,2,5],[3,5,4],[1,3,2],[2,1,3],[5,3,5],[2,5,5],[4,2,1],[3,3,5]]},
     "output":{"Lout":[[2,1,1],[1,2,5],[1,3,2]]},
     "ucase":9},
    {"datain":{"L":[[1,1,1],[3,3,3],[1,3,3],[3,3,2],[2,3,1],[2,2,3],[1,1,3]]},
     "output":{"Lout":[[1,1,1]]},
     "ucase":10},
    {"datain":{"L":[[2,2],[3,3],[3,1],[1,3],[4,3],[1,2],[1,4],[1,1],[2,4]]},
     "output":{"Lout":[[1,1]]},
     "ucase":11},
    {"datain":{"L":[[3,7,7],[3,5,3],[6,3,7],[1,7,4],[4,3,6],[1,4,3],[4,4,3],[4,7,3],[5,7,1],[6,2,6],[6,5,1],[4,5,1],[1,7,2],[6,3,3]]},
     "output":{"Lout":[[4,3,6],[1,4,3],[6,2,6],[4,5,1],[1,7,2],[6,3,3]]},
     "ucase":12},
    {"datain":{"L":[[4,3,1],[4,3,3],[3,4,3],[4,4,1],[3,3,4],[3,3,2],[2,4,3],[1,2,2]]},
     "output":{"Lout":[[4,3,1],[1,2,2]]},
     "ucase":13},
    {"datain":{"L":[[3,3],[1,5],[3,5],[3,4],[2,2],[3,3],[5,1],[3,2],[4,2],[1,2],[5,5]]},
     "output":{"Lout":[[5,1],[1,2]]},
     "ucase":14},
    {"datain":{"L":[[3,2,2],[1,1,1],[3,1,1],[2,2,2],[1,3,3],[2,1,1]]},
     "output":{"Lout":[[1,1,1]]},
     "ucase":15},
    {"datain":{"L":[[1,3],[1,4],[3,1],[2,1],[4,2],[6,5],[4,5],[3,1],[5,5],[2,5],[2,5],[2,6],[6,1]]},
     "output":{"Lout":[[1,3],[2,1]]},
     "ucase":16},
    {"datain":{"L":[[5,5,1],[3,5,4],[3,2,5],[2,3,2],[2,3,2],[1,3,5],[2,5,5],[2,1,3],[2,1,2],[3,5,4],[1,4,3]]},
     "output":{"Lout":[[5,5,1],[1,3,5],[2,1,2],[1,4,3]]},
     "ucase":17},
    {"datain":{"L":[[5,5,4],[5,1,1],[2,5,3],[3,3,4],[2,1,4],[4,3,1],[1,3,4],[2,4,5],[2,1,1],[5,2,1],[5,5,5]]},
     "output":{"Lout":[[1,3,4],[2,1,1]]},
     "ucase":18},
    {"datain":{"L":[[3,5,4],[1,3,5],[2,2,3],[4,3,4],[3,2,1],[5,5,1],[1,5,5],[2,3,4],[2,4,3],[1,5,2],[1,2,5]]},
     "output":{"Lout":[[2,2,3],[3,2,1],[1,5,2],[1,2,5]]},
     "ucase":19},
    {"datain":{"L":[[1,5,2],[6,5,5],[2,5,3],[5,2,1],[6,6,4],[3,1,6],[1,4,6],[5,5,2],[1,2,2],[2,3,1],[1,6,1],[1,1,2],[4,5,4]]},
     "output":{"Lout":[[5,2,1],[2,3,1],[1,6,1],[1,1,2]]},
     "ucase":20},
    {"datain":{"L":[[2,2],[1,2],[1,2],[2,2],[2,1]]},
     "output":{"Lout":[[1,2],[1,2],[2,1]]},
     "ucase":21},
    {"datain":{"L":[[1,1,1],[3,2,2],[2,3,1],[3,2,3],[3,2,2],[1,2,2],[3,1,2]]},
     "output":{"Lout":[[1,1,1]]},
     "ucase":22},
    {"datain":{"L":[[3,2],[4,3],[5,1],[2,6],[2,1],[1,3],[3,6],[2,4],[2,1],[3,5],[6,6],[6,5],[4,6]]},
     "output":{"Lout":[[2,1],[1,3],[2,1]]},
     "ucase":23},
    {"datain":{"L":[[5,4],[4,1],[5,2],[5,3],[1,5],[4,1],[5,4],[5,2],[5,4],[4,1]]},
     "output":{"Lout":[[4,1],[1,5],[4,1],[4,1]]},
     "ucase":24},
    {"datain":{"L":[[1,4],[3,4],[5,4],[5,6],[5,4],[5,5],[4,1],[2,3],[6,5],[4,2],[1,1],[3,4]]},
     "output":{"Lout":[[1,1]]},
     "ucase":25},
    {"datain":{"L":[[2,1,3],[2,2,2],[3,3,2],[3,3,2],[3,1,2],[3,1,3],[1,3,3]]},
     "output":{"Lout":[[2,1,3],[2,2,2],[3,1,2],[1,3,3]]},
     "ucase":26},
    {"datain":{"L":[[7,1,7],[5,1,2],[1,1,7],[3,5,5],[7,4,5],[1,2,6],[1,4,5],[4,5,3],[6,5,1],[6,1,3],[3,6,5],[6,4,2],[5,3,3],[7,7,4]]},
     "output":{"Lout":[[5,1,2],[1,1,7],[1,2,6],[1,4,5],[4,5,3],[6,5,1]]},
     "ucase":27},
    {"datain":{"L":[[4,2,1],[2,2,3],[1,4,3],[3,4,4],[2,4,3],[4,1,1],[2,4,3],[2,1,2],[4,4,2]]},
     "output":{"Lout":[[1,4,3],[4,1,1],[2,1,2]]},
     "ucase":28},
    {"datain":{"L":[[2,1],[1,1],[1,2],[1,2],[2,2]]},
     "output":{"Lout":[[1,1]]},
     "ucase":29},
    {"datain":{"L":[[4,2,2],[1,5,2],[3,1,3],[1,4,4],[4,3,2],[2,2,2],[2,2,3],[4,3,5],[4,5,5],[5,1,1]]},
     "output":{"Lout":[[1,5,2],[3,1,3],[1,4,4],[2,2,2],[5,1,1]]},
     "ucase":30},
    {"datain":{"L":[[6,7],[2,6],[1,7],[7,4],[6,7],[6,1],[5,7],[4,2],[7,5],[5,3],[4,4],[5,3],[6,1],[1,1]]},
     "output":{"Lout":[[1,1]]},
     "ucase":31},
    {"datain":{"L":[[1,5],[1,6],[5,4],[5,4],[3,6],[5,6],[5,1],[5,4],[2,2],[2,2],[1,2],[2,4],[4,3]]},
     "output":{"Lout":[[5,1],[1,2]]},
     "ucase":32},
    {"datain":{"L":[[2,2,1],[4,2,2],[4,2,4],[3,3,2],[4,4,1],[4,3,2],[2,1,2],[4,1,2],[2,4,2]]},
     "output":{"Lout":[[2,2,1],[2,1,2]]},
     "ucase":33},
    {"datain":{"L":[[2,3,1],[1,3,1],[3,1,2],[5,5,2],[3,5,1],[3,5,1],[3,4,2],[3,2,2],[2,2,5],[2,2,2]]},
     "output":{"Lout":[[1,3,1],[3,1,2],[2,2,2]]},
     "ucase":34},
    {"datain":{"L":[[5,4,7],[4,3,2],[1,1,2],[7,1,5],[3,3,6],[4,5,7],[5,3,6],[4,1,2],[2,3,7],[1,2,2],[4,7,5],[1,7,3],[5,4,2],[4,1,2]]},
     "output":{"Lout":[[1,1,2]]},
     "ucase":35},
    {"datain":{"L":[[3,5],[4,6],[6,4],[5,5],[5,4],[2,4],[3,4],[3,6],[4,1],[6,6],[6,5],[1,3],[6,3]]},
     "output":{"Lout":[[4,1],[1,3]]},
     "ucase":36},
    {"datain":{"L":[[6,3],[3,2],[2,2],[2,5],[4,1],[5,5],[4,5],[1,6],[6,4],[1,2],[5,4],[4,3],[3,3]]},
     "output":{"Lout":[[4,1],[1,2]]},
     "ucase":37},
    {"datain":{"L":[[2,1,1],[1,1,1],[2,1,1],[2,1,2],[2,1,2]]},
     "output":{"Lout":[[1,1,1]]},
     "ucase":38},
    {"datain":{"L":[[1,3],[2,1],[3,1],[2,2],[2,1],[1,1]]},
     "output":{"Lout":[[1,1]]},
     "ucase":39},
    {"datain":{"L":[[4,5],[6,5],[3,4],[6,4],[2,1],[5,1],[2,3],[2,2],[5,3],[1,5],[1,4],[4,6],[2,1]]},
     "output":{"Lout":[[2,1],[1,4],[2,1]]},
     "ucase":40},
    {"datain":{"L":[[1,2],[2,1],[1,2],[2,2],[1,2]]},
     "output":{"Lout":[[1,2],[2,1],[1,2],[1,2]]},
     "ucase":41},
    {"datain":{"L":[[2,2,1],[1,3,2],[1,2,1],[2,2,1],[2,3,2],[3,1,1]]},
     "output":{"Lout":[[1,2,1],[3,1,1]]},
     "ucase":42},
    {"datain":{"L":[[6,6,2],[3,5,3],[2,6,2],[4,1,4],[2,2,6],[5,5,1],[5,4,4],[4,1,6],[3,2,1],[1,3,1],[5,6,1],[6,4,6]]},
     "output":{"Lout":[[4,1,4],[2,2,6],[3,2,1],[1,3,1]]},
     "ucase":43},
    {"datain":{"L":[[4,4,1],[5,1,5],[3,5,4],[1,1,3],[3,2,5],[3,2,1],[5,3,4],[4,1,5],[3,1,4],[2,5,5]]},
     "output":{"Lout":[[1,1,3],[3,2,1]]},
     "ucase":44},
    {"datain":{"L":[[2,1,2],[3,1,1],[1,1,2],[3,1,1],[2,1,3],[2,1,3],[1,3,3]]},
     "output":{"Lout":[[3,1,1],[1,1,2],[3,1,1]]},
     "ucase":45},
    {"datain":{"L":[[3,1,1],[4,2,4],[3,3,2],[4,2,2],[2,4,4],[1,2,2],[2,4,4],[1,4,1],[3,1,4]]},
     "output":{"Lout":[[3,1,1],[1,2,2],[1,4,1]]},
     "ucase":46},
    {"datain":{"L":[[3,6],[2,6],[4,2],[4,5],[2,4],[1,6],[1,6],[4,3],[2,2],[3,4],[4,4],[6,2]]},
     "output":{"Lout":[[1,6],[1,6],[2,2]]},
     "ucase":47},
    {"datain":{"L":[[1,4,4],[5,1,3],[2,6,1],[6,2,1],[1,2,6],[4,2,3],[6,5,3],[4,3,2],[6,1,2],[6,2,3],[5,3,3],[6,6,2],[1,6,2]]},
     "output":{"Lout":[[1,4,4],[5,1,3],[2,6,1],[6,2,1],[1,2,6],[4,2,3],[4,3,2],[6,1,2],[1,6,2]]},
     "ucase":48},
    {"datain":{"L":[[2,6],[1,7],[5,5],[7,6],[7,2],[7,7],[1,1],[6,1],[6,7],[2,4],[7,4],[5,2],[7,6],[3,2]]},
     "output":{"Lout":[[1,1]]},
     "ucase":49},
    {"datain":{"L":[[5,3,5],[5,6,3],[1,6,6],[6,1,3],[3,1,1],[6,2,5],[2,1,3],[1,5,6],[1,5,3],[3,6,1],[3,5,2],[5,4,5]]},
     "output":{"Lout":[[3,1,1],[2,1,3],[1,5,3]]},
     "ucase":50}
]
